title,description,landing_url,portal_id,license,license_source,publisher,tags,vertical_suggested,last_seen_at
1997 Economic Census - All Sectors: Economy-Wide Key Statistics,"The Economic Census is the U.S. Government's official five-year measure of American business and the economy. It is conducted by the U.S. Census Bureau, and response is required by law. In October through December 2012, forms were sent out to nearly 4 million businesses, including large, medium and small companies representing all U.S. locations and industries. Respondents were asked to provide a range of operational and performance data for their companies.",http://api.census.gov/data/id/EWKS1997,data.gov,us-public-domain,inferred-federal,U.S. Census Bureau,"[""census""]",economy-small-business,2026-10-07T21:50:25.833551+00:00
2002 Economic Census - All Sectors: Economy-Wide Key Statistics,"The Economic Census is the U.S. Government's official five-year measure of American business and the economy. It is conducted by the U.S. Census Bureau, and response is required by law. In October through December 2012, forms were sent out to nearly 4 million businesses, including large, medium and small companies representing all U.S. locations and industries. Respondents were asked to provide a range of operational and performance data for their companies.",http://api.census.gov/data/id/EWKS2002,data.gov,us-public-domain,inferred-federal,U.S. Census Bureau,"[""census""]",economy-small-business,2026-10-07T21:50:25.833551+00:00
2007 Economic Census - All Sectors: Economy-Wide Key Statistics,"The Economic Census is the U.S. Government's official five-year measure of American business and the economy. It is conducted by the U.S. Census Bureau, and response is required by law. In October through December 2012, forms were sent out to nearly 4 million businesses, including large, medium and small companies representing all U.S. locations and industries. Respondents were asked to provide a range of operational and performance data for their companies.",http://api.census.gov/data/id/EconCensusEWKS2007,data.gov,us-public-domain,inferred-federal,U.S. Census Bureau,"[""census""]",economy-small-business,2026-10-07T21:50:25.833551+00:00
2012 Economic Census - All Sectors: Economy-Wide Key Statistics,"The Economic Census is the U.S. Government's official five-year measure of American business and the economy. It is conducted by the U.S. Census Bureau, and response is required by law. In October through December 2012, forms were sent out to nearly 4 million businesses, including large, medium and small companies representing all U.S. locations and industries. Respondents were asked to provide a range of operational and performance data for their companies.",http://api.census.gov/data/id/EWKS2012,data.gov,us-public-domain,inferred-federal,U.S. Census Bureau,"[""census""]",economy-small-business,2026-10-07T21:50:25.833551+00:00
2012 Economic Census - Economic Census Exported Services Data,"The Economic Census is the U.S. Government's official five-year measure of American business and the economy. It is conducted by the U.S. Census Bureau, and response is required by law. In October through December of the census year, forms are sent out to nearly 4 million businesses, including large, medium and small companies representing all U.S. locations and industries. Respondents were asked to provide a range of operational and performance data for their companies.This dataset presents data for exported services for selected industries.",https://api.census.gov/data/id/ECNEXPSVC2012,data.gov,us-public-domain,inferred-federal,U.S. Census Bureau,"[""census""]",economy-small-business,2026-10-07T21:50:25.833551+00:00
2012 Economic Census - Economic Census US Economic Class of Customer,"The Economic Census is the U.S. Government's official five-year measure of American business and the economy. It is conducted by the U.S. Census Bureau, and response is required by law. In October through December of the census year, forms are sent out to nearly 4 million businesses, including large, medium and small companies representing all U.S. locations and industries. Respondents were asked to provide a range of operational and performance data for their companies.This dataset presents data for a variety of industry-specific topics for establishments of firms with payroll.  Presentation of data varies by kind of business.",https://api.census.gov/data/id/ECNCLCUST2012,data.gov,us-public-domain,inferred-federal,U.S. Census Bureau,"[""census""]",economy-small-business,2026-10-07T21:50:25.833551+00:00
2012 Economic Census - Economic Census US Economic Data by Size Category,"The Economic Census is the U.S. Government's official five-year measure of American business and the economy. It is conducted by the U.S. Census Bureau, and response is required by law. In October through December of the census year, forms are sent out to nearly 4 million businesses, including large, medium and small companies representing all U.S. locations and industries. Respondents were asked to provide a range of operational and performance data for their companies.",https://api.census.gov/data/id/ECNSIZE2012,data.gov,us-public-domain,inferred-federal,U.S. Census Bureau,"[""census""]",economy-small-business,2026-10-07T21:50:25.833551+00:00
Advance U.S. International Trade in Goods,"The U.S. Census Bureau's economic indicator surveys provide monthly and quarterly data that are timely, reliable, and offer comprehensive measures of the U.S. economy. These surveys produce a variety of statistics covering construction, housing, international trade, retail trade, wholesale trade, services and manufacturing. The survey data provide measures of economic activity that allow analysis of economic performance and inform business investment and policy decisions. Other data included, which are not considered principal economic indicators, are the Quarterly Summary of State & Local Taxes, Quarterly Survey of Public Pensions, and the Manufactured Homes Survey. For information on the reliability and use of the data, including important notes on estimation and sampling variance, seasonal adjustment, measures of sampling variability, and other information pertinent to the economic indicators, visit the individual programs' webpages - http://www.census.gov/cgi-bin/briefroom/BriefRm.",http://api.census.gov/data/id/EITSFTDADV,data.gov,us-public-domain,inferred-federal,U.S. Census Bureau,"[""census""]",economy-small-business,2026-10-07T21:50:25.833551+00:00
"Cost-effectiveness of sagebrush restoration across the sagebrush biome, 30 years after two seeding treatment applications, and associated model data","This data release contains a formatted dataset with mean and standard deviation of effectiveness-cost ratios for aerial or drill seeding sagebrush (Artemisia spp.), at the cost estimate of 100, 1,000, and 5,000 acre treatments, and associated environmental conditions from across the sagebrush biome. With these data, we modeled the influence of environmental conditions on cost-effectiveness using generalized additive models. We also created maps for mean effectiveness-cost (EC) ratios at the cost estimate for a 5,000 acre treatment for either sagebrush cover (cEC) or recovery probability (pEC) 30 years following a hypothetical wildfire (relative to no treatment). We also provide maps for uncertainty in cost-effectiveness for each seeding treatment.
Across the western United States, disturbances such as wildfire, drought, and invasive species have reduced and degraded the biome dominated by sagebrush. How to prioritize limited funds for restoration requires spatially-explicit information on both effectiveness and costs of potential treatments. Understanding mechanisms associated with cost-effectiveness across this vast landscape can also guide land use and improve restoration efficiency and effectiveness.
Files included in this data release:
formatted_pixel_data_[state].csv – compiled and formatted datasets for effectiveness-cost ratios and associated environmental variables, by state (CA, CO, ID, MT, ND SD NE [combined], NVa, NVb, OR, UT, WA, WYa,and WYb). Two states (NV and WY) were split due to their file sizes.
We also provide rasters in separate child items:
cEC_mean_aerial_5k.tif – mean effectiveness-cost ratio of sagebrush cover from aerial seeding Artemisia spp. at the cost estimate for 5,000 acres
cEC_sd_aerial_5k.tif – error (standard deviation) in effectiveness-cost ratio of sagebrush cover from aerial seeding Artemisia spp. at the cost estimate for 5,000 acres
cEC_mean_drill_5k.tif – mean effectiveness-cost ratio of sagebrush cover from drill seeding Artemisia spp. at the cost estimate for 5,000 acres
cEC_sd_drill_5k.tif – error (standard deviation) in effectiveness-cost ratio of sagebrush cover from drill seeding Artemisia spp. at the cost estimate for 5,000 acres
pEC_mean_aerial_5k.tif – mean effectiveness-cost ratio of recovery probability from aerial seeding Artemisia spp. at the cost estimate for 5,000 acres
pEC_sd_aerial_5k.tif – error (standard deviation) in effectiveness-cost ratio of recovery probability from aerial seeding Artemisia spp. at the cost estimate for 5,000 acres
pEC_mean_drill_5k.tif – mean effectiveness-cost ratio of recovery probability from drill seeding Artemisia spp. at the cost estimate for 5,000 acres
pEC_sd_drill_5k.tif – error (standard deviation) in effectiveness-cost ratio of recovery probability from drill seeding Artemisia spp. at the cost estimate for 5,000 acres
Included with each .tif file is a service definition (.sd) file which is only viewable in ArcGIS Online (AGOL) (see Spatial Services on the child item page for tile service link).",http://datainventory.doi.gov/id/dataset/USGS_698fa43eb66b01ea6aa3645e,data.gov,us-public-domain,inferred-federal,U.S. Geological Survey,"[""California"", ""Colorado"", ""Great Basin"", ""Idaho"", ""Montana"", ""Nebraska"", ""Nevada"", ""North Dakota"", ""Oregon"", ""South Dakota"", ""USGS:698fa43eb66b01ea6aa3645e"", ""United States"", ""Utah"", ""Washington"", ""Wyoming"", ""biota"", ""business and economics"", ""economy"", ""ecosystem resilience"", ""fires"", ""habitat alteration and disturbance"", ""long-term ecological monitoring"", ""plants (organisms)"", ""remediation"", ""remote sensing"", ""soil moisture"", ""spatial analysis""]",economy-small-business,2026-10-07T21:50:25.833551+00:00
Economic Census: Core Statistics: US Industry Product Data,"The Economic Census is the U.S. Government's official five-year measure of American business and the economy. It is conducted by the U.S. Census Bureau, and response is required by law. In October through December of the census year, forms are sent out to nearly 4 million businesses, including large, medium and small companies representing all U.S. locations and industries. Respondents were asked to provide a range of operational and performance data for their companies. This dataset presents company, establishments, value of shipments, value of product shipments, percentage of product shipments of the total value of shipments, and percentage of distribution of value of product shipments.",https://api.census.gov/data/id/ECNIPA2012,data.gov,us-public-domain,inferred-federal,U.S. Census Bureau,"[""census""]",economy-small-business,2026-10-07T21:50:25.833551+00:00
Economic Census: Economic Census of the United States: Economic Census US Lines Data,"The Economic Census is the U.S. Government's official five-year measure of American business and the economy. It is conducted by the U.S. Census Bureau, and response is required by law. In October through December of the census year, forms are sent out to nearly 4 million businesses, including large, medium and small companies representing all U.S. locations and industries. Respondents were asked to provide a range of operational and performance data for their companies.This dataset presents data on major categories of products sold/services rendered for establishments of firms with payroll by kind of business.",https://api.census.gov/data/id/ECNLINES2012,data.gov,us-public-domain,inferred-federal,U.S. Census Bureau,"[""census""]",economy-small-business,2026-10-07T21:50:25.833551+00:00
"Error (standard deviation) in effectiveness-cost ratio of recovery probability from aerial seeding Artemisia spp. (pEC) at the cost estimate for 5,000 acres","This data release contains a formatted dataset with mean and standard deviation of effectiveness-cost ratios for aerial or drill seeding sagebrush (Artemisia spp.), at the cost estimate of 100, 1,000, and 5,000 acre treatments, and associated environmental conditions from across the sagebrush biome. With these data, we modeled the influence of environmental conditions on cost-effectiveness using generalized additive models. We also created maps for mean effectiveness-cost (EC) ratios at the cost estimate for a 5,000 acre treatment for either sagebrush cover (cEC) or recovery probability (pEC) 30 years following a hypothetical wildfire (relative to no treatment). We also provide maps for uncertainty in cost-effectiveness for each seeding treatment.
Across the western United States, disturbances such as wildfire, drought, and invasive species have reduced and degraded the biome dominated by sagebrush. How to prioritize limited funds for restoration requires spatially-explicit information on both effectiveness and costs of potential treatments. Understanding mechanisms associated with cost-effectiveness across this vast landscape can also guide land use and improve restoration efficiency and effectiveness.
Files included in this data release:
pEC_sd_aerial_5k.tif – error (standard deviation) in effectiveness-cost ratio of recovery probability from aerial seeding Artemisia spp. at the cost estimate for 5,000 acres
Included with each .tif file is a service definition (.sd) file which is only viewable in ArcGIS Online (AGOL) (see Spatial Services on the child item page for tile service link).",http://datainventory.doi.gov/id/dataset/USGS_6a57b04a1ba49b33d93d859f,data.gov,us-public-domain,inferred-federal,U.S. Geological Survey,"[""California"", ""Colorado"", ""Great Basin"", ""Idaho"", ""Montana"", ""Nebraska"", ""Nevada"", ""North Dakota"", ""Oregon"", ""South Dakota"", ""USGS:6a57b04a1ba49b33d93d859f"", ""United States"", ""Utah"", ""Washington"", ""Wyoming"", ""biota"", ""business and economics"", ""economy"", ""ecosystem resilience"", ""fires"", ""habitat alteration and disturbance"", ""long-term ecological monitoring"", ""plants (organisms)"", ""remediation"", ""remote sensing"", ""soil moisture"", ""spatial analysis""]",economy-small-business,2026-10-07T21:50:25.833551+00:00
"Error (standard deviation) in effectiveness-cost ratio of recovery probability from drill seeding Artemisia spp. (pEC) at the cost estimate for 5,000 acres","This data release contains a formatted dataset with mean and standard deviation of effectiveness-cost ratios for aerial or drill seeding sagebrush (Artemisia spp.), at the cost estimate of 100, 1,000, and 5,000 acre treatments, and associated environmental conditions from across the sagebrush biome. With these data, we modeled the influence of environmental conditions on cost-effectiveness using generalized additive models. We also created maps for mean effectiveness-cost (EC) ratios at the cost estimate for a 5,000 acre treatment for either sagebrush cover (cEC) or recovery probability (pEC) 30 years following a hypothetical wildfire (relative to no treatment). We also provide maps for uncertainty in cost-effectiveness for each seeding treatment.
Across the western United States, disturbances such as wildfire, drought, and invasive species have reduced and degraded the biome dominated by sagebrush. How to prioritize limited funds for restoration requires spatially-explicit information on both effectiveness and costs of potential treatments. Understanding mechanisms associated with cost-effectiveness across this vast landscape can also guide land use and improve restoration efficiency and effectiveness.
Files included in this data release:
pEC_sd_drill_5k.tif – error (standard deviation) in effectiveness-cost ratio of recovery probability from drill seeding Artemisia spp. at the cost estimate for 5,000 acres
Included with each .tif file is a service definition (.sd) file which is only viewable in ArcGIS Online (AGOL) (see Spatial Services on the child item page for tile service link).",http://datainventory.doi.gov/id/dataset/USGS_6a57b6ed1ba49b33d93d85e2,data.gov,us-public-domain,inferred-federal,U.S. Geological Survey,"[""California"", ""Colorado"", ""Great Basin"", ""Idaho"", ""Montana"", ""Nebraska"", ""Nevada"", ""North Dakota"", ""Oregon"", ""South Dakota"", ""USGS:6a57b6ed1ba49b33d93d85e2"", ""United States"", ""Utah"", ""Washington"", ""Wyoming"", ""biota"", ""business and economics"", ""economy"", ""ecosystem resilience"", ""fires"", ""habitat alteration and disturbance"", ""long-term ecological monitoring"", ""plants (organisms)"", ""remediation"", ""remote sensing"", ""soil moisture"", ""spatial analysis""]",economy-small-business,2026-10-07T21:50:25.833551+00:00
"Error (standard deviation) in effectiveness-cost ratio of sagebrush cover from aerial seeding Artemisia spp. (cEC) at the cost estimate for 5,000 acres","This data release contains a formatted dataset with mean and standard deviation of effectiveness-cost ratios for aerial or drill seeding sagebrush (Artemisia spp.), at the cost estimate of 100, 1,000, and 5,000 acre treatments, and associated environmental conditions from across the sagebrush biome. With these data, we modeled the influence of environmental conditions on cost-effectiveness using generalized additive models. We also created maps for mean effectiveness-cost (EC) ratios at the cost estimate for a 5,000 acre treatment for either sagebrush cover (cEC) or recovery probability (pEC) 30 years following a hypothetical wildfire (relative to no treatment). We also provide maps for uncertainty in cost-effectiveness for each seeding treatment.
Across the western United States, disturbances such as wildfire, drought, and invasive species have reduced and degraded the biome dominated by sagebrush. How to prioritize limited funds for restoration requires spatially-explicit information on both effectiveness and costs of potential treatments. Understanding mechanisms associated with cost-effectiveness across this vast landscape can also guide land use and improve restoration efficiency and effectiveness.
File included in this child item:
cEC_sd_aerial_5k.tif – error (standard deviation) in effectiveness-cost ratio of sagebrush cover from aerial seeding Artemisia spp. at the cost estimate for 5,000 acres
Included with each .tif file is a service definition (.sd) file which is only viewable in ArcGIS Online (AGOL) (see Spatial Services on the child item page for tile service link).",http://datainventory.doi.gov/id/dataset/USGS_6a57a0971ba49b33d93d84a9,data.gov,us-public-domain,inferred-federal,U.S. Geological Survey,"[""California"", ""Colorado"", ""Great Basin"", ""Idaho"", ""Montana"", ""Nebraska"", ""Nevada"", ""North Dakota"", ""Oregon"", ""South Dakota"", ""USGS:6a57a0971ba49b33d93d84a9"", ""United States"", ""Utah"", ""Washington"", ""Wyoming"", ""biota"", ""business and economics"", ""economy"", ""ecosystem resilience"", ""fires"", ""habitat alteration and disturbance"", ""long-term ecological monitoring"", ""plants (organisms)"", ""remediation"", ""remote sensing"", ""soil moisture"", ""spatial analysis""]",economy-small-business,2026-10-07T21:50:25.833551+00:00
"Error (standard deviation) in effectiveness-cost ratio of sagebrush cover from drill seeding Artemisia spp. (cEC) at the cost estimate for 5,000 acres","This data release contains a formatted dataset with mean and standard deviation of effectiveness-cost ratios for aerial or drill seeding sagebrush (Artemisia spp.), at the cost estimate of 100, 1,000, and 5,000 acre treatments, and associated environmental conditions from across the sagebrush biome. With these data, we modeled the influence of environmental conditions on cost-effectiveness using generalized additive models. We also created maps for mean effectiveness-cost (EC) ratios at the cost estimate for a 5,000 acre treatment for either sagebrush cover (cEC) or recovery probability (pEC) 30 years following a hypothetical wildfire (relative to no treatment). We also provide maps for uncertainty in cost-effectiveness for each seeding treatment.
Across the western United States, disturbances such as wildfire, drought, and invasive species have reduced and degraded the biome dominated by sagebrush. How to prioritize limited funds for restoration requires spatially-explicit information on both effectiveness and costs of potential treatments. Understanding mechanisms associated with cost-effectiveness across this vast landscape can also guide land use and improve restoration efficiency and effectiveness.
File included in this child item:
cEC_sd_drill_5k.tif – error (standard deviation) in effectiveness-cost ratio of sagebrush cover from drill seeding Artemisia spp. at the cost estimate for 5,000 acres
Included with each .tif file is a service definition (.sd) file which is only viewable in ArcGIS Online (AGOL) (see Spatial Services on the child item page for tile service link).",http://datainventory.doi.gov/id/dataset/USGS_6a57a8041ba49b33d93d8547,data.gov,us-public-domain,inferred-federal,U.S. Geological Survey,"[""California"", ""Colorado"", ""Great Basin"", ""Idaho"", ""Montana"", ""Nebraska"", ""Nevada"", ""North Dakota"", ""Oregon"", ""South Dakota"", ""USGS:6a57a8041ba49b33d93d8547"", ""United States"", ""Utah"", ""Washington"", ""Wyoming"", ""biota"", ""business and economics"", ""economy"", ""ecosystem resilience"", ""fires"", ""habitat alteration and disturbance"", ""long-term ecological monitoring"", ""plants (organisms)"", ""remediation"", ""remote sensing"", ""soil moisture"", ""spatial analysis""]",economy-small-business,2026-10-07T21:50:25.833551+00:00
"Global Population Projection Grids Based on Shared Socioeconomic Pathways (SSPs), Downscaled 1-km Grids, 2010-2100","The Global Population Projection Grids Based on Shared Socioeconomic Pathways (SSPs), Downscaled 1-km Grids, 2010-2100 consists of global spatial population projections at a resolution of 1-km (about 30 arc-seconds) for urban, rural, and total population, and at ten-year intervals for 2010-2100. The projections are consistent both quantitatively and qualitatively with the Shared Socioeconomic Pathways (SSPs). This data set is a downscaled version of the Global Population Projection Grids Based on SSPs, v1 (2010-2100), published in Jones and O'Neill (2016). The downscaling methods were published in Gao (2017). Spatial demographic projections are key inputs for the analysis of land use, energy use, and emissions, as well as for the assessment of climate change vulnerability, impacts, and adaptation. The SSPs are developed to support future climate and global change research and the Intergovernmental Panel on Climate Change (IPCC) Sixth Assessment Report (AR6). This data set is distributed in GeoTIFF and netCDF formats.",https://catalog.data.gov/dataset/global-population-projection-grids-based-on-shared-socioeconomic-pathways-ssps-d-2010-2100,data.gov,us-public-domain,inferred-federal,ESDIS,"[""earth-science-population-human-dimensions-population-estimates"", ""earth-science-socioeconomics-human-dimensions""]",economy-small-business,2026-10-07T21:50:20.359650+00:00
"Hydro-Economic model used to simulate future withdrawal scenarios in the Harney Basin, southeastern Oregon","A hydro-economic model was developed by coupling a three-dimensional groundwater flow model of the Harney Basin, southeastern Oregon (using MODFLOW 6) with a hedonic agricultural economic model. The hydro-economic model was used to investigate a set of hypothetical future scenarios having different groundwater pumpage conditions. The model looked at conditions 30 years beyond the 2018 conditions at the end of the HBGM transient simulation. This USGS data release contains all of the input and output files and needed Python scripts and JuPyter Notebooks for the simulations described in the associated journal article (https://doi.org/10.1029/2024WRXXXX)",http://datainventory.doi.gov/id/dataset/USGS_65b3ea2fd34e36a390458a96,data.gov,us-public-domain,inferred-federal,U.S. Geological Survey,"[""Burns"", ""Groundwater Model"", ""Harney Basin"", ""Harney County"", ""InlandWaters"", ""MODFLOW-6"", ""Oregon"", ""Python"", ""USGS:65b3ea2fd34e36a390458a96"", ""business and economics"", ""economy"", ""environment"", ""geoscientificInformation"", ""inlandWaters"", ""usgsgroundwatermodel""]",economy-small-business,2026-10-07T21:50:25.833551+00:00
"Mean effectiveness-cost ratio for sagebrush cover 30 years after aerial seeding Artemisia spp. (cEC) at the cost estimate for 5,000 acres","This data release contains a formatted dataset with mean and standard deviation of effectiveness-cost ratios for aerial or drill seeding sagebrush (Artemisia spp.), at the cost estimate of 100, 1,000, and 5,000 acre treatments, and associated environmental conditions from across the sagebrush biome. With these data, we modeled the influence of environmental conditions on cost-effectiveness using generalized additive models. We also created maps for mean effectiveness-cost (EC) ratios at the cost estimate for a 5,000 acre treatment for either sagebrush cover (cEC) or recovery probability (pEC) 30 years following a hypothetical wildfire (relative to no treatment). We also provide maps for uncertainty in cost-effectiveness for each seeding treatment.
Across the western United States, disturbances such as wildfire, drought, and invasive species have reduced and degraded the biome dominated by sagebrush. How to prioritize limited funds for restoration requires spatially-explicit information on both effectiveness and costs of potential treatments. Understanding mechanisms associated with cost-effectiveness across this vast landscape can also guide land use and improve restoration efficiency and effectiveness.
File included in this child item:
cEC_mean_aerial_5k.tif – mean effectiveness-cost ratio of sagebrush cover from aerial seeding Artemisia spp. at the cost estimate for 5,000 acres
Included with each .tif file is a service definition (.sd) file which is only viewable in ArcGIS Online (AGOL) (see Spatial Services on the child item page for tile service link).",http://datainventory.doi.gov/id/dataset/USGS_6a5674bc1ba49bc3f31620de,data.gov,us-public-domain,inferred-federal,U.S. Geological Survey,"[""California"", ""Colorado"", ""Great Basin"", ""Idaho"", ""Montana"", ""Nebraska"", ""Nevada"", ""North Dakota"", ""Oregon"", ""South Dakota"", ""USGS:6a5674bc1ba49bc3f31620de"", ""United States"", ""Utah"", ""Washington"", ""Wyoming"", ""biota"", ""business and economics"", ""economy"", ""ecosystem resilience"", ""fires"", ""habitat alteration and disturbance"", ""long-term ecological monitoring"", ""plants (organisms)"", ""remediation"", ""remote sensing"", ""soil moisture"", ""spatial analysis""]",economy-small-business,2026-10-07T21:50:25.833551+00:00
"Mean effectiveness-cost ratio for sagebrush cover 30 years after drill seeding Artemisia spp. (cEC) at the cost estimate for 5,000 acres","This data release contains a formatted dataset with mean and standard deviation of effectiveness-cost ratios for aerial or drill seeding sagebrush (Artemisia spp.), at the cost estimate of 100, 1,000, and 5,000 acre treatments, and associated environmental conditions from across the sagebrush biome. With these data, we modeled the influence of environmental conditions on cost-effectiveness using generalized additive models. We also created maps for mean effectiveness-cost (EC) ratios at the cost estimate for a 5,000 acre treatment for either sagebrush cover (cEC) or recovery probability (pEC) 30 years following a hypothetical wildfire (relative to no treatment). We also provide maps for uncertainty in cost-effectiveness for each seeding treatment.
Across the western United States, disturbances such as wildfire, drought, and invasive species have reduced and degraded the biome dominated by sagebrush. How to prioritize limited funds for restoration requires spatially-explicit information on both effectiveness and costs of potential treatments. Understanding mechanisms associated with cost-effectiveness across this vast landscape can also guide land use and improve restoration efficiency and effectiveness.
File included in this child item:
cEC_mean_drill_5k.tif – mean effectiveness-cost ratio of sagebrush cover from drill seeding Artemisia spp. at the cost estimate for 5,000 acres
Included with each .tif file is a service definition (.sd) file which is only viewable in ArcGIS Online (AGOL) (see Spatial Services on the child item page for tile service link).",http://datainventory.doi.gov/id/dataset/USGS_6a579e711ba49b33d93d848f,data.gov,us-public-domain,inferred-federal,U.S. Geological Survey,"[""California"", ""Colorado"", ""Great Basin"", ""Idaho"", ""Montana"", ""Nebraska"", ""Nevada"", ""North Dakota"", ""Oregon"", ""South Dakota"", ""USGS:6a579e711ba49b33d93d848f"", ""United States"", ""Utah"", ""Washington"", ""Wyoming"", ""biota"", ""business and economics"", ""economy"", ""ecosystem resilience"", ""fires"", ""habitat alteration and disturbance"", ""long-term ecological monitoring"", ""plants (organisms)"", ""remediation"", ""remote sensing"", ""soil moisture"", ""spatial analysis""]",economy-small-business,2026-10-07T21:50:25.833551+00:00
"Mean effectiveness-cost ratio of recovery probability from aerial seeding Artemisia spp. (pEC) at the cost estimate for 5,000 acres","This data release contains a formatted dataset with mean and standard deviation of effectiveness-cost ratios for aerial or drill seeding sagebrush (Artemisia spp.), at the cost estimate of 100, 1,000, and 5,000 acre treatments, and associated environmental conditions from across the sagebrush biome. With these data, we modeled the influence of environmental conditions on cost-effectiveness using generalized additive models. We also created maps for mean effectiveness-cost (EC) ratios at the cost estimate for a 5,000 acre treatment for either sagebrush cover (cEC) or recovery probability (pEC) 30 years following a hypothetical wildfire (relative to no treatment). We also provide maps for uncertainty in cost-effectiveness for each seeding treatment.
Across the western United States, disturbances such as wildfire, drought, and invasive species have reduced and degraded the biome dominated by sagebrush. How to prioritize limited funds for restoration requires spatially-explicit information on both effectiveness and costs of potential treatments. Understanding mechanisms associated with cost-effectiveness across this vast landscape can also guide land use and improve restoration efficiency and effectiveness.
Files included in this data release:
pEC_mean_aerial_5k.tif – mean effectiveness-cost ratio of recovery probability from aerial seeding Artemisia spp. at the cost estimate for 5,000 acres
Included with each .tif file is a service definition (.sd) file which is only viewable in ArcGIS Online (AGOL) (see Spatial Services on the child item page for tile service link).",http://datainventory.doi.gov/id/dataset/USGS_6a57a98c1ba49b33d93d8555,data.gov,us-public-domain,inferred-federal,U.S. Geological Survey,"[""California"", ""Colorado"", ""Great Basin"", ""Idaho"", ""Montana"", ""Nebraska"", ""Nevada"", ""North Dakota"", ""Oregon"", ""South Dakota"", ""USGS:6a57a98c1ba49b33d93d8555"", ""United States"", ""Utah"", ""Washington"", ""Wyoming"", ""biota"", ""business and economics"", ""economy"", ""ecosystem resilience"", ""fires"", ""habitat alteration and disturbance"", ""long-term ecological monitoring"", ""plants (organisms)"", ""remediation"", ""remote sensing"", ""soil moisture"", ""spatial analysis""]",economy-small-business,2026-10-07T21:50:25.833551+00:00
"Mean effectiveness-cost ratio of recovery probability from drill seeding Artemisia spp. (pEC) at the cost estimate for 5,000 acres","This data release contains a formatted dataset with mean and standard deviation of effectiveness-cost ratios for aerial or drill seeding sagebrush (Artemisia spp.), at the cost estimate of 100, 1,000, and 5,000 acre treatments, and associated environmental conditions from across the sagebrush biome. With these data, we modeled the influence of environmental conditions on cost-effectiveness using generalized additive models. We also created maps for mean effectiveness-cost (EC) ratios at the cost estimate for a 5,000 acre treatment for either sagebrush cover (cEC) or recovery probability (pEC) 30 years following a hypothetical wildfire (relative to no treatment). We also provide maps for uncertainty in cost-effectiveness for each seeding treatment.
Across the western United States, disturbances such as wildfire, drought, and invasive species have reduced and degraded the biome dominated by sagebrush. How to prioritize limited funds for restoration requires spatially-explicit information on both effectiveness and costs of potential treatments. Understanding mechanisms associated with cost-effectiveness across this vast landscape can also guide land use and improve restoration efficiency and effectiveness.
Files included in this data release:
pEC_mean_drill_5k.tif – mean effectiveness-cost ratio of recovery probability from drill seeding Artemisia spp. at the cost estimate for 5,000 acres
Included with each .tif file is a service definition (.sd) file which is only viewable in ArcGIS Online (AGOL) (see Spatial Services on the child item page for tile service link).",http://datainventory.doi.gov/id/dataset/USGS_6a57ad6c1ba49b33d93d857c,data.gov,us-public-domain,inferred-federal,U.S. Geological Survey,"[""California"", ""Colorado"", ""Great Basin"", ""Idaho"", ""Montana"", ""Nebraska"", ""Nevada"", ""North Dakota"", ""Oregon"", ""South Dakota"", ""USGS:6a57ad6c1ba49b33d93d857c"", ""United States"", ""Utah"", ""Washington"", ""Wyoming"", ""biota"", ""business and economics"", ""economy"", ""ecosystem resilience"", ""fires"", ""habitat alteration and disturbance"", ""long-term ecological monitoring"", ""plants (organisms)"", ""remediation"", ""remote sensing"", ""soil moisture"", ""spatial analysis""]",economy-small-business,2026-10-07T21:50:25.833551+00:00
Mineral Commodity Summaries 2023 - MINERAL INDUSTRY TRENDS AND SALIENT STATISTICS Data Release,This data release contains the U.S. salient statistics and world production data extracted from the tables and figures of the USGS Mineral Commodity Summaries 2023 that give an overview of the U.S. mineral industry in 2023.,http://datainventory.doi.gov/id/dataset/USGS_63d31d62d34e06fef1501263,data.gov,us-public-domain,inferred-federal,U.S. Geological Survey,"[""USGS:63d31d62d34e06fef1501263"", ""business and economics"", ""economy"", ""geoscientificInformation"", ""materials flow (commodities)""]",economy-small-business,2026-10-07T21:50:25.833551+00:00
Mineral Commodity Summaries 2024 - MINERAL INDUSTRY TRENDS AND SALIENT STATISTICS Data Release,This data release contains the U.S. salient statistics and world production data extracted from the tables and figures of the USGS Mineral Commodity Summaries 2024 that give an overview of the U.S. mineral industry in 2023.,http://datainventory.doi.gov/id/dataset/USGS_65b93b1cd34e18c6baf2bfaf,data.gov,us-public-domain,inferred-federal,U.S. Geological Survey,"[""USGS:65b93b1cd34e18c6baf2bfaf"", ""business and economics"", ""economy"", ""geoscientificInformation"", ""materials flow (commodities)""]",economy-small-business,2026-10-07T21:50:25.833551+00:00
Mineral Commodity Summaries 2025 - MINERAL INDUSTRY TRENDS AND SALIENT STATISTICS Data Release,This data release contains the U.S. salient statistics and world production data extracted from the tables and figures of the USGS Mineral Commodity Summaries 2025 that give an overview of the U.S. mineral industry in 2024.,http://datainventory.doi.gov/id/dataset/USGS_6798fc89d34ea8c18376e8e7,data.gov,us-public-domain,inferred-federal,U.S. Geological Survey,"[""USGS:6798fc89d34ea8c18376e8e7"", ""business and economics"", ""economy"", ""geoscientificInformation"", ""materials flow (commodities)""]",economy-small-business,2026-10-07T21:50:25.833551+00:00
Mineral Commodity Summaries 2026 - MINERAL INDUSTRY TRENDS AND SALIENT STATISTICS Data Release,This data release contains the U.S. salient statistics and world production data extracted from the tables and figures of the USGS Mineral Commodity Summaries 2026 that give an overview of the U.S. mineral industry in 2025.,http://datainventory.doi.gov/id/dataset/USGS_69837ec8b66b01367d7ec7d9,data.gov,us-public-domain,inferred-federal,U.S. Geological Survey,"[""USGS:69837ec8b66b01367d7ec7d9"", ""business and economics"", ""economy"", ""geoscientificInformation"", ""materials flow (commodities)""]",economy-small-business,2026-10-07T21:50:25.833551+00:00
"Modeled economic value of angling and whitewater recreation on the Colorado River in Glen and Grand Canyons in support of resource impact analysis for Post-2026 reservoir operational alternatives (ver. 2.0, July 2026)","These data were compiled in support of the Post-2026 Operational Guidelines and Strategies for Lake Powell and Lake Mead (Post-2026) Environmental Impact Statement (EIS). These data were compiled to predict economic impacts to angling in Glen Canyon and whitewater rafting in Grand Canyon. The objective of our study was to estimate recreation impacts, or changes in consumer surplus, under different Post-2026 EIS alternatives. These data include monthly impacts in nominal 2025 dollars. These data were created for operations at Glen Canyon Dam for January 2027 through December 2060. These data were created by the U.S. Geological Survey, Southwest Biological Science Center, Grand Canyon Monitoring and Research Center using mathematical modeling methods. In December 2025, we released tabular data representing the Post-2026 EIS alternative predicted economic impacts to angling in Glen Canyon and whitewater rafting in Grand Canyon. In June 2026, we revised the dataset to include a ninth operational strategy under 400 of the 1200 possible hydrological futures.",http://datainventory.doi.gov/id/dataset/USGS_692dfb06d4be025f88dc4584,data.gov,us-public-domain,inferred-federal,U.S. Geological Survey,"[""Arizona"", ""Colorado River"", ""Glen Canyon"", ""Glen Canyon Dam"", ""Grand Canyon"", ""Marble Canyon"", ""USGS:692dfb06d4be025f88dc4584"", ""angling"", ""business and economics"", ""consumer surplus"", ""data release"", ""economic value"", ""economy"", ""freshwater ecosystems"", ""inland fishery resources"", ""inlandWaters"", ""rafting"", ""recreation"", ""recreational fishery resources"", ""regulated river"", ""river systems"", ""sport fishing"", ""whitewater""]",economy-small-business,2026-10-07T21:50:25.833551+00:00
"Modeled sand transport, sandbar volumes, and reservoir operations for the Colorado River in Grand Canyon in support of resource impact analysis for Post-2026 reservoir operational alternatives (ver. 2.0, July 2026)","These data were compiled in support of the Post-2026 Operational Guidelines and Strategies for Lake Powell and Lake Mead (Post-2026) Environmental Impact Statement (EIS). These data were compiled to predict the impact of different proposed alternatives for Glen Canyon Dam operations on sand resources, including sand mass balance, sandbar volume, and frequency/duration of controlled floods (High Flow Experiments, or HFEs). These data were created for operations at Glen Canyon Dam for January 2027 through December 2060. These data were created by the U.S. Geological Survey, Southwest Biological Science Center, Grand Canyon Monitoring and Research Center using numerical modeling methods. This revision was completed in June 2026 to evaluate an additional operational strategy, called the preferred alternative, under 400 possible hydrological futures considered within the published modeling results for eight previously considered operational strategies.",http://datainventory.doi.gov/id/dataset/USGS_6938a428d4be02077d5298c1,data.gov,us-public-domain,inferred-federal,U.S. Geological Survey,"[""Arizona"", ""Colorado River"", ""Glen Canyon"", ""Grand Canyon"", ""Marble Canyon"", ""USGS:6938a428d4be02077d5298c1"", ""business and economics"", ""dam"", ""data release"", ""economy"", ""eddy"", ""fluvial"", ""freshwater ecosystems"", ""geomorphology"", ""inland fishery resources"", ""inlandWaters"", ""management"", ""recreation"", ""recreational fishery resources"", ""reservoir"", ""river"", ""river systems"", ""sand"", ""sandbar""]",economy-small-business,2026-10-07T21:50:25.833551+00:00
Predicted Likelihood of Grassland to Cropland Conversion in the U.S. Northern Plains and Prairies Given Climate Change,"The purpose of this project was to estimate and map the probability that grassland converts to cropland in the northern plains and prairie region given potential climate change.  This region provides critical breeding and migratory habitat for waterfowl and other wetland-dependent species, and is also a highly productive agricultural region.  Generally, the regional effects projected by climate models are increasing temperatures and more variable precipitation, which could provide incentives for private landowners to convert native and managed grassland to intensive cropland.  Conversion of grassland to cropland can result in habitat loss for dependent species and the degradation of a range of ecosystem services.  If climate change alters the spatial distribution of both agricultural land use and suitable habitat, land managers and conservationists may need to alter efforts to offset the negative consequences of combined climate and land-use change on habitats and dependent species.  The land-use change projections associated with this report provide information for such management efforts.",http://datainventory.doi.gov/id/dataset/USGS_5beca754e4b0b3fc5cf9181a,data.gov,us-public-domain,inferred-federal,U.S. Geological Survey,"[""Iowa"", ""Minnesota"", ""Montana"", ""North Dakota"", ""Northern plains"", ""Prairie potholes"", ""South Dakota"", ""USGS:5beca754e4b0b3fc5cf9181a"", ""Wyoming"", ""agriculture"", ""business and economics"", ""economy"", ""farming"", ""geospatial datasets"", ""grassland ecosystems"", ""land use change"", ""modeling""]",economy-small-business,2026-10-07T21:50:25.833551+00:00
Predicted hydropower impacts of different management scenarios for Lake Powell releases,"These data were compiled to predict hourly Glen Canyon Dam operations and hydropower impacts. The objective of our study was to estimate hydropower impacts under different future LTEMP sEIS alternatives. These data represent hourly outflow in cubic feet per second, generation in megawatt hours, and economic value of hydropower in nominal dollars. These data were created for operations at Glen Canyon Dam for October 2023 through November 2027. These data were created by the U.S. Geological Survey, Southwest Biological Science Center, Grand Canyon Monitoring and Research Cetner using mathematical modeling methods.",http://datainventory.doi.gov/id/dataset/USGS_65d6810ed34ec3e1801d2c84,data.gov,us-public-domain,inferred-federal,U.S. Geological Survey,"[""Arizona"", ""Colorado River"", ""Glen Canyon"", ""Glen Canyon Dam"", ""Grand Canyon"", ""InlandWaters"", ""Lake Powell"", ""USGS:65d6810ed34ec3e1801d2c84"", ""business and economics"", ""dam"", ""data release"", ""economic value"", ""economy"", ""electricity"", ""energy"", ""energy resources"", ""generation"", ""hydrologic processes"", ""hydropower"", ""mathematical modeling"", ""power"", ""power generation water use"", ""regulated river"", ""river systems"", ""streamflow"", ""water resources""]",economy-small-business,2026-10-07T21:50:25.833551+00:00
Predicted recreation economics under different management scenarios for Lake Powell releases,"These data were compiled to predict economic impacts to angling in Glen Canyon and whitewater rafting in Grand Canyon. The objective of our study was to estimate recreation impacts, or changes in consumer surplus, under different future Interim Guidelines sEIS and LTEMP sEIS alternatives. These data include monthly impacts in nominal 2022 dollars. These data were created for operations at Glen Canyon Dam for October 2023 through November 2027. These data were created by the U.S. Geological Survey, Southwest Biological Science Center, Grand Canyon Monitoring and Research Center using mathematical modeling methods.",http://datainventory.doi.gov/id/dataset/USGS_65d7a9f5d34ec3e1801d8095,data.gov,us-public-domain,inferred-federal,U.S. Geological Survey,"[""Arizona"", ""Colorado River"", ""Glen Canyon"", ""Glen Canyon Dam"", ""Grand Canyon"", ""Marble Canyon"", ""USGS:65d7a9f5d34ec3e1801d8095"", ""angling"", ""business and economics"", ""consumer surplus"", ""data release"", ""economic value"", ""economy"", ""freshwater ecosystems"", ""inland fishery resources"", ""inlandWaters"", ""rafting"", ""recreation"", ""recreational fishery resources"", ""regulated river"", ""river systems"", ""sport fishing"", ""whitewater""]",economy-small-business,2026-10-07T21:50:25.833551+00:00
Preliminary U.S. Space Economy Data,"BEA has developed a preliminary set of statistics measuring the contributions of space-related industries to the overall U.S. economy.These estimates give business leaders, policymakers, and the public a new tool to analyze the space economy and to inform investment decisions.Preliminary estimates of the U.S. space economy's GDP, gross output, private employment, and private compensation by industry were published in the December 2020 Survey of Current Business.",https://www.bea.gov/data/special-topics/space-economy,data.gov,us-public-domain,inferred-federal,Bureau of Economic Analysis,"[""Space"", ""Space Economy"", ""U.S. Space Economy"", ""satellite account""]",economy-small-business,2026-10-07T21:50:25.833551+00:00
Reference functional model for production in a circular economy,"Reference functional model for the activities and processes involved in production (e.g., designing, manufacturing, and recovering products/materials) in a circular economy. The model includes inputs and outputs of each activity, as well as factors that constrain and enable the activities (controls and mechanisms), using the IDEF0 methodology. It provides a baseline scenario that is relevant for stakeholders across  product development and supply chain, including business strategists, material suppliers, designers, manufacturers, consumers, and recovers/recyclers. The model is available as downloadable files and hosted on a website to view and explore directly.",https://catalog.data.gov/dataset/reference-functional-model-for-production-in-a-circular-economy,data.gov,us-public-domain,inferred-federal,National Institute of Standards and Technology,"[""circular economy"", ""design"", ""end-of-life treatment"", ""functional model"", ""manufacturing"", ""production"", ""system model""]",economy-small-business,2026-10-07T21:50:25.833551+00:00
Reference functional model for production in a circular economy,"Reference functional model for the activities and processes involved in production (e.g., designing, manufacturing, and recovering products/materials) in a circular economy. The model includes inputs and outputs of each activity, as well as factors that constrain and enable the activities (controls and mechanisms), using the IDEF0 methodology. It provides a baseline scenario that is relevant for stakeholders across  product development and supply chain, including business strategists, material suppliers, designers, manufacturers, consumers, and recovers/recyclers. The model is available as downloadable files and hosted on a website to view and explore directly.",https://catalog.data.gov/dataset/reference-functional-model-for-production-in-a-circular-economy-ec629,data.gov,us-public-domain,inferred-federal,National Institute of Standards and Technology,"[""circular economy"", ""design"", ""end-of-life treatment"", ""functional model"", ""manufacturing"", ""production"", ""system model""]",economy-small-business,2026-10-07T21:50:25.833551+00:00
Strategic Vision New Vehicle Experience Survey 2014-2016 and Fuel Economy Data,"Data consists of 1) EPA measured fuel economy, in terms of miles per gallon (MPG) or miles per gallon equivalent (MPGe), were obtained from fueleconomy.gov for vehicle model years 2013, 2014, 2016, and 2017, and 2) New Vehicle Experience Survey (NVES) data for calendar years 2014, 2015, and 2016. The survey data is confidential business information (CBI). These data were matched at the make-model level of specificity.

The data includes over 800,000 survey responses regarding consumer characteristics, vehicle attributes, consumer satisfaction, and the consumer purchase process plus fuel economy information for purchased and considered vehicles. This dataset is not publicly accessible because: EPA cannot release CBI, or data protected by copyright, patent, or otherwise subject to trade secret restrictions. Request for access to CBI data may be directed to the dataset owner by an authorized person by contacting the party listed. It can be accessed through the following means: Request for access to the Strategic Vision New Vehicle Experience Survey data for calendar years 2014, 2015, and 2016 may be directed to the following:

Edwards Associates Inc., The
Attention: DBA Strategic Vision
10725 Tierrasanta Blvd.
San Diego, CA 92124. Format: EPA measured fuel economy, in terms of miles per gallon (MPG) or miles per gallon equivalent (MPGe), were obtained from fueleconomy.gov for vehicle model years 2013, 2014, 2016, and 2017. These data were matched  at the make-model level of specificity to New Vehicle Experience Survey data for calendar years 2014, 2015, and 2016. The survey data is confidential business information (CBI). 

The fuel economy data and survey data were initially downloaded and received as comma delimited files and later processed using statistical software (i.e., SAS, R, Python). Citation information for this dataset can be found in the EDG's Metadata Reference Information section and Data.gov's References section.",https://doi.org/10.23719/1526072,data.gov,us-public-domain,inferred-federal,U.S. Environmental Protection Agency,"[""Consumer New Vehicle Criteria"", ""Fuel Economy Data Vehicle"", ""New Vehicle Consumer Satisfaction"", ""New Vehicle Purchase Process"", ""Vehicle Attributes and Features""]",economy-small-business,2026-10-07T21:50:25.833551+00:00
Time Series Economic Indicators Time Series -: Advance Monthly Sales for Retail and Food Services,"The U.S. Census Bureau.s economic indicator surveys provide monthly and quarterly data that are timely, reliable, and offer comprehensive measures of the U.S. economy. These surveys produce a variety of statistics covering construction, housing, international trade, retail trade, wholesale trade, services and manufacturing. The survey data provide measures of economic activity that allow analysis of economic performance and inform business investment and policy decisions. Other data included, which are not considered principal economic indicators, are the Quarterly Summary of State & Local Taxes, Quarterly Survey of Public Pensions, and the Manufactured Homes Survey.  For information on the reliability and use of the data, including important notes on estimation and sampling variance, seasonal adjustment, measures of sampling variability, and other information pertinent to the economic indicators, visit the individual programs' webpages - http://www.census.gov/cgi-bin/briefroom/BriefRm.",http://api.census.gov/data/id/EITSMARTS,data.gov,us-public-domain,inferred-federal,U.S. Census Bureau,"[""census""]",economy-small-business,2026-10-07T21:50:25.833551+00:00
"Time Series Economic Indicators Time Series -: Advance Report on Durable Goods Manufacturers' Shipments, Inventories, and Orders","The U.S. Census Bureau.s economic indicator surveys provide monthly and quarterly data that are timely, reliable, and offer comprehensive measures of the U.S. economy. These surveys produce a variety of statistics covering construction, housing, international trade, retail trade, wholesale trade, services and manufacturing. The survey data provide measures of economic activity that allow analysis of economic performance and inform business investment and policy decisions. Other data included, which are not considered principal economic indicators, are the Quarterly Summary of State & Local Taxes, Quarterly Survey of Public Pensions, and the Manufactured Homes Survey.  For information on the reliability and use of the data, including important notes on estimation and sampling variance, seasonal adjustment, measures of sampling variability, and other information pertinent to the economic indicators, visit the individual programs' webpages - http://www.census.gov/cgi-bin/briefroom/BriefRm.",http://api.census.gov/data/id/EITSADVM3,data.gov,us-public-domain,inferred-federal,U.S. Census Bureau,"[""census""]",economy-small-business,2026-10-07T21:50:25.833551+00:00
Time Series Economic Indicators Time Series -: Advance Retail Inventories,"The U.S. Census Bureau.s economic indicator surveys provide monthly and quarterly data that are timely, reliable, and offer comprehensive measures of the U.S. economy. These surveys produce a variety of statistics covering construction, housing, international trade, retail trade, wholesale trade, services and manufacturing. The survey data provide measures of economic activity that allow analysis of economic performance and inform business investment and policy decisions. Other data included, which are not considered principal economic indicators, are the Quarterly Summary of State & Local Taxes, Quarterly Survey of Public Pensions, and the Manufactured Homes Survey. For information on the reliability and use of the data, including important notes on estimation and sampling variance, seasonal adjustment, measures of sampling variability, and other information pertinent to the economic indicators, visit the individual programs' webpages - http://www.census.gov/cgi-bin/briefroom/BriefRm.",http://api.census.gov/data/id/EITSADVMRTS,data.gov,us-public-domain,inferred-federal,U.S. Census Bureau,"[""census""]",economy-small-business,2026-10-07T21:50:25.833551+00:00
Time Series Economic Indicators Time Series -: Advance Wholesale Inventories,"The U.S. Census Bureau.s economic indicator surveys provide monthly and quarterly data that are timely, reliable, and offer comprehensive measures of the U.S. economy. These surveys produce a variety of statistics covering construction, housing, international trade, retail trade, wholesale trade, services and manufacturing. The survey data provide measures of economic activity that allow analysis of economic performance and inform business investment and policy decisions. Other data included, which are not considered principal economic indicators, are the Quarterly Summary of State & Local Taxes, Quarterly Survey of Public Pensions, and the Manufactured Homes Survey. For information on the reliability and use of the data, including important notes on estimation and sampling variance, seasonal adjustment, measures of sampling variability, and other information pertinent to the economic indicators, visit the individual programs' webpages - http://www.census.gov/cgi-bin/briefroom/BriefRm",http://api.census.gov/data/id/EITSMWTSADV,data.gov,us-public-domain,inferred-federal,U.S. Census Bureau,"[""census""]",economy-small-business,2026-10-07T21:50:25.833551+00:00
Time Series Economic Indicators Time Series -: Business Formation Statistics,"The U.S. Census Bureau.s economic indicator surveys provide monthly and quarterly data that are timely, reliable, and offer comprehensive measures of the U.S. economy. These surveys produce a variety of statistics covering construction, housing, international trade, retail trade, wholesale trade, services and manufacturing. The survey data provide measures of economic activity that allow analysis of economic performance and inform business investment and policy decisions. Other data included, which are not considered principal economic indicators, are the Quarterly Summary of State & Local Taxes, Quarterly Survey of Public Pensions, and the Manufactured Homes Survey.  For information on the reliability and use of the data, including important notes on estimation and sampling variance, seasonal adjustment, measures of sampling variability, and other information pertinent to the economic indicators, visit the individual programs' webpages - http://www.census.gov/cgi-bin/briefroom/BriefRm.",http://api.census.gov/data/id/EITSBFS,data.gov,us-public-domain,inferred-federal,U.S. Census Bureau,"[""census""]",economy-small-business,2026-10-07T21:50:25.833551+00:00
Time Series Economic Indicators Time Series -: Construction Spending,"The U.S. Census Bureau.s economic indicator surveys provide monthly and quarterly data that are timely, reliable, and offer comprehensive measures of the U.S. economy. These surveys produce a variety of statistics covering construction, housing, international trade, retail trade, wholesale trade, services and manufacturing. The survey data provide measures of economic activity that allow analysis of economic performance and inform business investment and policy decisions. Other data included, which are not considered principal economic indicators, are the Quarterly Summary of State & Local Taxes, Quarterly Survey of Public Pensions, and the Manufactured Homes Survey.  For information on the reliability and use of the data, including important notes on estimation and sampling variance, seasonal adjustment, measures of sampling variability, and other information pertinent to the economic indicators, visit the individual programs' webpages - http://www.census.gov/cgi-bin/briefroom/BriefRm.",http://api.census.gov/data/id/EITSVIP,data.gov,us-public-domain,inferred-federal,U.S. Census Bureau,"[""census""]",economy-small-business,2026-10-07T21:50:25.833551+00:00
Time Series Economic Indicators Time Series -: Housing Vacancies and Homeownership,"The U.S. Census Bureau.s economic indicator surveys provide monthly and quarterly data that are timely, reliable, and offer comprehensive measures of the U.S. economy. These surveys produce a variety of statistics covering construction, housing, international trade, retail trade, wholesale trade, services and manufacturing. The survey data provide measures of economic activity that allow analysis of economic performance and inform business investment and policy decisions. Other data included, which are not considered principal economic indicators, are the Quarterly Summary of State & Local Taxes, Quarterly Survey of Public Pensions, and the Manufactured Homes Survey.  For information on the reliability and use of the data, including important notes on estimation and sampling variance, seasonal adjustment, measures of sampling variability, and other information pertinent to the economic indicators, visit the individual programs' webpages - http://www.census.gov/cgi-bin/briefroom/BriefRm.",http://api.census.gov/data/id/EITSHV,data.gov,us-public-domain,inferred-federal,U.S. Census Bureau,"[""census""]",economy-small-business,2026-10-07T21:50:25.833551+00:00
Time Series Economic Indicators Time Series -: Manufactured Homes Survey,"The U.S. Census Bureau.s economic indicator surveys provide monthly and quarterly data that are timely, reliable, and offer comprehensive measures of the U.S. economy. These surveys produce a variety of statistics covering construction, housing, international trade, retail trade, wholesale trade, services and manufacturing. The survey data provide measures of economic activity that allow analysis of economic performance and inform business investment and policy decisions. Other data included, which are not considered principal economic indicators, are the Quarterly Summary of State & Local Taxes, Quarterly Survey of Public Pensions, and the Manufactured Homes Survey.  For information on the reliability and use of the data, including important notes on estimation and sampling variance, seasonal adjustment, measures of sampling variability, and other information pertinent to the economic indicators, visit the individual programs' webpages - http://www.census.gov/cgi-bin/briefroom/BriefRm.",http://api.census.gov/data/id/EITSMHS,data.gov,us-public-domain,inferred-federal,U.S. Census Bureau,"[""census""]",economy-small-business,2026-10-07T21:50:25.833551+00:00
Time Series Economic Indicators Time Series -: Manufactured Housing Survey (2014-Present),"The U.S. Census Bureau.s economic indicator surveys provide monthly and quarterly data that are timely, reliable, and offer comprehensive measures of the U.S. economy. These surveys produce a variety of statistics covering construction, housing, international trade, retail trade, wholesale trade, services and manufacturing. The survey data provide measures of economic activity that allow analysis of economic performance and inform business investment and policy decisions. Other data included, which are not considered principal economic indicators, are the Quarterly Summary of State & Local Taxes, Quarterly Survey of Public Pensions, and the Manufactured Homes Survey.  For information on the reliability and use of the data, including important notes on estimation and sampling variance, seasonal adjustment, measures of sampling variability, and other information pertinent to the economic indicators, visit the individual programs' webpages - http://www.census.gov/cgi-bin/briefroom/BriefRm.",http://api.census.gov/data/id/EITSMHS2,data.gov,us-public-domain,inferred-federal,U.S. Census Bureau,"[""census""]",economy-small-business,2026-10-07T21:50:25.833551+00:00
"Time Series Economic Indicators Time Series -: Manufacturers Shipments, Inventories, and Orders","The U.S. Census Bureau.s economic indicator surveys provide monthly and quarterly data that are timely, reliable, and offer comprehensive measures of the U.S. economy. These surveys produce a variety of statistics covering construction, housing, international trade, retail trade, wholesale trade, services and manufacturing. The survey data provide measures of economic activity that allow analysis of economic performance and inform business investment and policy decisions. Other data included, which are not considered principal economic indicators, are the Quarterly Summary of State & Local Taxes, Quarterly Survey of Public Pensions, and the Manufactured Homes Survey.  For information on the reliability and use of the data, including important notes on estimation and sampling variance, seasonal adjustment, measures of sampling variability, and other information pertinent to the economic indicators, visit the individual programs' webpages - http://www.census.gov/cgi-bin/briefroom/BriefRm.",http://api.census.gov/data/id/EITSM3,data.gov,us-public-domain,inferred-federal,U.S. Census Bureau,"[""census""]",economy-small-business,2026-10-07T21:50:25.833551+00:00
Time Series Economic Indicators Time Series -: Manufacturing and Trade Inventories and Sales,"The U.S. Census Bureau.s economic indicator surveys provide monthly and quarterly data that are timely, reliable, and offer comprehensive measures of the U.S. economy. These surveys produce a variety of statistics covering construction, housing, international trade, retail trade, wholesale trade, services and manufacturing. The survey data provide measures of economic activity that allow analysis of economic performance and inform business investment and policy decisions. Other data included, which are not considered principal economic indicators, are the Quarterly Summary of State & Local Taxes, Quarterly Survey of Public Pensions, and the Manufactured Homes Survey.  For information on the reliability and use of the data, including important notes on estimation and sampling variance, seasonal adjustment, measures of sampling variability, and other information pertinent to the economic indicators, visit the individual programs' webpages - http://www.census.gov/cgi-bin/briefroom/BriefRm.",http://api.census.gov/data/id/EITSMTIS,data.gov,us-public-domain,inferred-federal,U.S. Census Bureau,"[""census""]",economy-small-business,2026-10-07T21:50:25.833551+00:00
Time Series Economic Indicators Time Series -: Monthly Retail Trade and Food Services,"The U.S. Census Bureau.s economic indicator surveys provide monthly and quarterly data that are timely, reliable, and offer comprehensive measures of the U.S. economy. These surveys produce a variety of statistics covering construction, housing, international trade, retail trade, wholesale trade, services and manufacturing. The survey data provide measures of economic activity that allow analysis of economic performance and inform business investment and policy decisions. Other data included, which are not considered principal economic indicators, are the Quarterly Summary of State & Local Taxes, Quarterly Survey of Public Pensions, and the Manufactured Homes Survey.  For information on the reliability and use of the data, including important notes on estimation and sampling variance, seasonal adjustment, measures of sampling variability, and other information pertinent to the economic indicators, visit the individual programs' webpages - http://www.census.gov/cgi-bin/briefroom/BriefRm.",http://api.census.gov/data/id/EITSMRTS,data.gov,us-public-domain,inferred-federal,U.S. Census Bureau,"[""census""]",economy-small-business,2026-10-07T21:50:25.833551+00:00
Time Series Economic Indicators Time Series -: Monthly Wholesale Trade: Sales and Inventories,"The U.S. Census Bureau.s economic indicator surveys provide monthly and quarterly data that are timely, reliable, and offer comprehensive measures of the U.S. economy. These surveys produce a variety of statistics covering construction, housing, international trade, retail trade, wholesale trade, services and manufacturing. The survey data provide measures of economic activity that allow analysis of economic performance and inform business investment and policy decisions. Other data included, which are not considered principal economic indicators, are the Quarterly Summary of State & Local Taxes, Quarterly Survey of Public Pensions, and the Manufactured Homes Survey.  For information on the reliability and use of the data, including important notes on estimation and sampling variance, seasonal adjustment, measures of sampling variability, and other information pertinent to the economic indicators, visit the individual programs' webpages - http://www.census.gov/cgi-bin/briefroom/BriefRm.",http://api.census.gov/data/id/EITSMWTS,data.gov,us-public-domain,inferred-federal,U.S. Census Bureau,"[""census""]",economy-small-business,2026-10-07T21:50:25.833551+00:00
Time Series Economic Indicators Time Series -: New Home Sales,"The U.S. Census Bureau.s economic indicator surveys provide monthly and quarterly data that are timely, reliable, and offer comprehensive measures of the U.S. economy. These surveys produce a variety of statistics covering construction, housing, international trade, retail trade, wholesale trade, services and manufacturing. The survey data provide measures of economic activity that allow analysis of economic performance and inform business investment and policy decisions. Other data included, which are not considered principal economic indicators, are the Quarterly Summary of State & Local Taxes, Quarterly Survey of Public Pensions, and the Manufactured Homes Survey.  For information on the reliability and use of the data, including important notes on estimation and sampling variance, seasonal adjustment, measures of sampling variability, and other information pertinent to the economic indicators, visit the individual programs' webpages - http://www.census.gov/cgi-bin/briefroom/BriefRm.",http://api.census.gov/data/id/EITSRESSALES,data.gov,us-public-domain,inferred-federal,U.S. Census Bureau,"[""census""]",economy-small-business,2026-10-07T21:50:25.833551+00:00
Time Series Economic Indicators Time Series -: New Residential Construction,"The U.S. Census Bureau.s economic indicator surveys provide monthly and quarterly data that are timely, reliable, and offer comprehensive measures of the U.S. economy. These surveys produce a variety of statistics covering construction, housing, international trade, retail trade, wholesale trade, services and manufacturing. The survey data provide measures of economic activity that allow analysis of economic performance and inform business investment and policy decisions. Other data included, which are not considered principal economic indicators, are the Quarterly Summary of State & Local Taxes, Quarterly Survey of Public Pensions, and the Manufactured Homes Survey.  For information on the reliability and use of the data, including important notes on estimation and sampling variance, seasonal adjustment, measures of sampling variability, and other information pertinent to the economic indicators, visit the individual programs' webpages - http://www.census.gov/cgi-bin/briefroom/BriefRm.",http://api.census.gov/data/id/EITSRESCONST,data.gov,us-public-domain,inferred-federal,U.S. Census Bureau,"[""census""]",economy-small-business,2026-10-07T21:50:25.833551+00:00
Time Series Economic Indicators Time Series -: Quarterly Financial Report,"The U.S. Census Bureau.s economic indicator surveys provide monthly and quarterly data that are timely, reliable, and offer comprehensive measures of the U.S. economy. These surveys produce a variety of statistics covering construction, housing, international trade, retail trade, wholesale trade, services and manufacturing. The survey data provide measures of economic activity that allow analysis of economic performance and inform business investment and policy decisions. Other data included, which are not considered principal economic indicators, are the Quarterly Summary of State & Local Taxes, Quarterly Survey of Public Pensions, and the Manufactured Homes Survey.  For information on the reliability and use of the data, including important notes on estimation and sampling variance, seasonal adjustment, measures of sampling variability, and other information pertinent to the economic indicators, visit the individual programs' webpages - http://www.census.gov/cgi-bin/briefroom/BriefRm.",http://api.census.gov/data/id/EITSQFR,data.gov,us-public-domain,inferred-federal,U.S. Census Bureau,"[""census""]",economy-small-business,2026-10-07T21:50:25.833551+00:00
Time Series Economic Indicators Time Series -: Quarterly Services Survey,"The U.S. Census Bureau.s economic indicator surveys provide monthly and quarterly data that are timely, reliable, and offer comprehensive measures of the U.S. economy. These surveys produce a variety of statistics covering construction, housing, international trade, retail trade, wholesale trade, services and manufacturing. The survey data provide measures of economic activity that allow analysis of economic performance and inform business investment and policy decisions. Other data included, which are not considered principal economic indicators, are the Quarterly Summary of State & Local Taxes, Quarterly Survey of Public Pensions, and the Manufactured Homes Survey.  For information on the reliability and use of the data, including important notes on estimation and sampling variance, seasonal adjustment, measures of sampling variability, and other information pertinent to the economic indicators, visit the individual programs' webpages - http://www.census.gov/cgi-bin/briefroom/BriefRm.",http://api.census.gov/data/id/EITSQSS,data.gov,us-public-domain,inferred-federal,U.S. Census Bureau,"[""census""]",economy-small-business,2026-10-07T21:50:25.833551+00:00
Time Series Economic Indicators Time Series -: Quarterly Survey of Public Pensions,"The U.S. Census Bureau.s economic indicator surveys provide monthly and quarterly data that are timely, reliable, and offer comprehensive measures of the U.S. economy. These surveys produce a variety of statistics covering construction, housing, international trade, retail trade, wholesale trade, services and manufacturing. The survey data provide measures of economic activity that allow analysis of economic performance and inform business investment and policy decisions. Other data included, which are not considered principal economic indicators, are the Quarterly Summary of State & Local Taxes, Quarterly Survey of Public Pensions, and the Manufactured Homes Survey.  For information on the reliability and use of the data, including important notes on estimation and sampling variance, seasonal adjustment, measures of sampling variability, and other information pertinent to the economic indicators, visit the individual programs' webpages - http://www.census.gov/cgi-bin/briefroom/BriefRm.",http://api.census.gov/data/id/EITSQPR,data.gov,us-public-domain,inferred-federal,U.S. Census Bureau,"[""census""]",economy-small-business,2026-10-07T21:50:25.833551+00:00
Time Series Economic Indicators Time Series -: U.S. International Trade in Goods and Services,"The U.S. Census Bureau.s economic indicator surveys provide monthly and quarterly data that are timely, reliable, and offer comprehensive measures of the U.S. economy. These surveys produce a variety of statistics covering construction, housing, international trade, retail trade, wholesale trade, services and manufacturing. The survey data provide measures of economic activity that allow analysis of economic performance and inform business investment and policy decisions. Other data included, which are not considered principal economic indicators, are the Quarterly Summary of State & Local Taxes, Quarterly Survey of Public Pensions, and the Manufactured Homes Survey.  For information on the reliability and use of the data, including important notes on estimation and sampling variance, seasonal adjustment, measures of sampling variability, and other information pertinent to the economic indicators, visit the individual programs' webpages - http://www.census.gov/cgi-bin/briefroom/BriefRm.",http://api.census.gov/data/id/EITSFTD,data.gov,us-public-domain,inferred-federal,U.S. Census Bureau,"[""census""]",economy-small-business,2026-10-07T21:50:25.833551+00:00
Time Series Economic Indicators Time Series: Quarterly Summary of State and Local Taxes,"The U.S. Census Bureau's economic indicator surveys provide monthly and quarterly data that are timely, reliable, and offer comprehensive measures of the U.S. economy. These surveys produce a variety of statistics covering construction, housing, international trade, retail trade, wholesale trade, services and manufacturing. The survey data provide measures of economic activity that allow analysis of economic performance and inform business investment and policy decisions. Other data included, which are not considered principal economic indicators, are the Quarterly Summary of State & Local Taxes, Quarterly Survey of Public Pensions, and the Manufactured Homes Survey. For information on the reliability and use of the data, including important notes on estimation and sampling variance, seasonal adjustment, measures of sampling variability, and other information pertinent to the economic indicators, visit the individual programs' webpages - http://www.census.gov/cgi-bin/briefroom/BriefRm.",https://api.census.gov/data/id/EITSQTAX,data.gov,us-public-domain,inferred-federal,U.S. Census Bureau,"[""census""]",economy-small-business,2026-10-07T21:50:25.833551+00:00
Time Series: Business Dynamics Statistics,"The Business Dynamics Statistics (BDS) is a public use data set providing annual aggregate measures of establishment openings and closings, firm startups and shutdowns, and job creation and destruction. These measures are available for the entire economy, and by industrial sector, 3-digit and 4-digit NAICS, state, MSA, and county. They are also available by firm and establishment size and age. For more information about the dataset see: https://www.census.gov/programs-surveys/bds.html",https://api.census.gov/data/id/BDSTIMESERIES,data.gov,us-public-domain,inferred-federal,U.S. Census Bureau,"[""census""]",economy-small-business,2026-10-07T21:50:25.833551+00:00
% of businesses that were compliant with legislation concerning the illegal use and sale of alcohol and tobacco,"% of businesses that were compliant with legislation concerning the illegal use and sale of alcohol and tobacco.

*This indicator has been discontinued.
",https://data.gov.uk/dataset/5a978d9b-8129-466b-b1e6-012169dc64ce,data.gov.uk,ogl-3.0,explicit,,[],economy-small-business,2026-10-07T21:30:32.051718+00:00
Access to Finance,"This release reports on the results of a survey into small and medium-sized businesses needs for finance and how easy or difficult they found it to obtain. It covers 2007 and 2010. It was the first survey of its type conducted across 20 European Union (EU) member countries.

Source agency: Office for National Statistics

Designation: National Statistics

Language: English

Alternative title: Access to Finance",https://data.gov.uk/dataset/a8911e44-1f53-4f5e-9f40-7bfb9f73d7eb,data.gov.uk,ogl-3.0,explicit,,[],economy-small-business,2026-10-07T21:30:32.051718+00:00
Alcohol Licensing,"<p>Businesses, organisations and individuals who want to sell or supply alcohol in England and Wales must have a licence or other authorisation from the licensing authority.</p>",https://data.gov.uk/dataset/8ecc3762-38a0-41dc-911f-6391683a14ca,data.gov.uk,ogl-3.0,explicit,,[],economy-small-business,2026-10-07T21:30:32.051718+00:00
An Examination of Falling Real Wages,"According to several ONS measures, real wages have been falling since 2010. This article uses ONS data to examine four possible factors behind this; productivity, real wage wedges, hours worked, and workforce composition.

Source agency: Office for National Statistics

Designation: Supporting material

Language: English

Alternative title: Falling Real Wages",https://data.gov.uk/dataset/ae7f5fe9-8358-47a2-98d7-55a147d5bdbc,data.gov.uk,ogl-3.0,explicit,,[],economy-small-business,2026-10-07T21:30:32.051718+00:00
An international perspective on the UK,"A new series of quarterly publications each with a different focus, which aim to support the understanding of the UK economy by drawing international comparisons.

Source agency: Office for National Statistics

Designation: Supporting material

Language: English

Alternative title: International comparison",https://data.gov.uk/dataset/c08e8b94-6b9a-4f71-867d-34c0e7fb0035,data.gov.uk,ogl-3.0,explicit,,[],economy-small-business,2026-10-07T21:30:32.051718+00:00
Analysis of MIlk Selling Arrangements on Dairy Farms in England 2008/09,"This release lists some key findings from the report of a recent survey of milk selling arrangements by a sample of dairy farms in the Farm Business Survey in England.

Source agency: Environment, Food and Rural Affairs

Designation: Official Statistics not designated as National Statistics

Language: English

Alternative title: Analysis of MIlk Selling Arrangements on Dairy Farms in England 2008/09",https://data.gov.uk/dataset/85146656-619e-40b5-abcd-158b65e275af,data.gov.uk,ogl-3.0,explicit,,[],economy-small-business,2026-10-07T21:30:32.051718+00:00
Analysis of non-tariff measures in the UK internal market,"Research report and accompanying regulatory database identifying and analysing existing non-tariff measures (NTMs) in the UK internal market.
The report collects data on regulatory measures affecting trade in services using the Organisation for Economic Co-operation and Development’s (OECD) Services Trade Restrictiveness Index (STRI) methodology.",https://data.gov.uk/dataset/7f5f51b0-9e2e-49b3-947f-eccbf65d2db9,data.gov.uk,ogl-3.0,explicit,,[],economy-small-business,2026-10-07T21:30:32.051718+00:00
Animal Health Planning in England: Results from the Farm Business Survey,"In 2006, the animal health and welfare module was added to the Farm Business Survey (FBS) asking some general questions on animal health planning, and more detailed questions by livestock type, on expenditure and disease prevention, veterinary expenses.  This data has been analysed along with enterprise output and other data from the core FBS and compiled in this report. Results are presented by species and livestock type.

",https://data.gov.uk/dataset/d9845839-060b-44e6-b300-2498d3c9664f,data.gov.uk,ogl-3.0,explicit,,[],economy-small-business,2026-10-07T21:30:32.051718+00:00
Annual Business Inquiry,"The Annual Business Inquiry (ABI) is conducted in two parts: employment and financial information. This release deals with the financial inquiry which collects information for about two thirds of the UK economy, covering production; construction; motor trades; wholesale; retail; catering and allied trades; property; service trades and from the 2000 inquiry agriculture (part), hunting, forestry and fishing. The financial variables covered include turnover, purchases, employment costs, capital expenditure and stocks. Approximate Gross Value Added (GVA) is calculated as an input into the measurement of Gross Domestic product (GDP). These web pages are mainly devoted to the financial information but include some employment data.
Source agency: Office for National Statistics
Designation: National Statistics
Language: English
Alternative title: ABI, ABS, Annual Business Survey",https://data.gov.uk/dataset/300b3459-9ea6-41a9-84fc-c1dd033f9c52,data.gov.uk,ogl-3.0,explicit,,[],economy-small-business,2026-10-07T21:30:32.051718+00:00
Annual Business Survey,"This short story uses a snapshot of ONS’s Annual Business Survey (ABS) to look at the contribution that foreign-owned registered businesses in the UK made to the UK Non-Financial Business Economy and their country of ownership in 2012.
Source agency: Office for National Statistics
Designation: National Statistics
Language: English
Alternative title: ABS, ABI, Annual Business Inquiry",https://data.gov.uk/dataset/53328716-bdc1-437d-bc80-d4df19e1fd3b,data.gov.uk,ogl-3.0,explicit,,[],economy-small-business,2026-10-07T21:30:32.051718+00:00
Annual innovation report,"Data used in the Annual innovation report 2012. The fourth annual innovation report that gives the latest available evidence on UK innovation performance and the contribution of business, government, higher education and research organisations to UK innovation activities. Presents key measures of innovation and research performance, and provides a benchmark to track performance measures for the Innovation and research strategy for growth.",https://data.gov.uk/dataset/2e6f778f-1ac2-4615-9e5a-811617399502,data.gov.uk,ogl-3.0,explicit,,[],economy-small-business,2026-10-07T21:30:32.051718+00:00
Average hourly pay by ethnicity,"The data shows the average (median) hourly pay for all employees aged 16 and over in the UK. The data is based on gross income before tax and other deductions.

Data comes from the Annual Population Survey (Office for National Statistics) and is published on 'Ethnicity facts and figures'.",https://data.gov.uk/dataset/14fb9401-a320-4633-b1f6-b82f77c5d84b,data.gov.uk,ogl-3.0,explicit,,[],economy-small-business,2026-10-07T21:30:32.051718+00:00
BEIS business critical analytical models 2022,"A list of the main analytical models deployed by BEIS to support policies as of 30 March 2022.
Recommendation 4 of the Review of quality assurance of government models (Macpherson Review) asked departments to make a list of their business critical models publicly available - to encourage good practice in their quality assurance. In 2022 the National Audit Office report Financial Modelling in Government re-emphasised the importance of these lists.",https://data.gov.uk/dataset/fa1b1961-7248-445f-a4f8-a382bc997b6e,data.gov.uk,ogl-3.0,explicit,,[],economy-small-business,2026-10-07T21:30:32.051718+00:00
BIS Private Sector Employment Indicator,"The indicator is defined as the number of people employed by the private sector, as a proportion of the population aged 16-64 and those over 64 in the labour market. It provides an indication of whether private sector employment is growing to compensate for any decline in public sector employment across English regions. This measure helps to identify whether the economy is rebalancing between regions.

Source agency: Business, Innovation and Skills

Designation: Official Statistics not designated as National Statistics

Language: English

Alternative title: Rebalancing indicator",https://data.gov.uk/dataset/659220d8-224b-456d-a22b-e10f0ede3542,data.gov.uk,ogl-3.0,explicit,,[],economy-small-business,2026-10-07T21:30:32.051718+00:00
BIS economics paper no. 10a: manufacturing in the UK: an economic analysis of the sector,Underlying data and charts supporting the publication BIS Economics Paper no 10a: Manufacturing in the UK: an economic analysis of the sector [URN 10/1333],https://data.gov.uk/dataset/0c866811-ad3a-459c-9567-44c40f71cbb0,data.gov.uk,ogl-3.0,explicit,,[],economy-small-business,2026-10-07T21:30:32.051718+00:00
BIS economics paper no. 10b: manufacturing in the UK: supplementary analysis,Underlying data and charts supporting the publication BIS Economics Paper no 10b: Manufacturing in the UK: supplementary analysis [URN 10/1334],https://data.gov.uk/dataset/96924254-425f-4cf9-831c-956014318afe,data.gov.uk,ogl-3.0,explicit,,[],economy-small-business,2026-10-07T21:30:32.051718+00:00
BIS economics paper no. 11: economic consequences for the UK and the EU of completing the single market,"Underlying data from BIS Economics Paper no.11 'The economic consequences for the UK and the EU of completing the Single Market' [URN 11/517].
",https://data.gov.uk/dataset/604e9ed5-7574-43f3-9bd6-a0e241e5b80e,data.gov.uk,ogl-3.0,explicit,,[],economy-small-business,2026-10-07T21:30:32.051718+00:00
BIS economics paper no. 9: economic growth,Underlying data from the publication BIS Economics Paper no 9: Economic Growth [URN 10/1213],https://data.gov.uk/dataset/c0a05eeb-79f1-4b93-8869-d8b0a9f06772,data.gov.uk,ogl-3.0,explicit,,[],economy-small-business,2026-10-07T21:30:32.051718+00:00
Babergh District Council/Business rate properties,"Business rate properties
",https://data.gov.uk/dataset/4623745b-2569-4242-8d30-e5a8581f6cd3,data.gov.uk,ogl-3.0,explicit,,[],economy-small-business,2026-10-07T21:30:32.051718+00:00
Babergh District Council/Business rates accounts in credit,"Business rates accounts in credit
",https://data.gov.uk/dataset/7c2d4224-d84b-4ed6-ac64-abb514b0eae7,data.gov.uk,ogl-3.0,explicit,,[],economy-small-business,2026-10-07T21:30:32.051718+00:00
Babergh District Council/Business rates live accounts,"Business rates live accounts
",https://data.gov.uk/dataset/4c244219-80e0-43a8-a628-ce93581fca4e,data.gov.uk,ogl-3.0,explicit,,[],economy-small-business,2026-10-07T21:30:32.051718+00:00
Babergh District Council/Business rates relief awarded,"Business rates relief awarded
",https://data.gov.uk/dataset/74c4c0b9-f1b5-4fcd-b9fc-50c7d528a62d,data.gov.uk,ogl-3.0,explicit,,[],economy-small-business,2026-10-07T21:30:32.051718+00:00
Babergh District Council/Mobile food vendors/Street traders,"Mobile food vendors/Street traders
",https://data.gov.uk/dataset/0986efb0-8266-4a20-aa79-ed91821bf04a,data.gov.uk,ogl-3.0,explicit,,[],economy-small-business,2026-10-07T21:30:32.051718+00:00
Babergh District Council/NNDR small business relief,"NNDR small business relief
",https://data.gov.uk/dataset/42d13de3-89be-48d8-92a8-b33eff14353e,data.gov.uk,ogl-3.0,explicit,,[],economy-small-business,2026-10-07T21:30:32.051718+00:00
Babergh District Council/New business rate accounts created within the last month,"New business rate accounts created within the last month
",https://data.gov.uk/dataset/3fc6a24e-dcbf-4d5b-91fb-10d37268031d,data.gov.uk,ogl-3.0,explicit,,[],economy-small-business,2026-10-07T21:30:32.051718+00:00
Basildon Council Business Rates Published National Non Domestic Rates,"The Freedom of Information Act 2000 provides a 'right of access' to NNDR Business Rates recorded information. We regularly update and publish details of RVs,charges, reliefs, ratepayers, new occupiers and credit balances.",https://data.gov.uk/dataset/c5c58893-f340-44b2-ab51-8a75299c0ede,data.gov.uk,ogl-3.0,explicit,,[],economy-small-business,2026-10-07T21:30:32.051718+00:00
Bassetlaw District Council Trade Union Facility Time,"Facility time is paid time off during working hours for trade union representatives to carry out trade union duties.  This dataset shows the number of staff who are trade union representatives, of these how many devote at least 50% of their time to union duties.  The dataset also contains names of unions and a basic estimated spend as a percentage of the total pay bill.

",https://data.gov.uk/dataset/c8c0cd37-f839-431b-b467-feead6f22dd3,data.gov.uk,ogl-3.0,explicit,,[],economy-small-business,2026-10-07T21:30:32.051718+00:00
Big Issue Invest CSV Social Investment Statistics,"Data about investments in social programmes by Big Issue Invest.

This data set relates to the Corporate Social Venturing (CSV) programme which is run by Big Issue Invest and the following partners: Barclays, Experian, First Ark, Fusion 21, Places for People, University of Northampton, Ashurst LLP and the Cabinet Office (Social Incubator Fund).  The programme is designed specifically for early stage social businesses  operating in England and aims to develop them through corporate mentoring and investment.  The data here relates to; the number and types of organisations on programme, their legal structures, the beneficiaries that they themselves support and the type & quantity of finance they have received.",https://data.gov.uk/dataset/65a14498-b84d-4356-96db-5d02cc0a7570,data.gov.uk,ogl-3.0,explicit,,[],economy-small-business,2026-10-07T21:30:32.051718+00:00
Border Force Transparency Data,"This dataset contains data on:

* clearance of passengers at the border
* drug seizure volumes
* drug seizures
* convention on international trade in endangered species
* tax revenue that is protected through detecting goods where excise duty has not been declared
annual cost per passenger processed at the border",https://data.gov.uk/dataset/ea3fa62c-a3bb-48bb-8909-fd337094c9d3,data.gov.uk,ogl-3.0,explicit,,[],economy-small-business,2026-10-07T21:30:32.051718+00:00
Bradford business rates,Business Rates datasets available for the City of Bradford Metropolitan District Council General list of business properties in the Bradford District Credits held against Business Rate accounts New Business Rate accounts created in the last month,https://data.gov.uk/dataset/067a1124-3507-4bca-8a05-dd7bbb3c184b,data.gov.uk,cc-by,explicit,,[],economy-small-business,2026-10-07T21:30:32.051718+00:00
Bradford food premise public register,A dataset showing registered food outlets located within the Bradford Metropolitan District area. This dataset is derived from The Food Standards Agency (FSA). Further Information Food Standards Agency Cluster map of premises Pivot table initially showing average rating by business type.,https://data.gov.uk/dataset/f06c54b5-8b30-45f1-a642-ff9e00f70bd5,data.gov.uk,ogl-3.0,explicit,,[],economy-small-business,2026-10-07T21:30:32.051718+00:00
Breastfeeding Welcoming Businesses,Data showing a list of the Breastfeeding Welcoming Businesses.,https://data.gov.uk/dataset/16a04d91-7f18-48ce-a890-8653464d45b5,data.gov.uk,ogl-3.0,explicit,,[],economy-small-business,2026-10-07T21:30:32.051718+00:00
Bristol City Council Trade Union facility time,"The absolute number and full-time equivalent Trade Union representatives at Bristol City Council.

A basic estimate of spending on Trade Union representatives as a percentage of the total pay bill is included.",https://data.gov.uk/dataset/763e05c0-15c2-4501-bba5-1377e51d6796,data.gov.uk,ogl-3.0,explicit,,[],economy-small-business,2026-10-07T21:30:32.051718+00:00
British Household Panel Survey,The main objective of the BHPS is to further understanding of social and economic change at the individual and household level in Britain and the UK.  This survey data is available in the UK Data Archive www.data-archive.ac.uk.  Users are required to register.,https://data.gov.uk/dataset/71bf4726-0436-40d6-a39d-bb54159ddbaf,data.gov.uk,ogl-3.0,explicit,,[],economy-small-business,2026-10-07T21:30:32.051718+00:00
Business Demography,"Business demography data counts numbers of active businesses with turnover or employment in a reporting year.  It also indicates numbers of new businesses (business births) and numbers of businesses terminated (business deaths) during the reporting year.

Numbers and percentages of businesses that were newly created during years leading up to the latest reporting year, and which were still surviving, are also shown.

When using the data, comparative business birth or death rates may be constructed adhoc if needed, by dividing the number of births or deaths by the number of active businesses.

Please note that due to being required early in the reporting cycle, numbers of business deaths are provisional and may be subject to later revision.  For more information about the dataset and its methodology, see the source link.

Source: Office for National Statistics (ONS)
",https://data.gov.uk/dataset/c12076fd-d97f-4454-84e5-b5f4c879d8bd,data.gov.uk,ogl-3.0,explicit,,"[""business"", ""economy""]",economy-small-business,2026-10-07T21:30:32.051718+00:00
Business Demography,"This product includes births, deaths and survivals of UK enterprises. The active stock of businesses is also shown, so that birth and death rates can be calculated.
Source agency: Office for National Statistics
Designation: National Statistics
Language: English
Alternative title: Business Demography",https://data.gov.uk/dataset/3001e82d-e8d1-4317-a491-1b54d809e490,data.gov.uk,ogl-3.0,explicit,,[],economy-small-business,2026-10-07T21:30:32.051718+00:00
Business Enterprise Research and Development,"Breakdowns of research and development spending and employment by UK business across different market sectors.
Source agency: Office for National Statistics
Designation: National Statistics
Language: English
Alternative title: BERD",https://data.gov.uk/dataset/e617e36a-c2d4-47a3-ad38-f284652d951f,data.gov.uk,ogl-3.0,explicit,,[],economy-small-business,2026-10-07T21:30:32.051718+00:00
"Business Enterprise Research and Development, Scotland","A National Statistics publication on Research and Development expenditure in Scotland

Source agency: Scottish Government

Designation: National Statistics

Language: English

Alternative title: Business Enterprise Research and Development, Scotland",https://data.gov.uk/dataset/81e6210c-d8ac-4e22-af22-d17023270867,data.gov.uk,ogl-3.0,explicit,,[],economy-small-business,2026-10-07T21:30:32.051718+00:00
Business Investment,"Investment trends for businesses. Contains capital expenditure data at current prices, constant prices and seasonally adjusted.
Source agency: Office for National Statistics
Designation: National Statistics
Language: English
Alternative title: Business Investment",https://data.gov.uk/dataset/ac302271-66ce-456d-b000-fc2444f5e194,data.gov.uk,ogl-3.0,explicit,,[],economy-small-business,2026-10-07T21:30:32.051718+00:00
Business Payment Support Service Official Statistics,"Statistics relating to HMRC's Business Payment Support Service which provides 'Time to Pay' arrangements to businesses and individuals experiencing difficulties in paying the tax due in full and on time.

Source agency: HM Revenue and Customs

Designation: Official Statistics not designated as National Statistics

Language: English

Alternative title: BPSS",https://data.gov.uk/dataset/edd98f8d-a453-46e8-9541-a0d8ddeb096e,data.gov.uk,ogl-3.0,explicit,,[],economy-small-business,2026-10-07T21:30:32.051718+00:00
Business Plan Statistical Appendix (BPSA),"Data from the Housing Strategy Statistical Appendix (HSSA) return provide evidence to support the local authorities' housing strategies whether they own stock or not. For stock owning authorities only, data from the Business Plan Statistical Appendix (BPSA) returns are needed to assess: how well they are managing their stock; and their future plans for improving their stock.",https://data.gov.uk/dataset/07dc49f9-975b-46ac-8cdb-4a083429ed37,data.gov.uk,ogl-3.0,explicit,,[],economy-small-business,2026-10-07T21:30:32.051718+00:00
Business Population Estimates for the UK and Regions statistics,"This publication provides the only official government statistics that attempt to the estimate the total number of UK private sector businesses in the UK and their contribution to employment and turnover. Also provided is an estimate of the total number of businesses in the UK whole economy. The publication supercedes the publication 'Small and Medium-sized Enterprise Statistics for the UK and Regions'.

National Statistics",https://data.gov.uk/dataset/3f1ddf7f-3f21-4547-8b3b-d74f7c468bee,data.gov.uk,ogl-3.0,explicit,,[],economy-small-business,2026-10-07T21:30:32.051718+00:00
Business Rates (NNDR),"<p><span style=""font-size: 10pt; font-family: Verdana, sans-serif;"">Details of all current Business Rates accounts held with Colchester Borough Council including credits and the most recent changes to individual accounts as notified to the Valuation Office.  </span></p>
<p> </p>
<p><span style=""font-size: 10pt; font-family: Verdana, sans-serif;"">Personal details are omitted from this data.</span></p>",https://data.gov.uk/dataset/244c9c84-4335-4e6b-994d-52675bac5265,data.gov.uk,ogl-3.0,explicit,,[],economy-small-business,2026-10-07T21:30:32.051718+00:00
Business Rates (NNDR) Collected,"<p>This indicator is part of the Council's corporate indicator set - K1 R2.</p>
<p>These results are published every 6 months, at the half year and year end.</p>
<p>This figure given is the percentage of the overall total of Business Rates due which we have collected.</p>",https://data.gov.uk/dataset/7fe2323e-8530-4ec7-bdd2-20e2ac3e8ddb,data.gov.uk,ogl-3.0,explicit,,[],economy-small-business,2026-10-07T21:30:32.051718+00:00
Business Rates - Rochdale Borough Council,"This list includes all business properties liable to non-individuals. The list includes information such as property address, description, ratable value, liable party, empty property information and rate relief.

The datasets represent a snapshot in time and will be updated half yearly.",https://data.gov.uk/dataset/6c439a6f-989a-48f0-a578-fe32be5a0097,data.gov.uk,ogl-3.0,explicit,,[],economy-small-business,2026-10-07T21:30:32.051718+00:00
Business Rates Data   March 2017,"March 2017 business rates data, excluding sole traders",https://data.gov.uk/dataset/5b6167da-1256-4a44-9f00-4c0c1ac40528,data.gov.uk,ogl-3.0,explicit,,[],economy-small-business,2026-10-07T21:30:32.051718+00:00
Business Rates Retention Update,Briefing notes relating to the proposed Busuness Rates retention scheme.,https://data.gov.uk/dataset/59c8307e-0178-4e77-bee5-ed3a31e066b0,data.gov.uk,ogl-3.0,explicit,,[],economy-small-business,2026-10-07T21:30:32.051718+00:00
Business Rates new liabilities,"This dataset is now discontinued. 

As of September 2018, we are able to include date of liability/occupation in our Business Rates Full List and we will no longer be publishing a separate New Liabilities List.  The full list is available via the link below.",https://data.gov.uk/dataset/d6f11ed4-be08-43f0-add8-40735de4a8a5,data.gov.uk,ogl-3.0,explicit,,[],economy-small-business,2026-10-07T21:30:32.051718+00:00
Business Register Employment Survey,"BRES is the definitive source of official employee statistics and can be used to derive employment estimates at varying industrial and geographical levels.

Source agency: Office for National Statistics

Designation: National Statistics

Language: English

Alternative title: BRES",https://data.gov.uk/dataset/576308a9-a4bf-47e6-8ab6-0d96b86fae4e,data.gov.uk,ogl-3.0,explicit,,[],economy-small-business,2026-10-07T21:30:32.051718+00:00
Business Register and Employment Survey,"Employee Jobs at Sub Northern Ireland level and by Industry.

Source agency: Northern Ireland Statistics and Research Agency

Designation: National Statistics

Language: English

Alternative title: Business Register and Employment Survey",https://data.gov.uk/dataset/fa4e93af-88bb-4f88-9f36-805409a9a677,data.gov.uk,ogl-3.0,explicit,,[],economy-small-business,2026-10-07T21:30:32.051718+00:00
Business Register and Employment Survey,"The Business Register and Employment Survey publishes employee and employment estimates at detailed geographical and industrial levels. It is regarded as the definitive source of official government employee statistics by industry. 
 These maps allow a visually more meaningful comparison of employee levels by Broad industrial Group over time. ",https://data.gov.uk/dataset/f6e48a08-20ae-4581-8e6a-9299dd5757a5,data.gov.uk,ogl-3.0,explicit,,[],economy-small-business,2026-10-07T21:30:32.051718+00:00
Business Start-ups and Closures,"Presents data on the number of enterprises registering and de-registering for VAT. The stock of VAT-registered enterprises is also included.

Source agency: Business, Innovation and Skills

Designation: National Statistics

Language: English

Alternative title: Business start-ups and closures",https://data.gov.uk/dataset/01935d67-88c4-4723-83e5-18c1bce3e8d3,data.gov.uk,ogl-3.0,explicit,,[],economy-small-business,2026-10-07T21:30:32.051718+00:00
Business Travel - Car - Activity (mi),Business Travel - Car - Activity (mi),https://data.gov.uk/dataset/e009b7ce-609c-469e-aae3-36f73532c450,data.gov.uk,ogl-3.0,explicit,,[],economy-small-business,2026-10-07T21:30:32.051718+00:00
Business Travel - Car - CO2 (kg),Business Travel - Car - CO2 (kg),https://data.gov.uk/dataset/fb65b587-f147-4306-b08d-79fe2bf5902e,data.gov.uk,ogl-3.0,explicit,,[],economy-small-business,2026-10-07T21:30:32.051718+00:00
Business Travel - Car - Cost (£),Business Travel - Car - Cost (£),https://data.gov.uk/dataset/984394c3-b1b7-4806-ac4d-aa1532fca753,data.gov.uk,ogl-3.0,explicit,,[],economy-small-business,2026-10-07T21:30:32.051718+00:00
Business Travel - Rail - Cost (£),Business Travel - Rail - Cost (£),https://data.gov.uk/dataset/56813928-57d8-4c51-81ec-9fd5574c3fc6,data.gov.uk,ogl-3.0,explicit,,[],economy-small-business,2026-10-07T21:30:32.051718+00:00
"Business growth, access to finance and performance outcomes in the recession","Data underlying the report of a study that assesses and quantifes the impacts of the financial crisis and subsequent global economic recession on the growth and performance of UK SME employers. Analyses existing data from two previous survey sources on SME employers in the pre-recession and recessionary periods. Covers how the problems in the banking sector have affected the supply of finance to the SME sector, and whether this has depressed business performance and investment. Looks at the impact of the recession has been more serious for particular types of entrepreneurs and businesses. ",https://data.gov.uk/dataset/a02e78f3-533b-4935-96a9-cf7f0603ff3e,data.gov.uk,ogl-3.0,explicit,,[],economy-small-business,2026-10-07T21:30:32.051718+00:00
Business rates,"This data has been taken from LG Inform at http://lginform.local.gov.uk/ data reference ID 202. It shows the percentage of business rates collected in Plymouth between financial year 2008/2009 and 2015/2016.
  
Percentage of Business rates collected - This is the amount of non-domestic rates collected during the year, expressed as a percentage of the amount of non-domestic rates due.

County data is the sum of billing authorities. 
Source name: Communities and Local Government
Collection name: Council tax collection rates

Polarity: High is good

Polarity is how sentiment is measured ""Sentiment is usually considered to have ""poles"" positive and negative these are often translated into ""good"" and ""bad"" sentiment analysis is considered useful to tell us what is good and bad in our information stream
",https://data.gov.uk/dataset/2c9d23d1-e186-4e26-b4a1-cc5f65820df1,data.gov.uk,ogl-3.0,explicit,,[],economy-small-business,2026-10-07T21:30:32.051718+00:00
Business rates - accounts in credit inc write-ons,Scarborough Borough Council - NNDR accounts in credit,https://data.gov.uk/dataset/7329558a-26f1-49c1-a722-70a00490894c,data.gov.uk,ogl-3.0,explicit,,[],economy-small-business,2026-10-07T21:30:32.051718+00:00
Business rates - all properties including account start date,Business rates - All properties including account start date,https://data.gov.uk/dataset/63283b26-bb9c-40f9-9e88-092e3ea36228,data.gov.uk,ogl-3.0,explicit,,[],economy-small-business,2026-10-07T21:30:32.051718+00:00
"Business rates - mandatory, discretionary and all other reliefs","Scarborough Borough Council - Mandatory, discretionary and all other reliefs",https://data.gov.uk/dataset/675f30a4-ba39-4e28-920d-0fa109578bbf,data.gov.uk,ogl-3.0,explicit,,[],economy-small-business,2026-10-07T21:30:32.051718+00:00
Business rates - new liabilities,Scarborough Borough Council - Non-domestic properties within the Borough which have recently become liable for the payment of Business Rates with rateable value and dates liability commenced.,https://data.gov.uk/dataset/3c63c917-287e-4391-8ad6-efe3619c18cd,data.gov.uk,ogl-3.0,explicit,,[],economy-small-business,2026-10-07T21:30:32.051718+00:00
Business spending on capital items,"Provides information for the national accounts and economists. It is also used to calculate weights for combining appropriate producer price indices for deflating the quarterly capital expenditure survey results and the capital expenditure component of the final economy price index.

Source agency: Office for National Statistics

Designation: National Statistics

Language: English

Alternative title: Business spending on capital items",https://data.gov.uk/dataset/8851b794-9127-4088-81b3-83d579f39f17,data.gov.uk,ogl-3.0,explicit,,[],economy-small-business,2026-10-07T21:30:32.051718+00:00
Business start-ups and closures: VAT registrations and de-registrations,"Presents data on the number of enterprises registering and de-registering for VAT. The stock of VAT-registered enterprises is also included.

Source agency: Business, Innovation and Skills

Designation: National Statistics

Language: English

Alternative title: Business start-ups and closures",https://data.gov.uk/dataset/3a49f95a-8229-4084-ad2e-9e8433b1eb91,data.gov.uk,ogl-3.0,explicit,,[],economy-small-business,2026-10-07T21:30:32.051718+00:00
Businesses in Scotland,"Estimate of the number of businesses operating in Scotland by industry, sizeband, ownership and local authority area.

Source agency: Scottish Government

Designation: National Statistics

Language: English

Alternative title: BIS",https://data.gov.uk/dataset/7c310034-d2ab-453c-bb02-cf749f4af25f,data.gov.uk,ogl-3.0,explicit,,[],economy-small-business,2026-10-07T21:30:32.051718+00:00
CIPFA: Nearest neighbours,"Developed to aid local authorities in comparative and benchmarking exercises, the models provide a wide range of SSA based, socio-economic indicators upon which the specific family group is calculated.
Source: CIPFA Stats
Publisher: IPF
Geographic coverage: England",https://data.gov.uk/dataset/c5d825ad-44b9-443c-a435-39c31e98edc7,data.gov.uk,ogl-3.0,explicit,,[],economy-small-business,2026-10-07T21:30:32.051718+00:00
COMPASS LEP City Deal Infrastructure Web Map Portal,"This is our internet map portal/service for sharing relevant map data for the Local Enterprise Partnership (LEP) City Deal initiative. This is mainly focused on showing housing and economic growth, and transport links, for the following authorities: Coventry Met. Borough, Warwickshire County, North Warwickshire Borough, Nuneaton and Bedworth Borough, Rugby Borough, Warwick District, Stratford-on-Avon District, and Hinckley and Bosworth Borough.",https://data.gov.uk/dataset/b0f34f1d-0630-4b83-ba96-c8c9be5cac3d,data.gov.uk,ogl-3.0,explicit,,[],economy-small-business,2026-10-07T21:30:32.051718+00:00
COVID-19 loan guarantee schemes repayment data,"This publication provides an update on the performance of the government’s COVID-19 loan guarantee schemes, including:
the Coronavirus Business Interruption Loan Scheme (CBILS)
the Coronavirus Large Business Interruption Loan Scheme (CLBILS)
the Bounce Back Loan Scheme (BBLS)
The data is taken from the British Business Bank’s portal as at 31 March 2022.",https://data.gov.uk/dataset/7b4778a5-7c0f-4437-82d9-43af083386a7,data.gov.uk,ogl-3.0,explicit,,[],economy-small-business,2026-10-07T21:30:32.051718+00:00
CPI and RPI Basket of Goods and Services,"The 'shopping basket' of items making up the Consumer Prices Index (CPI) and Retail Prices Index (RPI) are reviewed every year. Some items are taken out of the basket, some are brought in, to reflect changes in the market and to make sure the CPI and RPI are up to date and representative of consumer spending patterns. This article describes the review process and explains how and why the various items in the CPI and RPI baskets are chosen.

Source agency: Office for National Statistics

Designation: National Statistics

Language: English

Alternative title: Basket of Goods",https://data.gov.uk/dataset/24c58b15-fec7-44e7-8bb3-ea30c937877c,data.gov.uk,ogl-3.0,explicit,,[],economy-small-business,2026-10-07T21:30:32.051718+00:00
Capital for Enterprise Ltd GPC Transactional Spend more than or equal to £500.,"Capital for Enterprise Limited is now part of Britis Business Bank. Operations and Staff were transferred from 1 October 2013. No additional data will be published for this organisation. 
This data has been produced in line with the requirements of the Transparency Agenda.  It shows the transactional spend of Capital for Enterprise Ltd which are equal to or more than £500 in value purchased using Government Procurement Cards for the period April 2013 - March 2014. Please consult the Department for Business, Innovation and Skills (BIS) for government procurement card spend after this date.
Capital for Enterprise Limited (CfEL) was the government’s main delivery agency for financial interventions for small and medium sized enterprises.

",https://data.gov.uk/dataset/d7b8d3ba-7084-4c6b-89ac-a211a249adb4,data.gov.uk,ogl-3.0,explicit,,[],economy-small-business,2026-10-07T21:30:32.051718+00:00
Central Business Areas,Defined as part of the South Norfolk Local Plan 2003. South Norfolk is creator of this data and it is reviewed and updated as part of the Local Plan process. The data shows the business area in a town or village. Planning applications made in this area are determined in accordance with the South Norfolk Local Plan Policies 2003 and Business Use Class Order 1987 and what is deemed acceptable within residential areas. ,https://data.gov.uk/dataset/e307bff4-01cd-4ffc-8e0c-8ab3f6dca330,data.gov.uk,ogl-3.0,explicit,,[],economy-small-business,2026-10-07T21:30:32.051718+00:00
Changes to Regional and Economic Performance Indicators 2011,"This paper announces and explains changes to the Regional and Economic Performances Indicators release to be published on 24 May 2011

Source agency: Business, Innovation and Skills

Designation: Supporting material

Language: English

Alternative title: REPI",https://data.gov.uk/dataset/b9baf11c-7c73-4383-9873-55eea3a94479,data.gov.uk,ogl-3.0,explicit,,[],economy-small-business,2026-10-07T21:30:32.051718+00:00
Charitable Premises Reliefs,Scarborough Borough Council business rates charitable premises reliefs.,https://data.gov.uk/dataset/5b27fe09-38e5-4d31-ac5b-94bd6d6caf34,data.gov.uk,ogl-3.0,explicit,,[],economy-small-business,2026-10-07T21:30:32.051718+00:00
Check for barriers to trading and investing abroad,"This is a list of active and resolved trade barriers that UK companies may face when trading or investing abroad. Trade barriers slow down, stop or raise costs of doing business abroad. They include unnecessary legal, regulatory, or administrative requirements. For example out-of-date regulations and licensing requirements.

__Trade barriers can also include:__  
- local government preference for domestic or non-UK suppliers when buying government services  
- over-complicated customs procedures  
- excessive labelling or packaging requirements  
- practices, subsidies, incentives, tariffs or taxes that put UK-based businesses at a disadvantage compared to domestic suppliers or those from other countries  
- potential risks to your intellectual property

You can also [check for barriers when trading or investing abroad](https://www.gov.uk/barriers-trading-investing-abroad).",https://data.gov.uk/dataset/b5ea7be8-385c-47fa-a80b-6856092cb6ab,data.gov.uk,ogl-3.0,explicit,,[],economy-small-business,2026-10-07T21:30:32.051718+00:00
Chelmsford Business Rates Accounts in Arrears,Business Rates: A snapshot of historical accounts in arrears,https://data.gov.uk/dataset/7711fdc4-e952-4321-8c82-a5cd69a5d9b2,data.gov.uk,ogl-3.0,explicit,,[],economy-small-business,2026-10-07T21:30:32.051718+00:00
Chelmsford Business Rates Credit Accounts,Business rates: Every account with a credit and the financial year it relates to ,https://data.gov.uk/dataset/fd443add-a468-41b6-98e7-02a267461243,data.gov.uk,ogl-3.0,explicit,,[],economy-small-business,2026-10-07T21:30:32.051718+00:00
Chelmsford Business Rates Eligible for SBRR,Business Rates: Accounts eligible for SBRR and whether they are currently in receipt of it or not,https://data.gov.uk/dataset/84a5a92a-4d03-4ab6-82a6-308c7a0a10a9,data.gov.uk,ogl-3.0,explicit,,[],economy-small-business,2026-10-07T21:30:32.051718+00:00
Chelmsford Business Rates Empty Properties,Business rates: A snapshot of current empty properties,https://data.gov.uk/dataset/bc5e2c7f-5621-48fd-9e99-a634a904f5eb,data.gov.uk,ogl-3.0,explicit,,[],economy-small-business,2026-10-07T21:30:32.051718+00:00
Chelmsford Business Rates No Relief,"Business Rates: Accounts with no relief at all
",https://data.gov.uk/dataset/f843eff7-79ec-4a58-b95c-1ad4b0bd743d,data.gov.uk,ogl-3.0,explicit,,[],economy-small-business,2026-10-07T21:30:32.051718+00:00
"Chelmsford Business Rates RV under £18,000","Business rates: Rateable value under £18,000",https://data.gov.uk/dataset/6a9a0ad7-b311-4705-b610-2a63b06582f8,data.gov.uk,ogl-3.0,explicit,,[],economy-small-business,2026-10-07T21:30:32.051718+00:00
Chelmsford Business Rates Write Backs,Business Rates: A list of accounts with a write back since 2000,https://data.gov.uk/dataset/45932d77-fc2a-4aec-9474-9da70176c79b,data.gov.uk,ogl-3.0,explicit,,[],economy-small-business,2026-10-07T21:30:32.051718+00:00
Chelmsford Business Rates some relief or exemption,Business Rates: Accounts with some form of relief or exemption,https://data.gov.uk/dataset/8a051a52-57d1-4ed2-be6e-bb482a6fa049,data.gov.uk,ogl-3.0,explicit,,[],economy-small-business,2026-10-07T21:30:32.051718+00:00
"Civil service people survey results for Department for Business, Innovation and Skills","Autumn survey reports for BIS. Surveys carried out as part of the 2010, 2011, 2012 and 2013 Civil  Service People Survey, managed by the Cabinet Office on behalf of all the participating organisations.",https://data.gov.uk/dataset/7caec1f6-836a-42b7-9103-b2bdb5508a21,data.gov.uk,ogl-3.0,explicit,,[],economy-small-business,2026-10-07T21:30:32.051718+00:00
Compendium of Key Statistics for the Driver and Vehicle Agency,"The statistics reported within this publication includes summary key business volumes and transactions for Drivers, Vehicles, Operators and in the areas of regulation, compliance and Enforcement. The report will also contain performance over previous years.

Source agency: Environment (Northern Ireland)

Designation: Official Statistics not designated as National Statistics

Language: English

Alternative title: DOE Driver, Vehicle, Operator and Enforcement Statistics",https://data.gov.uk/dataset/d53bfa5d-b26e-4641-a317-f1a0fe5019e3,data.gov.uk,ogl-3.0,explicit,,[],economy-small-business,2026-10-07T21:30:32.051718+00:00
Construction Statistics,"This report brings together under one cover a wide range of statistics that are currently available on the construction industry. It gives a broad perspective of statistical trends in the construction industry in Great Britain through the last decade together with some international comparisons and features on leading initiatives that may influence the future.

Source agency: Office for National Statistics

Designation: National Statistics

Language: English

Alternative title: Construction Statistics",https://data.gov.uk/dataset/e8d6a995-53c1-462c-a8ff-1f602b6c6237,data.gov.uk,ogl-3.0,explicit,,[],economy-small-business,2026-10-07T21:30:32.051718+00:00
Consumer Prices Index and Retail Prices Index: Updating Weights,"The Consumer Prices Index (CPI) and the Retail Prices Index (RPI) measure the changes from month to month in the cost of a representative 'basket' of goods and services bought by consumers within the UK. This involves weighting together price changes in the indices according to household spending patterns for different categories of goods and services so that each takes its appropriate share. At the beginning of each year the weights used to compile both the CPI and RPI are updated using the latest available information on household spending.

Source agency: Office for National Statistics

Designation: National Statistics

Language: English

Alternative title: Updating Weights",https://data.gov.uk/dataset/54893d40-a859-4248-ade4-24247be658f7,data.gov.uk,ogl-3.0,explicit,,[],economy-small-business,2026-10-07T21:30:32.051718+00:00
Consumer protection study 2022,"This study aimed to understand consumers’ experiences with purchasing items and services, the type and impact of problems they faced in doing so, and how they managed to resolve these problems.
Detailed analysis tables
The first set of tables contains data on respondents: these can be used to explore what socio-economic demographics (for example age, gender, ethnicity) are associated with given detriment outcomes and patterns.
The second set of tables cover the detriment instances experienced and show in more detail how they vary by type of product, channel of purchase, type of problem, and more.",https://data.gov.uk/dataset/e5888eae-3c11-4d09-b05f-ebe1aa0fa382,data.gov.uk,ogl-3.0,explicit,,[],economy-small-business,2026-10-07T21:30:32.051718+00:00
Coronavirus (Covid 19) grant funding: local authority payments to small and medium businesses,"Local authorities have received and distributed funding to support small and medium businesses in England during coronavirus.
The datasets cover schemes managed by local authorities:
Additional Restrictions Support Grant (ARG)
Restart Grant - closed June 2021
Local Restrictions Support Grants (LRSG) and Christmas support payments - closed 2021
Small Business Grants Fund (SBGF) - closed August 2020
Retail, Hospitality and Leisure Business Grants Fund (RHLGF) - closed August 2020
Local Authority Discretionary Grants Fund (LADGF) - closed August 2020
The spreadsheets show the total amount of money that each local authority in England:
received from central government
distributed to SMEs
20 December 2021 update
We have published the latest estimates by local authorities for payments made under this grant programme:
Additional Restrictions Grants (up to and including 28 November 2021)
The number of grants paid out is not necessarily the same as the number of businesses paid. The data has not received full verification.",https://data.gov.uk/dataset/5dcb1fb0-6497-44ff-a3ff-ff526de9f836,data.gov.uk,ogl-3.0,explicit,,[],economy-small-business,2026-10-07T21:30:32.051718+00:00
Coronavirus business grant funding by parliamentary constituency and local authority,"Data on the number and value of grants to small and medium sized businesses (SMEs) in response to the coronavirus pandemic.
The spreadsheet shows the total amount of money that each local authority and parliamentary constituency in England has:
received from central government
distributed to SMEs as at 5 July 2020
31 July 2021: coronavirus grant schemes
Local Restrictions Support Grant (LRSG): (Open)
Local Restrictions Support Grant (LRSG): (Closed)
Additional Restrictions Grant (ARG) - scheme open until 31 March 2022. A final update will be released afterwards
Christmas Support Payment (CSP)
Restart
5 July 2020: coronavirus grant schemes:
Small Business Grants Fund (SBGF) scheme
Retail, Hospitality and Leisure Business Grants Fund (RHLGF)
Local Authority Discretionary Grant Fund (LADGF)",https://data.gov.uk/dataset/a7a416ee-1fa1-4bae-9c90-e48a31563914,data.gov.uk,ogl-3.0,explicit,,[],economy-small-business,2026-10-07T21:30:32.051718+00:00
Corporate Services Price Index,"Corporate Services Price Index (CSPI) has been discontinued. Data is now available as the Services Producer Price Index (SPPI), a quarterly survey of prices charged for a range of services provided by businesses to other businesses and government.

Source agency: Office for National Statistics

Designation: Experimental Official Statistics

Language: English

Alternative title: CSPI",https://data.gov.uk/dataset/5fe0ab30-7107-436e-bc44-3028ee01c03f,data.gov.uk,ogl-3.0,explicit,,[],economy-small-business,2026-10-07T21:30:32.051718+00:00
Corporation Tax Liabilities,"Provides breakdowns of the corporation liability by number, income, allowances, deductions, company sector and financial year for the UK. Previously listed under 'Revenue-based Taxes and Benefits: Corporate Tax'.

Source agency: HM Revenue and Customs

Designation: National Statistics

Language: English

Alternative title: Corporation Tax Liabilities",https://data.gov.uk/dataset/d20d7e12-b965-45e5-b99f-ed053e25d35d,data.gov.uk,ogl-3.0,explicit,,[],economy-small-business,2026-10-07T21:30:32.051718+00:00
Crown Prosecution Service Facility Time Report 2017-2018,"The Trade Union (Facility Time Publication Requirements) Regulations 2017 requires the CPS to collate and publish, on an annual basis, a range of data on the amount and cost of facility time within the organisation for those employees who are TU representatives.",https://data.gov.uk/dataset/50d5a4da-bae4-4b3e-86e0-41196bdb48b9,data.gov.uk,ogl-3.0,explicit,,[],economy-small-business,2026-10-07T21:30:32.051718+00:00
DCMS Business Plan Quarterly Data Summary July 2011,Business Plan Quarterly Data Summaries (QDS) provide the latest data on indicators included in Departmental Business Plans as well as other published data and management information.,https://data.gov.uk/dataset/1baf701f-822d-4e7d-9006-0806b39e72db,data.gov.uk,ogl-3.0,explicit,,[],economy-small-business,2026-10-07T21:30:32.051718+00:00
"Department for Business, Innovation and Skills annual report and accounts","The Department for Business, Innovation and Skills (BIS) annual report and accounts. Brings together information on expenditure and performance of BIS. Includes data from the 2010-11 and 2011-12 reports.",https://data.gov.uk/dataset/60ce6640-0e2a-4c7e-9f9e-484a0ccb0281,data.gov.uk,ogl-3.0,explicit,,[],economy-small-business,2026-10-07T21:30:32.051718+00:00
Distributive and Services Trades,"Provides information on turnover of various Distribution and Service industries at the three digit level of UK Standard Industrial Classification.
Source agency: Office for National Statistics
Designation: National Statistics
Language: English
Alternative title: Services Trades",https://data.gov.uk/dataset/53a416a3-0c29-4a09-999c-089b21b1c301,data.gov.uk,ogl-3.0,explicit,,[],economy-small-business,2026-10-07T21:30:32.051718+00:00
Dwelling Stock by Tenure: Rented Privately or with a job or business,"Housing numbers, by tenure, year built, type of accommodation etc, vacant dwellings. Net addition flows.",https://data.gov.uk/dataset/100c21a2-54ca-49a9-99c5-a5694e0cb26d,data.gov.uk,ogl-3.0,explicit,,[],economy-small-business,2026-10-07T21:30:32.051718+00:00
Early assessment of the UK Innovation Investment Fund,"Underlying data for a report that explores the likely economic effectiveness of the UK Innovation Investment Fund (UKIIF). Set up to invest in technology based businesses with high growth potential, the UKIIF will focus on investing in growing small businesses, start ups and spin outs, in digital and life sciences, clean technology and advanced manufacturing. This report provides an early assessment of the lessons learned in implementing and delivering the UKIIF early indications of the extent to which it is addressing market failures in the UK venture capital market and contributing to business growth. ",https://data.gov.uk/dataset/db15e8ec-aa5d-4570-87c1-377053b673e0,data.gov.uk,ogl-3.0,explicit,,[],economy-small-business,2026-10-07T21:30:32.051718+00:00
"Earning, learning and business churning","A collection of articles investigating the workforce and businesses in selected industrial sectors within London’s economy. Each article focuses on an individual industrial section or division, investigating the age and sex structure, occupations, qualifications, earnings and other features of people working in the industry, as well as the numbers, locations and features of businesses within the industry. Data will cover the London region in 2015, using time series where possible, drawing results from various sources.",https://data.gov.uk/dataset/af95b5e8-f7e8-43f5-9814-d49bfe455920,data.gov.uk,ogl-3.0,explicit,,[],economy-small-business,2026-10-07T21:30:32.051718+00:00
Economic Report on Scottish Agriculture,"Compendium including analysis of Census, Total Income From Farming (TIFF) and farm business data including Net Farm Income.

Source agency: Scottish Government

Designation: National Statistics

Language: English

Alternative title: Economic Report on Scottish Agriculture",https://data.gov.uk/dataset/fa893253-5438-4ad1-ac63-cc2c712ca89d,data.gov.uk,ogl-3.0,explicit,,[],economy-small-business,2026-10-07T21:30:32.051718+00:00
Economic Review,"Economic commentary on the latest GDP estimate and other ONS economic releases.
Source agency: Office for National Statistics
Designation: Supporting material
Language: English
Alternative title: Economic Review",https://data.gov.uk/dataset/e6ace3e3-9871-4fcb-a5d3-4aa18656a6d9,data.gov.uk,ogl-3.0,explicit,,[],economy-small-business,2026-10-07T21:30:32.051718+00:00
Economic Statistics Transformation Programme,An update on the use of commercial data for borrowing acquired for our Enhanced Financial Accounts (EFA) initiative.,https://data.gov.uk/dataset/d71c32e6-b1d9-43fa-be07-13302c5f0cde,data.gov.uk,ogl-3.0,explicit,,[],economy-small-business,2026-10-07T21:30:32.051718+00:00
Economic Trends (discontinued),"This monthly compendium of statistics and articles on the UK economy was been replaced by the Economic and Labour Market Review.

Source agency: Office for National Statistics

Designation: Official Statistics not designated as National Statistics

Language: English

Alternative title: ET",https://data.gov.uk/dataset/4ef9a6ac-6b31-4f6b-b8af-822f490c3fd8,data.gov.uk,ogl-3.0,explicit,,[],economy-small-business,2026-10-07T21:30:32.051718+00:00
Economic and Labour Market Review,"An essential resource for all users of UK economic and labour market statistics. It draws together the expert research and analysis and range of content found in Economic Trends and Labour Market Trends to build an up-to-date, comprehensive and unique statistical picture of the UK economy and labour market.

Source agency: Office for National Statistics

Designation: National Statistics

Language: English

Alternative title: ELMR",https://data.gov.uk/dataset/a53b9d2e-a6f7-4be3-ab1b-fd62896ae5c9,data.gov.uk,ogl-3.0,explicit,,[],economy-small-business,2026-10-07T21:30:32.051718+00:00
Electricity and gas consumption,"Domestic and industrial consumption of electricity and gas
Source: Department for Business, Enterprise and Regulatory Reform (BERR)
Publisher: Department for Business, Enterprise and Regulatory Reform (BERR)
Geographies: Middle Layer Super Output Area (MSOA)
Geographic coverage: UK
Time coverage: 2005, 2006
Type of data: Administrative data",https://data.gov.uk/dataset/95fc5467-17ae-4438-a075-d3bf13f2130d,data.gov.uk,ogl-3.0,explicit,,[],economy-small-business,2026-10-07T21:30:32.051718+00:00
Employee owner status equality impact assessment,Data tables for an assessment of the equality impacts of proposed measures to implement employee owner status. See URN 12/1215 for the related consultation paper.,https://data.gov.uk/dataset/22ae1e7d-fa9a-44b6-8e83-74ac9d4db9f6,data.gov.uk,ogl-3.0,explicit,,[],economy-small-business,2026-10-07T21:30:32.051718+00:00
Employees receiving job-related training,"Employees receiving job-related training
Source: Department for Business, Innovation and Skills (BIS), Annual Population Survey (APS)
Publisher: Department for Business, Innovation and Skills (BIS)
Geographies: Local Authority District (LAD), County/Unitary Authority, Government Office Region (GOR), Learnings and Skills Council (LSC)
Geographic coverage: England
Time coverage: 2000 to 2008
Type of data: Survey.",https://data.gov.uk/dataset/597bb42a-482e-469c-936c-3dd4c0cddbdf,data.gov.uk,ogl-3.0,explicit,,[],economy-small-business,2026-10-07T21:30:32.051718+00:00
Employers who fail to pay National Minimum or National Living Wage,"Under a revised scheme announced on 11 February 2020, the naming of employers will resume. This process will call out businesses failing to pay their workers the National Minimum Wage and failing to comply with NW legislation rules. The scheme was paused in 2018 and came into force 6 April 2020.",https://data.gov.uk/dataset/395e42e6-275f-41c6-89b1-c3e3dc5fe154,data.gov.uk,ogl-3.0,explicit,,[],economy-small-business,2026-10-07T21:30:32.051718+00:00
Employment Agency Standards Inspectorate annual report 2010-2011: case and infringement data,"Underlying case and infringement data from the Employment Angency Standards (EAS) Inspectorate report for the year ending March 2011. Provides case statistics, cases by agency sector, and infringements by agency sector.",https://data.gov.uk/dataset/5cb6a4d8-f7b1-4288-b83e-12046dc2dd65,data.gov.uk,ogl-3.0,explicit,,[],economy-small-business,2026-10-07T21:30:32.051718+00:00
Employment by Broad Industrial Group,"This data uses a national employer survey to show numbers and percentages of people employed in jobs in industries in each broad industrial group.  Data is shown for Lincolnshire and Districts, and also for smaller areas (such as Wards, and Lower super output areas (LSOAs from the 2011 Census)).

Some limitations of the dataset are that figures for small areas (Wards and LSOAs) exclude employees in farm agriculture (Standard Industrial Classification subclass 01000).  The figures include businesses registered for PAYE but not for VAT.   Values may be rounded and low numbers suppressed (particularly at smaller geographies) so numbers may not tally precisely with figures for larger areas. Figures are shown for the most recent year available, although these are provisional and may be subject to later revision by ONS.

This data is based on the ONS Business Register and Employment Survey (BRES, open access) sourced from the Office for National Statistics (ONS) Nomis website. More detailed breakouts of Standard Industrial Classifications are available from the Source weblink.

This dataset is updated annually
",https://data.gov.uk/dataset/76819d43-da5c-4736-8908-88127e7f09a0,data.gov.uk,ogl-3.0,explicit,,"[""economy"", ""employment""]",economy-small-business,2026-10-07T21:30:32.051718+00:00
Employment by ethnicity,"The data measures the number and percentage of people in England, Scotland and Wales who are employed.

Data is shown by:

* ethnicity
* ethnicity over time
* ethnicity and gender
* ethnicity and age group
* ethnicity over time (16 to 26 year olds only)
* ethnicity and area

Data comes from the Annual Population Survey (Office for National Statistics) and is published on 'Ethnicity facts and figures'.",https://data.gov.uk/dataset/9c4d800e-f987-4115-a44d-29c53917b48f,data.gov.uk,ogl-3.0,explicit,,[],economy-small-business,2026-10-07T21:30:32.051718+00:00
Employment in the hi-tech community: Cambridgeshire & Peterborough 2012,"<p>The Research Group holds a database of employment and businesses in the hi-tech community. It is based on a survey, by both post and telephone, of over 1,500 businesses, agencies and research institutes operating in Cambridgeshire and Peterborough (<a href=""http://statistics.data.gov.uk/doc/statistical-geography/E06000031"">http://statistics.data.gov.uk/doc/statistical-geography/E06000031</a>). The figures presented here provide data from the years 2006, 2008, 2010 and 2012.</p>",https://data.gov.uk/dataset/1210aac9-4c04-4796-999c-4a14f3389e96,data.gov.uk,ogl-3.0,explicit,,[],economy-small-business,2026-10-07T21:30:32.051718+00:00
English Business Survey,"The English Business Survey provides a high level view of business and economic conditions across the country over a range of backward and forward looking directional indicators including output, stocks, employment, labour costs, output prices, hours, capital investment and capacity constraints.

Source agency: Business, Innovation and Skills

Designation: Experimental Official Statistics

Language: English

Alternative title: Subnational intelligence",https://data.gov.uk/dataset/62d99eab-ed22-4c15-96df-dafde9f24e35,data.gov.uk,ogl-3.0,explicit,,[],economy-small-business,2026-10-07T21:30:32.051718+00:00
English business survey,"The English Business Survey, or EBS, is a new survey commissioned by the Department for Business, Innovation and Skills (BIS) in 2011. It provides a monthly assessment of business perceptions of current, past and expected future economic conditions in each English region.",https://data.gov.uk/dataset/8c3d4121-bb4f-4342-9e07-a805e316c581,data.gov.uk,ogl-3.0,explicit,,[],economy-small-business,2026-10-07T21:30:32.051718+00:00
Environment and Countryside Management: Results from the Farm Business Survey,"These results cover which environmental activities are being carried out and the reasons for doing so.  They also cover the area of various habitats found on farms.
Source agency: Environment, Food and Rural Affairs
Designation: National Statistics
Language: English
Alternative title: Environment and Countryside Management: Results from the Farm Business Survey

Countryside Maintenance and Management in England 2010/11

The latest statistics produced by Defra on Countryside Maintenance and Management Activities (CMMA) were released on 28 June 2012 according to the arrangements approved by the UK Statistics Authority.  The release shows final estimates for countryside maintenance and management activities on farms in England. These are sourced from the 2010/11 Farm Business Survey (FBS) which covers the 2010 harvest and can be accessed via the link below.  This workbook provides tables of data used in the release or to create charts used in the release.  In addition there is further data from the survey that was not used in the release.

Link to main release http://www.defra.gov.uk/statistics/foodfarm/farmmanage/fbs/publications/envcountryman/

Background to the Survey
 
Countryside and agri-environment practices have become increasingly important in English agriculture. Whilst many farmers have always been aware of the habitats on and around their farms, the reforms in government payments to farmers have ensured that nearly all farmers now need to consider these issues.  In particular, the concept of ‘cross-compliance’ introduced in 2005 alongside the Single Payment Scheme means that most farmers have to follow basic environmental standards.
  
There are a number of potential sources of data on the management practices adopted by farmers to protect and enhance the environment. Questions on these issues were included in the Farm Business Survey (FBS) for the first time in the 2005/06 survey. The FBS is an interview survey specifically aimed at collecting accounting information, and allows the inclusion of more complex questions. By using the FBS, relationships between countryside maintenance and management activities and farm type, size, profitability and location can be explored. The countryside maintenance and management module was repeated in 2006/07 and in 2008/09 was expanded to give a more detailed picture of activities being carried out. For the 2010/11 survey the module was further expanded to include questions on the Campaign for the Farmed Environment (CFE), results from which were published on 16th February 2012 here:
http://www.defra.gov.uk/statistics/foodfarm/farmmanage/fbs/publications/envcountryman/
 
Information on countryside maintenance and management activities is important in helping to understand what famers are doing to protect and enhance the environment and their reasons for doing so; which in turn can help shape policy decisions. It is important, for example, in the context of structural change and CAP reform, including issues surrounding the balance between Pillar 1 and Pillar 2 payments. The results from this module will also inform the planning of the next Rural Development Programme, in particular the agri-environment measures. The information will also feed into wider research examining competitiveness of the farming industry, e.g. any links between agricultural performance and countryside maintenance and management activities.
 
Survey Methodology
 
The results provided in this release are from the questions relating to Countryside Maintenance and Management Activities (CMMA) which were included in the 2010/11 FBS campaign. The questions were asked during the period January to September 2011
 
The FBS is an annual survey providing information on the financial position and physical and economic performance of farm businesses in England. The sample of around 1,900 farm businesses covers all regions of England and all types of farming with the data being collected by face to ",https://data.gov.uk/dataset/89caf0ce-5c88-44f2-802b-6540a3445211,data.gov.uk,ogl-3.0,explicit,,[],economy-small-business,2026-10-07T21:30:32.051718+00:00
Environmental Accounts,"Provides data on the environmental impact of UK economic activity and the use of the environment by the economy.
Source agency: Office for National Statistics
Designation: National Statistics
Language: English
Alternative title: Environment",https://data.gov.uk/dataset/f099c07d-501f-4ced-a952-91edfb42cd7b,data.gov.uk,ogl-3.0,explicit,,[],economy-small-business,2026-10-07T21:30:32.051718+00:00
"Estimate of Social Economy Turnover, Scotland","Estimate of social economy turnover for 2009 - representing the degree to which the third sector generates income through trading activity.

Source agency: Scottish Government

Designation: Official Statistics not designated as National Statistics

Language: English

Alternative title: Estimate of Social Economy Turnover, Scotland",https://data.gov.uk/dataset/6e92dcf0-da2b-4113-b05b-daa2f084e141,data.gov.uk,ogl-3.0,explicit,,[],economy-small-business,2026-10-07T21:30:32.051718+00:00
Estimated Effect of the Budget on Consumer Price Indices and Retail Prices Index,"The purpose of this article is to give the estimated effects on the Consumer Price Indices and Retail Prices Index resulting from duty and taxation changes announced in the Budget.


This article is simply a helpful guide to users of the CPI and RPI. The Office for National Statistics (ONS) accepts no liability whatsoever for losses of any kind arising as a result of reliance on this note.

Source agency: Office for National Statistics

Designation: National Statistics

Language: English

Alternative title: Budget",https://data.gov.uk/dataset/487c15d5-7a29-4354-89c2-37505aa42fb9,data.gov.uk,ogl-3.0,explicit,,[],economy-small-business,2026-10-07T21:30:32.051718+00:00
Estimated Effect of the Budget on Consumer Prices Index and Retail Prices Index,"The purpose of this article is to give the estimated effects on the Consumer Prices Index and Retail Prices Index resulting from duty and taxation changes announced in the Budget.


This article is simply a helpful guide to users of the CPI and RPI. The Office for National Statistics (ONS) accepts no liability whatsoever for losses of any kind arising as a result of reliance on this note.

Source agency: Office for National Statistics

Designation: National Statistics

Language: English

Alternative title: Budget",https://data.gov.uk/dataset/72daf072-f29d-47cd-94db-3ffb402377bc,data.gov.uk,ogl-3.0,explicit,,[],economy-small-business,2026-10-07T21:30:32.051718+00:00
Evaluating changes in bank lending to UK small and medium sized enterprises 2001 to 2012,Survey data on UK small and medium sized enterprise (SME) finance rejection rates. ,https://data.gov.uk/dataset/7ce6e1e0-800f-453e-901e-b79535cf7ea3,data.gov.uk,ogl-3.0,explicit,,[],economy-small-business,2026-10-07T21:30:32.051718+00:00
"Expenditure on local authority owned dwellings that received other ""Capital"" works - acquisitions - General Needs","The purpose of the Business Plan Statistical Appendix (BPSA) is to bring together information about a non-Large Scale Voluntary Transfer (LSVT) authority's Housing Revenue Account (HRA) stock. The BPSA reports progress made during the last financial year against Local Authority Business Plans. The BPSA collects information on a range of topics such as dwelling stock and vacants, Decent Homes, capital expenditure on HRA stock and service and management. This information is used centrally to inform policy development and progress monitoring on the Departmental Strategic Objective 2.7 - % Non-Decent Homes.",https://data.gov.uk/dataset/c21a396c-010f-4041-9948-7b1a181c1c9e,data.gov.uk,ogl-3.0,explicit,,[],economy-small-business,2026-10-07T21:30:32.051718+00:00
Explanations beyond exchange rates,"Economic theory suggests that a country's trade balance should increase following a depreciation of its currency, due to the effect on the relative price of its exports and imports. This article examines the reaction of the UK trade balance since the substantial depreciation of sterling between Q3 2007 and Q1 2009, and explores the reasons why trends in UK trade may not have developed as would be expected given the sustained depreciation of sterling.

Source agency: Office for National Statistics

Designation: Supporting material

Language: English

Alternative title: Explanations beyond exchange rates",https://data.gov.uk/dataset/7832879b-076d-48ef-9f45-041beb756bee,data.gov.uk,ogl-3.0,explicit,,[],economy-small-business,2026-10-07T21:30:32.051718+00:00
FCA mandated and voluntary information on current account services - August 2019,"Current account providers are publishing better information about the services they offer consumers and small businesses. This follows action by the FCA and the Competition and Markets Authority (CMA), and a voluntary commitment by banks and building societies.

This information helps consumers and small businesses find the right service for them, get the most out of it, and get help if things go wrong. It will also help others such as comparison services and the media to compare current accounts.

Below are tables of collected metrics on speed of service and on major incidents for each brand.  ",https://data.gov.uk/dataset/3ab2ae9b-d663-4387-82b5-65e69b968ff9,data.gov.uk,ogl-3.0,explicit,,[],economy-small-business,2026-10-07T21:30:32.051718+00:00
FCA: The retail intermediary market 2018,"Financial firms that that provide advice on, or arrange, mortgages, insurance policies or retail investment products for consumers must send the FCA information about their activities on the Retail Mediation Activities Return (RMAR).

The FCA uses this information to help it supervise the activities of these intermediary firms and inform the FCA’s other regulatory functions. The FCA has published data from the RMAR since 2016. This analysis gives an update on firms in the retail intermediary sector based on data for 2018.",https://data.gov.uk/dataset/01563f9c-a16c-4851-a4b6-dc1a10824b13,data.gov.uk,ogl-3.0,explicit,,[],economy-small-business,2026-10-07T21:30:32.051718+00:00
FE Choices,"This release contains 4 performance indicators: learner satisfaction, employer satisfaction, learner destinations, and success rates. The four indicators will be updated at different times during the year depending on when the data are collected. Information is published as soon as it is ready. FE Choices performance indicators have been desined to show information at the provider level

Source agency: Business, Innovation and Skills

Designation: Official Statistics not designated as National Statistics

Language: English

Alternative title: FE Choices",https://data.gov.uk/dataset/8c3e1e4e-2ec9-46f8-a0f5-27b3559745f4,data.gov.uk,ogl-3.0,explicit,,[],economy-small-business,2026-10-07T21:30:32.051718+00:00
"Farm Business Income, Net Farm Income and Cash Income","Presents income figures based on results from the Farm Business Survey.

Source agency: Environment, Food and Rural Affairs
Designation: National Statistics
Language: English
Alternative title: Farm Business Income, Net Farm Income and Cash Income

This dataset has been superseded by the dataset available here: https://data.gov.uk/dataset/farm_business_income",https://data.gov.uk/dataset/c948d573-25d9-4f90-ae29-712e449a9f2c,data.gov.uk,ogl-3.0,explicit,,[],economy-small-business,2026-10-07T21:30:32.051718+00:00
Farm Business Management Practices in England,"This release provides the results of questions on animal health and welfare practices adopted by farmers. 
Link to main notice: https://www.gov.uk/government/organisations/department-for-environment-food-rural-affairs/series/farm-business-survey#publications

Survey methodology
 
This release includes the results for the questions asked on business management practices. Comparisons to results from the previous business management practices module conducted in 2007/08 have where possible been included in this publication. Results from IT usage question were released on the 20 March 2013, for the detailed results please see: https://www.gov.uk/government/publications/farm-practices-survey-october-2012-computer-usage

The Farm Business Survey (FBS) is an annual survey providing information on the financial position and physical and economic performance of farm businesses in England. The sample of around 1,900 farm businesses covers all regions of England and all types of farming with the data being collected by face to face interview with the farmer. Results are weighted to represent the whole population of farm businesses that have at least 25,000 Euros of standard output as recorded in the annual June Survey of Agriculture and Horticulture.  In 2011 there were just over 56,000 farm businesses meeting this criteria. 
 
In the 2011/12 survey, an additional module was included to collect information on business management practices from a sub-sample of farm businesses. The information collected covered 
(i) business management practices such as benchmarking, risk management, IT usage and management accounting, 
(ii) practices specific to  animal health and welfare e.g. biosecurity, veterinary strategy, animal health plans, 
(iii) the environmental footprint of farming, GHG abatement, energy use and, 
(iv) climate change adaptation. 
 
When combined with other data from the survey this helps to explain farm businesses’ behaviour and how this varies with parameters such as farm type, farm size and performance. 
  
Completion of the business management practices module was voluntary with a response rate of 71% in 2011/12. The farms that responded to the business management practices module had similar characteristics to those farms in the main FBS in terms of farm type and geographical location. There is a smaller proportion of large and very large farms in the module subset than in the main FBS

For further information about the Farm Business Survey please see: https://www.gov.uk/government/organisations/department-for-environment-food-rural-affairs/series/farm-business-survey

Data analysis
 
The results from the FBS relate to farms which have a standard output of at least 25,000 Euros . Initial weights are applied to the FBS records based on the inverse sampling fraction for each design stratum (farm type by farm size). These weights are then adjusted (calibration weighting) so that they can produce unbiased estimators of a number of different target variables. Completion of the business management practices module was voluntary and a sample of around 1,350 farms was achieved. In order to take account of non-response, the results have been reweighted using a method that preserves marginal totals for populations according to farm type and farm size groups. As such, farm population totals for other classifications (e.g. regions) will not be in-line with results using the main FBS weights, nor will any results produced for variables derived from the rest of the FBS (e.g. farm business income).

Comparisons between 2007/08 and 2011/12
 
Results from the 2007/08 and 2011/12 business management practices modules are not directly comparable due to changes in the coverage of the survey and changes in the classification of farms for the 2010/11 campaign.  In 2010/11 the survey was restricted to include farms which have at least 25,000 Euros of standard output; prior to this the survey was restricted to farms with",https://data.gov.uk/dataset/33d505e2-4f74-4b90-9600-c3fa1023a196,data.gov.uk,ogl-3.0,explicit,,[],economy-small-business,2026-10-07T21:30:32.051718+00:00
Farm Business Survey incomes,"Presents income figures based on results from the Farm Business Survey.

Source agency: Environment, Food and Rural Affairs
Designation: National Statistics
Language: English
Alternative title: Farm Business Income",https://data.gov.uk/dataset/5270abf8-6827-498b-9e56-bc308bfb7f27,data.gov.uk,ogl-3.0,explicit,,[],economy-small-business,2026-10-07T21:30:32.051718+00:00
Farm Census,"Information is compiled from the Agricultural and Horticultural Census. This is an annual survey, conducted by the Statistics and Analytical Services Branch, DAERA.    Information is on Number of Farms, Number of LFA Farms, Number of Non LFA Farms, Area Farmed (ha), Average SO/SGM (‘000) per farm, Crops (ha), Grass (ha), Number of Cattle, Number of Sheep, Number of Pigs, Number of Poultry, Number of Farmers, Number of self Employed, Number of Spouses, Number of Other Workers, Total Labour on Farms, Number of v. small/small/medium/large farms.

Note that all small area data relating to less than 5 farm businesses has been suppressed and replaced with the number '3' to prevent disclosure. Due to the small number of farms within Belfast areas all data based on farm businesses or people has also been supressed in order to avoid large amounts of secondary suppression. 

For further details, please see The Agricultural Census in Northern Ireland webpage -https://www.daera-ni.gov.uk/articles/agricultural-census-northern-ireland.",https://data.gov.uk/dataset/2a936744-dd04-457d-99b5-0000450af4fb,data.gov.uk,ogl-3.0,explicit,,"[""Business Economy"", ""Environment"", ""Farming"", ""Statistics""]",economy-small-business,2026-10-07T21:30:32.051718+00:00
Farm Income Estimates,"Aggregate Total Income From Farming (TIFF) estimates including values for Inputs, Outputs, Grants and Subsidies. Average Farm Business Income estimates by farm type.

Source agency: Scottish Government

Designation: National Statistics

Language: English

Alternative title: Farm Income Estimates",https://data.gov.uk/dataset/1fbc9eef-c552-4aad-8cd9-dd7943036b2f,data.gov.uk,ogl-3.0,explicit,,[],economy-small-business,2026-10-07T21:30:32.051718+00:00
Farm Incomes,"Presents income figures based on results from the Farm Business Survey.

Source agency: Environment, Food and Rural Affairs
Designation: National Statistics
Language: English
Alternative title: Farm Business Income, Net Farm Income and Cash Income

This dataset has been superseded by the figures available here: https://data.gov.uk/dataset/farm_business_income ",https://data.gov.uk/dataset/4f075590-01c0-4902-947d-9084f64b5900,data.gov.uk,ogl-3.0,explicit,,[],economy-small-business,2026-10-07T21:30:32.051718+00:00
Farm Rents,"Estimates of average farm rent prices by farm type. The Farm Business Survey (FBS) provides information on the financial, physical and environmental performance of farm businesses in England to inform and evaluate policy decisions.

Source agency: Environment, Food and Rural Affairs
Designation: National Statistics
Language: English
Alternative title: Farm Rent Rates",https://data.gov.uk/dataset/ffc8f268-8459-4d8d-8c8e-086319eeeddb,data.gov.uk,ogl-3.0,explicit,,[],economy-small-business,2026-10-07T21:30:32.051718+00:00
Focus On The Digital Age,"This report gives an overview of the digital age across society and economy in the UK. It shows the extent to which people, education, business and government have taken up information and communication technology (ICT), and how it is changing leisure, working and business practices.

Source agency: Office for National Statistics

Designation: National Statistics

Language: English

Alternative title: Focus On The Digital Age",https://data.gov.uk/dataset/2720ad0f-960f-4f98-b83b-b05ebb854263,data.gov.uk,ogl-3.0,explicit,,[],economy-small-business,2026-10-07T21:30:32.051718+00:00
Food Standards Agency : Business Appointment Rules,All outside appointments or employment taken up by former Food Standards Agency staff at senior civil service levels SCS1 and SCS2.,https://data.gov.uk/dataset/19250914-41a2-45a7-9742-af550cfccbc0,data.gov.uk,ogl-3.0,explicit,,[],economy-small-business,2026-10-07T21:30:32.051718+00:00
Food and Feed Businesses subject to Intensified Official Controls," A list of companies exporting to the European Union currently made subject by the European Commission to Intensified Official Controls (those with the statuses ‘Active’, ‘Imposing checks’ or ‘New’ in the Intensified Official Controls part of the TRACES/TRACES NT system). It is possible that certain companies who have recently been made subject to checks and have yet to have a check carried out on them may not be on this list.",https://data.gov.uk/dataset/6ad174b4-a4f6-47f1-92ea-0e0b04566d70,data.gov.uk,ogl-3.0,explicit,,[],economy-small-business,2026-10-07T21:30:32.051718+00:00
Forecasts of Farm Business Income by farm type,"Presents forecast income figures based on results from the Farm Business Survey. Note: due to an error the statistics due to be published on the 30th January 2014, were disclosed to 13 Defra policy staff not on the pre–release access list on the day of release but prior to publication. The National Statistician’s Office has been advised and a breach report will be submitted. This dataset is updated on this page: https://data.gov.uk/dataset/farm_business_income 

Source agency: Environment, Food and Rural Affairs
Designation: National Statistics
Language: English
Alternative title: Forecasts of Farm Business Income by farm type",https://data.gov.uk/dataset/d1a5ba98-e1c1-4952-afe4-34bac7b21f4a,data.gov.uk,ogl-3.0,explicit,,[],economy-small-business,2026-10-07T21:30:32.051718+00:00
Foreign Direct Investment,"Provides a detailed breakdown of UK foreign direct investment flows, positions (stocks) and earnings (both inward and outward), by country, component and industry.
Source agency: Office for National Statistics
Designation: National Statistics
Language: English
Alternative title: FDI",https://data.gov.uk/dataset/7c0f79c6-0f27-4935-b4cc-04fa7f4b134f,data.gov.uk,ogl-3.0,explicit,,[],economy-small-business,2026-10-07T21:30:32.051718+00:00
Foreign ownership of businesses in the UK,"This note and the associated tables have been produced on the request of Regional Development Agencies (RDAs) for use by interested parties to assist in analysing and understanding foreign ownership of businesses in the UK and sub-nationally. The information will assist those developing inward investment strategic policies, giving an overview of subnational and regional differences. The tables provide a high level summary of foreign ownership activity in English regions and constituent countries of the UK – equivalent to NUTS 1 areas.

Source agency: Office for National Statistics

Designation: National Statistics

Language: English

Alternative title: Foreign ownership of businesses in the UK",https://data.gov.uk/dataset/e7691862-0a3f-46c5-8b6f-18a329acf598,data.gov.uk,ogl-3.0,explicit,,[],economy-small-business,2026-10-07T21:30:32.051718+00:00
Forest Heath District Council/Business rate properties,"Business rate properties
",https://data.gov.uk/dataset/42cc42ed-2e07-41fb-a492-3f6fb4cb0c18,data.gov.uk,ogl-3.0,explicit,,[],economy-small-business,2026-10-07T21:30:32.051718+00:00
Forest Heath District Council/Business rates accounts in credit,"Business rates accounts in credit
",https://data.gov.uk/dataset/e98a6a3f-1792-4bdc-85a5-015fb420cfc1,data.gov.uk,ogl-3.0,explicit,,[],economy-small-business,2026-10-07T21:30:32.051718+00:00
Forest Heath District Council/Business rates relief awarded,"Business rates relief awarded
",https://data.gov.uk/dataset/4d36ed3d-ec88-435a-9914-a3e034ee597f,data.gov.uk,ogl-3.0,explicit,,[],economy-small-business,2026-10-07T21:30:32.051718+00:00
Forest Heath District Council/Mobile food vendors/Street traders,"Mobile food vendors/Street traders
",https://data.gov.uk/dataset/f0efe7ed-d255-4caf-b5e4-8ca190733dbb,data.gov.uk,ogl-3.0,explicit,,[],economy-small-business,2026-10-07T21:30:32.051718+00:00
Forest Heath District Council/NNDR small business relief,"NNDR small business relief
",https://data.gov.uk/dataset/5ffd3790-c4ce-45df-b20a-38486ced3bdc,data.gov.uk,ogl-3.0,explicit,,[],economy-small-business,2026-10-07T21:30:32.051718+00:00
Forest Heath District Council/New business rate accounts created within the last month,"New business rate accounts created within the last month
",https://data.gov.uk/dataset/fcea1fb1-2293-4356-be58-d040ac32f140,data.gov.uk,ogl-3.0,explicit,,[],economy-small-business,2026-10-07T21:30:32.051718+00:00
Fuel Finder KPI,"Fuel Finder is a UK government service that aggregates live retail fuel prices and forecourt information across the United Kingdom. It helps motor fuel traders meet their reporting duties, enables authorised organisations to consume trusted open data (current prices, forecourt details and time-stamped updates) and lets motorists report issues they spot at the forecourt.",https://data.gov.uk/dataset/fc46fe77-eeee-42d2-8edc-c2dca4d3e972,data.gov.uk,ogl-3.0,explicit,,[],economy-small-business,2026-10-07T21:30:19.050446+00:00
GDP and the Labour Market,"Comparison of developments in GDP and the labour market in the latest quarter.
Source agency: Office for National Statistics
Designation: Supporting material
Language: English
Alternative title: GDP and Labour Market coherence",https://data.gov.uk/dataset/297e493c-c606-4e0a-ae1e-0ad9d0b22455,data.gov.uk,ogl-3.0,explicit,,[],economy-small-business,2026-10-07T21:30:32.051718+00:00
Gift Aid Repayments to Charities,"Provides annual information on Gift Aid repayments to charities, with counts of charities and total amounts of repayments of basic rate income tax. Previoulsy listed under 'Revenue-based Taxes and Benefits: Charitable donations and tax relief'.

Source agency: HM Revenue and Customs

Designation: National Statistics

Language: English

Alternative title: Gift Aid Repayments to Charities",https://data.gov.uk/dataset/0c7e33f1-9fbe-453b-81b9-00245557f97d,data.gov.uk,ogl-3.0,explicit,,[],economy-small-business,2026-10-07T21:30:32.051718+00:00
Global Connections Survey,"Annual Scottish exports statistics for 2002-2008, disaggregated by industry, country of destination and size of company.  In addition, statistics for exports from Scotland to the rest of the UK will be included.

Source agency: Scottish Government

Designation: Official Statistics not designated as National Statistics

Language: English

Alternative title: GCS",https://data.gov.uk/dataset/e5fcb980-7976-48f1-b551-30ddbeaff199,data.gov.uk,ogl-3.0,explicit,,[],economy-small-business,2026-10-07T21:30:32.051718+00:00
Global companies by R&D investment by sector 2010,"Scoreboard ranking the top 1,000 global companies by research and development (R&D) investment within industry.",https://data.gov.uk/dataset/c7f543f4-0077-4b55-92c0-8d5f8b3b3b8f,data.gov.uk,ogl-3.0,explicit,,[],economy-small-business,2026-10-07T21:30:32.051718+00:00
Grant for business investment: number and value of orders,"Underlying data from the publication Grant for Business Investment [in England, table 1]",https://data.gov.uk/dataset/cd16a939-1a21-46d9-a4e1-c0fe7fe06891,data.gov.uk,ogl-3.0,explicit,,[],economy-small-business,2026-10-07T21:30:32.051718+00:00
"Grant for business investment: offers of £75,000 or more","Underlying data from the publication Grant for Business Investment [in England, table 2]",https://data.gov.uk/dataset/ce7a29b2-f8c2-479e-a554-9581cd188257,data.gov.uk,ogl-3.0,explicit,,[],economy-small-business,2026-10-07T21:30:32.051718+00:00
"Grants to Voluntary, Community and Social Enterprise (VCSE) Organisations","Information on grants to Voluntary, Community and Social Enterprise (VCSE) organisations as required by the Local Government Transparency Code 2015",https://data.gov.uk/dataset/f668a4d2-01ee-4d93-ab74-d2fcb4a55efd,data.gov.uk,ogl-3.0,explicit,,[],economy-small-business,2026-10-07T21:30:32.051718+00:00
"Grants to voluntary, community and social enterprise organisations","This dataset contains details of all grants made by the Council to voluntary, community and social enterprise organisations. ",https://data.gov.uk/dataset/2a6d66d7-a6c1-432b-a617-9dc3316f0180,data.gov.uk,ogl-3.0,explicit,,[],economy-small-business,2026-10-07T21:30:32.051718+00:00
Gross Domestic Product: Preliminary Estimate,"Preliminary estimate for Gross Domestic Product (GDP) containing constant price Gross Value Added (GVA) data for the UK. Data are available by industrial sector.
Source agency: Office for National Statistics
Designation: National Statistics
Language: English
Alternative title: Gross Domestic Product: Preliminary Estimate",https://data.gov.uk/dataset/465adedf-48aa-4dc0-a250-a060c3946711,data.gov.uk,ogl-3.0,explicit,,[],economy-small-business,2026-10-07T21:30:32.051718+00:00
Gross National Income Inventory of Methods,"The Inventory details how UK annual Gross Domestic Product (GDP) is estimated at current market prices by production, income and expenditure approaches.

Source agency: Office for National Statistics

Designation: National Statistics

Language: English

Alternative title: GNI",https://data.gov.uk/dataset/c4302e70-b8ca-43d7-a30f-f1fc2747603f,data.gov.uk,ogl-3.0,explicit,,[],economy-small-business,2026-10-07T21:30:32.051718+00:00
Gross value added (GVA) for local enterprise partnerships in the UK,Data and commentary on nominal gross value added (GVA) and productivity for local enterprise partnerships (LEPs).,https://data.gov.uk/dataset/86218c8c-0f4f-4727-8d5b-cce2f89b76a4,data.gov.uk,ogl-3.0,explicit,,[],economy-small-business,2026-10-07T21:30:32.051718+00:00
Gross value added at current basic prices,"Estimates of Gross Value Added (GVA) by industry at current prices

Source agency: Office for National Statistics

Designation: National Statistics

Language: English

Alternative title: Gross value added at current basic prices",https://data.gov.uk/dataset/ee35c48f-c5b7-4202-854c-61227ad51f00,data.gov.uk,ogl-3.0,explicit,,[],economy-small-business,2026-10-07T21:30:32.051718+00:00
HE - Business and Community Interaction (2008/09 to 2015/16),"Higher education providers are embedded in the economy and communities of the UK.

This publication provides a detailed picture of interactions between UK higher education providers and businesses & the wider community. Such interactions include spin offs and start-up companies, intellectual property, consultancy, CPD, public engagement, and more.

Data is available from 2008/09 to 2015/16.",https://data.gov.uk/dataset/272cee1a-97ed-410e-8d95-3d50d60400be,data.gov.uk,cc-by,explicit,,[],economy-small-business,2026-10-07T21:30:32.051718+00:00
Household income by ethnicity,"The data measures the weekly income of households in the UK before tax. It includes the total income of everyone who lives in the household.

Data comes from the Family Resources Survey (Department for Work and Pensions) and is published on 'Ethnicity facts and figures'.",https://data.gov.uk/dataset/4271e8db-008c-479d-a12d-3e80ab3184ba,data.gov.uk,ogl-3.0,explicit,,[],economy-small-business,2026-10-07T21:30:32.051718+00:00
ICT Activity of UK Businesses,"Use of Information and Communication Technology (ICT) and e-commerce activity by UK businesses
Source agency: Office for National Statistics
Designation: National Statistics
Language: English
Alternative title: e-commerce",https://data.gov.uk/dataset/6dec5a4a-f66b-4a81-9fe1-31185f600b55,data.gov.uk,ogl-3.0,explicit,,[],economy-small-business,2026-10-07T21:30:32.051718+00:00
IT and Industry,"How internet use is correlated to various socio-demographic characteristics, such as age, sex, disability and geographical location. As a result of user needs, this release has also introduced a new breakdown of internet users, into adults who have used the internet within the last 3 months (recent users) and adults who last used the internet more than 3 months ago (lapsed users).",https://data.gov.uk/dataset/1ccacf6e-c8be-425f-991d-198ccc51bd97,data.gov.uk,ogl-3.0,explicit,,[],economy-small-business,2026-10-07T21:30:32.051718+00:00
Impact Readiness Fund,"This was a new £1.5 million pilot fund managed by the Social Investment Business for the Cabinet Office that offered grants and support to social ventures to understand and improve their social impact and demonstrate improvements to investors and commissioners. Grants between £15,000 and £150,000 were available to help ventures build infrastructure and skills required to manage their performance, increase their social impact, and attract social investment / win contracts. This data shows: the venture supported, the grant amount and the postcode where the venture is headquartered. This data has been submitted by the Social Investment Business Group who manage the fund. 

A data visualisation platform of the Cabinet Office Investment Readiness Programme can be viewed here: http://data.gov.uk/data/viz/investment-readiness-programme

About the Fund manager - http://www.sibgroup.org.uk/

About the fund - http://www.sibgroup.org.uk/impact-readiness-fund/

",https://data.gov.uk/dataset/a7a2834e-26d4-44de-82ea-2135b9fa757f,data.gov.uk,ogl-3.0,explicit,,[],economy-small-business,2026-10-07T21:30:32.051718+00:00
Impact indicator: growth in business rates yield,"Business rates yield growth within Enterprise Zones

#### How the figure is calculated:

The figure is calculated as the value of business rates relief plus the value of business rate yield minus the baseline level of business rates yield, across all enterprise zones. The data are taken from the Department's National Non-Domestic Rates 1 statistical returns, and are forecasts as reported by local authorities for the financial year 2015-16

#### Why is this indicator in the business plan?

Enterprise Zones are a key local growth initiative, designed to stimulate new businesses and jobs. The growth in business rates yield can be used as an indicator of how successful Enterprise Zones have been at attracting and growing businesses however, these are gross figures and have not been adjusted for additionality.


#### How often is it updated?

Annually. NNDR 1 forms, providing a forecast for the year ahead, are published in February prior to the financial year to which they refer. Provisional NNDR 3 forms, providing outturn figures, are published in August of the financial year after which they refer. A further revised release, based on auditor certified returns is published later in the year (November).

#### Where does the data come from?

Based on data returned to the Department for Communities and Local Government by English billing authorities on National Non-Domestic Rates (NNDR1) forms and the NNDR3 form.


#### What area does the headline figure cover?

England

#### Are further breakdowns of the data available?

Data are available by local authority.

#### What does a change in this indicator show?

An increase in the growth in business rates yield can be used as a proxy for the gross increase in economic activity in an Enterprise Zone (created by new or expanding businesses). The business rate yield figures are not adjusted for additionality.

#### Time Lag

NNDR1 forms are a leading indicator, NNDR 3 forms are published five months after the end of the financial year to which they refer.

#### Next available update

February 2016.

#### Type of Data

Official Statistic


#### Robustness and data limitations

The financial data contained in the NNDR1 form will be used by billing authorities and major precepting authorities to agree a schedule of payments for the share of business rates income that is to be paid to major precepting authorities. The data will also be used in calculating the entitlement that individual local authorities might have to safety net payments. It also informs other payments that need to be made under the business rates retention scheme, both between billing authorities and major precepting authorities, and between the Department for Communities and Local Government and local authorities. 
This statistical release is based on 100% response rate on information provided by Friday 30 January 2015. Local authorities therefore have a very strong financial incentive to report accurate financial figures on the NNDR1 forms. The form also has to be signed by the Chief Finance Officer of the authority. 
Figures are subjected to rigorous pre-defined validation tests both within the form itself, while the form is being completed by the authority and also within the Department for Communities and Local Government as the data are received and stored. Finally, the release document, once prepared, is also subject to intensive peer review before being cleared as fit for the purposes of publication.

#### Links to Further Information

The latest NNDR1 and NNDR3 statistical releases and local authority level data can be found [here]
(https://www.gov.uk/government/organisations/department-for-communities-and-local-government/series/national-non-domestic-rates-collected-by-councils).

#### Contact Details

[CorporatePerformance@communities.gsi.gov.uk](mailto:CorporatePerformance@communities.gsi.gov.uk)



",https://data.gov.uk/dataset/d8d66f4d-da54-4afa-8804-65b2e7235501,data.gov.uk,ogl-3.0,explicit,,[],economy-small-business,2026-10-07T21:30:32.051718+00:00
Import demand: long run income elasticities,Results presented in BIS research paper no. 144 Long run income elasticities of import demand.,https://data.gov.uk/dataset/96d664c4-8cb1-4b28-a12f-6a30f877e307,data.gov.uk,ogl-3.0,explicit,,[],economy-small-business,2026-10-07T21:30:32.051718+00:00
Improvements to the Construction Price Indices and impacts,"This article reports on work to develop and test improvements to the methodology and reporting of the construction price and cost indices.

Source agency: Business, Innovation and Skills

Designation: Supporting material

Language: English

Alternative title: Improvements to the Construction Price Indices and impacts",https://data.gov.uk/dataset/ae7ead46-8403-455d-9774-4365e564f0e6,data.gov.uk,ogl-3.0,explicit,,[],economy-small-business,2026-10-07T21:30:32.051718+00:00
Income Tax Deducted from Pay Statistics,"Information on the industry distribution of PAYE (Pay As You Earn) tax deducted from pay by tax year. Previously listed under 'Revenue-based Taxes and Benefits: Income tax statistics and distributions'.

Source agency: HM Revenue and Customs

Designation: National Statistics

Language: English

Alternative title: Income Tax Deducted from Pay Statistics",https://data.gov.uk/dataset/2a3b24a3-946f-42b7-a9f9-4be08dab056d,data.gov.uk,ogl-3.0,explicit,,[],economy-small-business,2026-10-07T21:30:32.051718+00:00
Income Tax Liabilities Statistics,"Provides breakdowns of the number of income taxpayers and Income Tax liabilities by age and gender, marginal tax rate, income source and tax band, and by country and region. Previously listed under 'Revenue-based Taxes and Benefits: Income tax statistics and distributions'.

Source agency: HM Revenue and Customs

Designation: National Statistics

Language: English

Alternative title: Income Tax Liabilities Statistics",https://data.gov.uk/dataset/5cf96cbc-1751-44ca-b3a9-54e0a0fd1736,data.gov.uk,ogl-3.0,explicit,,[],economy-small-business,2026-10-07T21:30:32.051718+00:00
Income Tax Receipts,"This publication contains income tax receipts broken down according to the way in which tax is collected (through Pay As You Earn, Self Assessment etc), income tax repayments and tax credit figures on an annual basis. Previously listed under 'Revenue-based Taxes and Benefits: Income tax statistics and distributions'.

Source agency: HM Revenue and Customs

Designation: National Statistics

Language: English

Alternative title: Income Tax Receipts",https://data.gov.uk/dataset/98e9667d-3e63-4d60-bfca-d20bfbe60696,data.gov.uk,ogl-3.0,explicit,,[],economy-small-business,2026-10-07T21:30:32.051718+00:00
Index of Production (Northern Ireland),"General measure of changes in output of production sector industries.

Source agency: Enterprise, Trade and Investment (Northern Ireland)

Designation: National Statistics

Language: English

Alternative title: Index of Production (Northern Ireland)",https://data.gov.uk/dataset/e7391fc1-3791-48e0-8605-aeb09f805042,data.gov.uk,ogl-3.0,explicit,,[],economy-small-business,2026-10-07T21:30:32.051718+00:00
Index of Production in Northern Ireland,"General measure of changes in output of production sector industries.

Source agency: Enterprise, Trade and Investment (Northern Ireland)

Designation: National Statistics

Language: English

Alternative title: Index of Production in Northern Ireland",https://data.gov.uk/dataset/307ff28f-8f29-40d7-9506-98d5fabbfedd,data.gov.uk,ogl-3.0,explicit,,[],economy-small-business,2026-10-07T21:30:32.051718+00:00
Index of Services,"Shows the monthly movements in gross value added for the service industries, which overall account for around 78 per cent of UK Gross Domestic Product (GDP).
Source agency: Office for National Statistics
Designation: National Statistics
Language: English
Alternative title: IoS",https://data.gov.uk/dataset/09452b49-bf3e-4163-a663-5b10b3ad0431,data.gov.uk,ogl-3.0,explicit,,[],economy-small-business,2026-10-07T21:30:32.051718+00:00
Index of Services (Northern Ireland),"General measure of changes in output of service sector industries.

Source agency: Enterprise, Trade and Investment (Northern Ireland)

Designation: Official Statistics not designated as National Statistics

Language: English

Alternative title: Index of Services (Northern Ireland)",https://data.gov.uk/dataset/840f870a-a4f7-41ff-a4d8-5f36b61ff2df,data.gov.uk,ogl-3.0,explicit,,[],economy-small-business,2026-10-07T21:30:32.051718+00:00
Individual Savings Accounts Detailed Tables 9.7 to 9.12,"Provides information on the distributions of savings in Individual Savings Accounts (ISA) by income, age, gender and region

Source agency: HM Revenue and Customs

Designation: National Statistics

Language: English

Alternative title: Individual Savings Accounts",https://data.gov.uk/dataset/111d0bab-8f07-4c5b-b4a2-eb66a29152b1,data.gov.uk,ogl-3.0,explicit,,[],economy-small-business,2026-10-07T21:30:32.051718+00:00
Individual Voluntary Arrangements (IVAs) outcome statistics,"Presents statistics on IVA outcomes - completions, failures and ongoing cases - since their introduction in England and Wales

Source agency: Business, Innovation and Skills

Designation: Official Statistics not designated as National Statistics

Language: English

Alternative title: IVAs",https://data.gov.uk/dataset/0498c0d1-9608-4898-ad7a-c05773b270e4,data.gov.uk,ogl-3.0,explicit,,[],economy-small-business,2026-10-07T21:30:32.051718+00:00
Information security breaches survey,"The number and type of information security breaches affecting UK businesses in 2012. Based on a survey of 1,402 UK businesses, carried out in four separate questionnaires. ",https://data.gov.uk/dataset/64a0b145-6d34-4e53-a037-9dd5702074ce,data.gov.uk,ogl-3.0,explicit,,[],economy-small-business,2026-10-07T21:30:32.051718+00:00
Input-Output Analyses,"Input-Output Annual Supply and Use Tables (I-O SUTs) and various other analyses, which contain details of the components of Gross Domestic Product (GDP) for the United Kingdom (UK), as measured using the production, income and expenditure approaches.

Source agency: Office for National Statistics

Designation: National Statistics

Language: English

Alternative title: I-O",https://data.gov.uk/dataset/e05c13c4-26cf-42f8-adeb-f1496b537f40,data.gov.uk,ogl-3.0,explicit,,[],economy-small-business,2026-10-07T21:30:32.051718+00:00
Input-Output Supply and Use Tables,"An essential source for the data underlying Gross Domestic Product. These balances provide a single framework showing the relationship between components of value added, industry inputs and outputs, and product supply and demand.
Source agency: Office for National Statistics
Designation: National Statistics
Language: English
Alternative title: SUT",https://data.gov.uk/dataset/1f6cb1db-a3c3-4c3a-a17a-68e191e1ff71,data.gov.uk,ogl-3.0,explicit,,[],economy-small-business,2026-10-07T21:30:32.051718+00:00
Input-Output Tables and Multipliers for Scotland,"The tables provide a complete picture of the flows of goods and services in the economy for a given year. They detail the relationship between producers and consumers and the interdependencies of industries.

Source agency: Scottish Government

Designation: Official Statistics not designated as National Statistics

Language: English

Alternative title: Input-Output Tables and Multipliers for Scotland",https://data.gov.uk/dataset/ec6b92cb-93d7-4a07-8b75-b638daf3e511,data.gov.uk,ogl-3.0,explicit,,[],economy-small-business,2026-10-07T21:30:32.051718+00:00
Insolvency Statistics,"Presents statistics on quarterly insolvencies for the UK include headline figures for England and Wales.

Source agency: Business, Innovation and Skills

Designation: National Statistics

Language: English

Alternative title: Insolvency Statistics",https://data.gov.uk/dataset/830bb7e5-ec09-4216-8d75-f16c2a0df0d2,data.gov.uk,ogl-3.0,explicit,,[],economy-small-business,2026-10-07T21:30:32.051718+00:00
Inter-Departmental Business Register (IDBR) Facts and Figures (Northern Ireland),"Numbers of VAT and PAYE registered businesses in Northern Ireland, by region, size and industry.

Source agency: Finance and Personnel (Northern Ireland)

Designation: National Statistics

Language: English

Alternative title: IDBR Facts and Figures",https://data.gov.uk/dataset/74e2703e-0d22-4ea9-afb1-509f2ece294d,data.gov.uk,ogl-3.0,explicit,,[],economy-small-business,2026-10-07T21:30:32.051718+00:00
Inter-Departmental Business Register (IDBR) Facts and Figures (Northern Ireland),"Numbers of VAT and PAYE registered businesses in Northern Ireland, by region, size and industry.

Source agency: Enterprise, Trade and Investment (Northern Ireland)

Designation: National Statistics

Language: English

Alternative title: IDBR Facts and Figures",https://data.gov.uk/dataset/f048042f-266c-4820-a9db-f6743beff19f,data.gov.uk,ogl-3.0,explicit,,[],economy-small-business,2026-10-07T21:30:32.051718+00:00
Inter-Departmental Business Register (IDBR) Facts and Figures (Northern Ireland),"Numbers of VAT and PAYE registered businesses in Northern Ireland, by region, size and industry.

Source agency: Northern Ireland Statistics and Research Agency

Designation: National Statistics

Language: English

Alternative title: IDBR Facts and Figures",https://data.gov.uk/dataset/9043dc25-4c81-4ab7-a163-5104424c6cc0,data.gov.uk,ogl-3.0,explicit,,[],economy-small-business,2026-10-07T21:30:32.051718+00:00
International Comparisons of Productivity,"An international comparison of productivity across the G7 nations, in terms of the level of and growth in GDP per hour and GDP per worker.
Source agency: Office for National Statistics
Designation: National Statistics
Language: English
Alternative title: ICP",https://data.gov.uk/dataset/4a78bc12-7cf3-4380-86fe-768ba0422afa,data.gov.uk,ogl-3.0,explicit,,[],economy-small-business,2026-10-07T21:30:32.051718+00:00
International Trade in Services,"Detailed product, industry and geographic breakdowns of imports and exports of services, mainly based on data from the International Trade in Services (ITIS) Survey.

Source agency: Office for National Statistics

Designation: National Statistics

Language: English

Alternative title: ITIS",https://data.gov.uk/dataset/0cf14947-1272-4551-84a8-07f98a6a50c2,data.gov.uk,ogl-3.0,explicit,,[],economy-small-business,2026-10-07T21:30:32.051718+00:00
International comparative performance of the UK research base,"Data on the performance of the United Kingdom's (UK) research base compared to seven other research-intensive countries (Canada, China, France, Germany, Italy, Japan, and US) and, where data are available, with the EU27, the Organisation for Economic Co-operation and Development (OECD) member countries' groups, and three other fast growing nations (Brazil, Russia and India). Investment and performance in the national research system is tracked in an international setting, combining bibliometric and other research measure across different international indicators, presenting a multifaceted view of the UK's comparative performance in research as well as the trends that may affects its position. ",https://data.gov.uk/dataset/41de55db-791a-42ae-84ab-947a239e1b18,data.gov.uk,ogl-3.0,explicit,,[],economy-small-business,2026-10-07T21:30:32.051718+00:00
International transactions of the UK film and television industries,"Covers International Transactions of the film and television industry through a variety of formats.

Source agency: Office for National Statistics

Designation: National Statistics

Language: English

Alternative title: International transactions of the UK film and television industries FTV",https://data.gov.uk/dataset/a9dc0c0b-2c3c-419b-8393-5f9dbeba0594,data.gov.uk,ogl-3.0,explicit,,[],economy-small-business,2026-10-07T21:30:32.051718+00:00
Introducing the new RPIJ measure of Consumer Price Inflation,"This article describes the new RPIJ measure of Consumer Price Inflation. RPIJ is a Retail Prices Index (RPI) based measure that will use a geometric (Jevons) formula in place of one type of arithmetic formula (Carli). It is being launched in response to the National Statistician's conclusion that the RPI does not meet international standards due to the use of the Carli formula in its calculation. The accompanying Excel file includes a back series for RPIJ from 1997 to 2012.

Source agency: Office for National Statistics

Designation: National Statistics

Language: English

Alternative title: New RPIJ measure of Consumer Price Inflation",https://data.gov.uk/dataset/bf23a3e4-1dfa-46c9-93f6-4a7d8411fc6b,data.gov.uk,ogl-3.0,explicit,,[],economy-small-business,2026-10-07T21:30:32.051718+00:00
Investment and Contract Readiness Fund Data,"This data shows grants made by the Investment and Contract Readiness Fund into high growth potential social ventures. The Investment and Contract Readiness Fund paid for business support to help social ventures raise investment of over £500k or win bids to deliver public services contracts valued at over £1m. The data shows: the venture supported, the grant amount, and the postcode where the venture is headquartered. This data is has been submitted by the Social Investment Business Group who manage the fund. 

A data visualisation platform of the Cabinet Office Investment Readiness Programme can be viewed here: http://data.gov.uk/data/viz/investment-readiness-programme",https://data.gov.uk/dataset/8f944121-f0c4-4f34-91b3-4d182bd118ec,data.gov.uk,ogl-3.0,explicit,,[],economy-small-business,2026-10-07T21:30:32.051718+00:00
"Investment by Insurance Companies, Pension Funds and Trusts","Contains quarterly net investment data arising from financial transactions (investments) made by insurance companies, self-administered pension funds, investment trusts, unit trusts and property unit trusts. Quarterly balance sheet data for short-term assets and liabilities are also reported. Income and expenditure data are provided for insurance companies (quarterly and annual) and self-administered pension funds (quarterly). In addition, annual balance sheet data are reported for all sectors.

Source agency: Office for National Statistics

Designation: National Statistics

Language: English

Alternative title: Investment by Insurance Companies, Pension Funds and Trusts",https://data.gov.uk/dataset/315ef670-3247-4254-84c8-1406ebe91d63,data.gov.uk,ogl-3.0,explicit,,[],economy-small-business,2026-10-07T21:30:32.051718+00:00
Ipswich Borough Council/Mobile food vendors/Street traders,"Mobile food vendors and street traders
",https://data.gov.uk/dataset/ef13eb2a-458f-4097-afd0-a6cc24764736,data.gov.uk,ogl-3.0,explicit,,[],economy-small-business,2026-10-07T21:30:32.051718+00:00
Jobs Growth,"Business growth and employment growth (2003-2007), by SOA.",https://data.gov.uk/dataset/d1067793-d55e-47e7-ab58-e04e526f5dff,data.gov.uk,ogl-3.0,explicit,,[],economy-small-business,2026-10-07T21:30:32.051718+00:00
King's Award for Enterprise recipients,"This dataset provides a complete historical record of all recipients of the King's Award for Enterprise (previously The Queen's Award to Industry) from its inception in 1965 to the most recent announced recipients.

The award recognises outstanding UK business achievements in the following categories: innovation, international trade, sustainability and promoting opportunity (through social mobility).

The data is updated annually as soon as each new cohort of recipients is officially announced. While the information is available publicly via The Gazette, this dataset offers a consolidated, downloadable CSV version through the Government’s public data service.

The downloadable King’s Award data includes:
* Current holders of the award
* Notable, current individual award recipients (Life Time Holders)
* Every award recipient from 1966 to 2020",https://data.gov.uk/dataset/c06e5bbe-6131-42c8-846d-eb03147b9092,data.gov.uk,cc-by,explicit,,[],economy-small-business,2026-10-07T21:30:32.051718+00:00
Labour Productivity,"Output per hour, output per job and output per worker for the whole economy and a range of industries. Includes estimates of unit labour costs.
Source agency: Office for National Statistics
Designation: National Statistics
Language: English
Alternative title: Labour Productivity",https://data.gov.uk/dataset/3cf4af22-cd19-4301-94e1-903929c0ddde,data.gov.uk,ogl-3.0,explicit,,[],economy-small-business,2026-10-07T21:30:32.051718+00:00
Large businesses and SMEs: exploring how SMEs interact with large businesses,"This data describes small and medium enterprise (SME) relationships with large businesses and how these affect SME growth. Provides evidence for a report on the factors that affect growth in medium sized businesses; and how relationships and interactions between SMEs and large businesses affect SME growth.

",https://data.gov.uk/dataset/48e7b207-b787-4cf6-b04a-41e74c499126,data.gov.uk,ogl-3.0,explicit,,[],economy-small-business,2026-10-07T21:30:32.051718+00:00
Lichfield District Council Business Rates Full Property List,"Business Rates full property list in Lichfield District Council. The data-set includes reliefs, voids and annual liability. ",https://data.gov.uk/dataset/fffa3201-59bb-4dc1-ba67-d6a971910acb,data.gov.uk,ogl-3.0,explicit,,[],economy-small-business,2026-10-07T21:30:32.051718+00:00
Life science sector data,"This annual report includes charts on the UK life science sector, and how it compares to other countries. Areas covered include:
UK industry
research and development
regulatory environment
clinical research
In March 2022, metric 3 was amended to “Industry spend on pharmaceutical research and development in the UK”. This edit reflects the inclusion of all spend on pharmaceutical research and development by all businesses, not only pharmaceutical companies.",https://data.gov.uk/dataset/b539cfc7-358b-42c4-a9d7-8f9c20b309c6,data.gov.uk,ogl-3.0,explicit,,[],economy-small-business,2026-10-07T21:30:32.051718+00:00
Listing of potential government procurement opportunities by industry sector,"Lists of government future procurement plans by 17 industry sectors are published on Contracts Finder. Each entry identifies the requirement, buying organisation, potential timescales, indicative value of the opportunity and the location where the service/goods would be required.",https://data.gov.uk/dataset/43fcf2d4-ca82-41a9-9e9b-630c05b4818b,data.gov.uk,ogl-3.0,explicit,,[],economy-small-business,2026-10-07T21:30:32.051718+00:00
Location Quotients by Industry,"For Local Authorities, 2011 - ONS",https://data.gov.uk/dataset/836fa423-09c9-4e09-80e7-ba981b5cb930,data.gov.uk,ogl-3.0,explicit,,[],economy-small-business,2026-10-07T21:30:32.051718+00:00
Low carbon and environmental goods and services industry analysis,"Underlying data from Low Carbon and Environmental Goods and Services (LCEGS) reports. Quantifies the low carbon and environmental goods and services sector with data on UK and international markets as well as forecast areas of growth for the UK. Covers estimates for UK and global turnover, employment, company numbers and international trade LCEGS.",https://data.gov.uk/dataset/ab9e8025-9d00-4172-b0e9-9262967e70b6,data.gov.uk,ogl-3.0,explicit,,[],economy-small-business,2026-10-07T21:30:32.051718+00:00
Lower Quartile House Prices - Land Registry (Quarterly),"Annual house price inflation, simple and mix-adjusted average house prices, by dwelling, type of buyer, number of transactions, mortgage advances, distribution of borrowers' ages/incomes, interest rates, land prices, average valuations, Land Registry data",https://data.gov.uk/dataset/6c58fe7c-32e1-4860-9023-6431ae629064,data.gov.uk,ogl-3.0,explicit,,[],economy-small-business,2026-10-07T21:30:32.051718+00:00
"MQ5: Investment by Insurance Companies, Pension Funds and Trusts","Information about the investment choices of insurance companies, self-administered pension funds, investment trusts, unit trusts and property unit trusts. Reported in this release are quarterly net investment data arising from financial transactions (investments) made by these institutional groups. Also included are quarterly balance sheet data for short-term assets and liabilities, along with quarterly income and expenditure data for insurance companies and self-administered pension funds. All data are reported at current prices (effects of price changes included).
Source agency: Office for National Statistics
Designation: National Statistics
Language: English
Alternative title: MQ5: Investment by Insurance Companies, Pension Funds and Trusts",https://data.gov.uk/dataset/a81b68f7-d08c-4cd9-a082-8221d32c8f84,data.gov.uk,ogl-3.0,explicit,,[],economy-small-business,2026-10-07T21:30:32.051718+00:00
Manufacturing Sales and Exports (Northern Ireland),"Sales and Exports generated by Northern Ireland manufacturing businesses.

Source agency: Northern Ireland Statistics and Research Agency

Designation: National Statistics

Language: English

Alternative title: Manufacturing Sales and Exports (Northern Ireland)",https://data.gov.uk/dataset/8d672b60-5bdc-4134-bd33-bbd365a08e12,data.gov.uk,ogl-3.0,explicit,,[],economy-small-business,2026-10-07T21:30:32.051718+00:00
Manufacturing Sales and Exports (Northern Ireland),"Sales and Exports generated by Northern Ireland manufacturing businesses.

Source agency: Enterprise, Trade and Investment (Northern Ireland)

Designation: National Statistics

Language: English

Alternative title: Manufacturing Sales and Exports (Northern Ireland)",https://data.gov.uk/dataset/ea0b6af7-3451-4a1a-9325-10ecd157d934,data.gov.uk,ogl-3.0,explicit,,[],economy-small-business,2026-10-07T21:30:32.051718+00:00
Marine Management Organisation Master Data Register,This catalogue is known as the MMO Master Data Register (MDR) and it currently contains information to support our business and our regulatory and decision-making functions. The MDR is a key internal tool for data management.,https://data.gov.uk/dataset/f71fb9f5-d440-40fc-9f63-f4eda2d45d4d,data.gov.uk,ogl-3.0,explicit,,[],economy-small-business,2026-10-07T21:30:32.051718+00:00
Mean House Prices (Land Registry),"Annual house price inflation, simple and mix-adjusted average house prices, by dwelling, type of buyer, number of transactions, mortgage advances, distribution of borrowers' ages/incomes, interest rates, land prices, average valuations, Land Registry data",https://data.gov.uk/dataset/cace4ffc-e6f0-4577-8a2c-3e6fd2881909,data.gov.uk,ogl-3.0,explicit,,[],economy-small-business,2026-10-07T21:30:32.051718+00:00
Mean House Prices - Land Registry (Quarterly),"Annual house price inflation, simple and mix-adjusted average house prices, by dwelling, type of buyer, number of transactions, mortgage advances, distribution of borrowers' ages/incomes, interest rates, land prices, average valuations, Land Registry data",https://data.gov.uk/dataset/693090ec-5aae-42ea-8926-ee9356cc7f0b,data.gov.uk,ogl-3.0,explicit,,[],economy-small-business,2026-10-07T21:30:32.051718+00:00
Measuring Benefits in Kind,"This article looks at how benefits in kind households receive from the state are measured within the Effects of Taxes and Benefits on Household Income publication and how the methodology behind these measurements has changed between the years 2005/06 and 2010/11. We also retrospectively apply the current methodology back to the year 2005/06 in order to produce a consistent series showing how the size and distribution of benefits in kind received by households have changed over time.

Source agency: Office for National Statistics

Designation: Supporting material

Language: English

Alternative title: Methodological Changes in the Measurement of Benefits in Kind",https://data.gov.uk/dataset/333c3deb-3a90-49ae-abf6-a584521c73bb,data.gov.uk,ogl-3.0,explicit,,[],economy-small-business,2026-10-07T21:30:32.051718+00:00
Measuring e-commerce,"An e-commerce and internet access dashboard bringing together information from various sources including the e-commerce survey of businesses and internet access usage statistics from households and individuals.

Source agency: Office for National Statistics

Designation: Supporting material

Language: English

Alternative title: Ecommerce dashboard",https://data.gov.uk/dataset/3d335447-327d-4d4f-aadb-219e938586ec,data.gov.uk,ogl-3.0,explicit,,[],economy-small-business,2026-10-07T21:30:32.051718+00:00
Median House Prices (Land Registry),"Annual house price inflation, simple and mix-adjusted average house prices, by dwelling, type of buyer, number of transactions, mortgage advances, distribution of borrowers' ages/incomes, interest rates, land prices, average valuations, Land Registry data",https://data.gov.uk/dataset/fd7e670e-fd36-4c59-9640-0bedb656d1f6,data.gov.uk,ogl-3.0,explicit,,[],economy-small-business,2026-10-07T21:30:32.051718+00:00
Mid Suffolk District Council/Business rate properties,"Business rate properties
",https://data.gov.uk/dataset/c078b075-dd0d-4bd2-b8c0-b2fe21004c91,data.gov.uk,ogl-3.0,explicit,,[],economy-small-business,2026-10-07T21:30:32.051718+00:00
Mid Suffolk District Council/Business rates accounts in credit,"Business rates accounts in credit
",https://data.gov.uk/dataset/e7e8e380-bd25-46b8-b497-0d83702f1926,data.gov.uk,ogl-3.0,explicit,,[],economy-small-business,2026-10-07T21:30:32.051718+00:00
Mid Suffolk District Council/Business rates live accounts,"Business rates live accounts
",https://data.gov.uk/dataset/69c44bb1-256e-49c6-97e9-6773caacff46,data.gov.uk,ogl-3.0,explicit,,[],economy-small-business,2026-10-07T21:30:32.051718+00:00
Mid Suffolk District Council/Business rates relief awarded,"Business rates relief awarded
",https://data.gov.uk/dataset/d07673bf-09b1-401f-b5aa-a8bff03daa9d,data.gov.uk,ogl-3.0,explicit,,[],economy-small-business,2026-10-07T21:30:32.051718+00:00
Mid Suffolk District Council/Mobile food vendors/Street traders,"Mobile food vendors/Street traders
",https://data.gov.uk/dataset/cd71a60a-c2c4-427f-8529-e031d92fa286,data.gov.uk,ogl-3.0,explicit,,[],economy-small-business,2026-10-07T21:30:32.051718+00:00
Mid Suffolk District Council/NNDR small business relief,"NNDR small business relief
",https://data.gov.uk/dataset/a2e9fa12-387c-432a-94fb-943574a5459f,data.gov.uk,ogl-3.0,explicit,,[],economy-small-business,2026-10-07T21:30:32.051718+00:00
Mid Suffolk District Council/New business rate accounts created within the last month,"New business rate accounts created within the last month
",https://data.gov.uk/dataset/7ce274a6-f181-4647-bf99-0bd492f1d3b6,data.gov.uk,ogl-3.0,explicit,,[],economy-small-business,2026-10-07T21:30:32.051718+00:00
Mineral Extraction in Great Britain,"The report publishes the findings of the statutory Annual Minerals Raised Inquiry survey which describes the annual sales across Great Britain of an array of minerals identified in the report.

Source agency: Communities and Local Government

Designation: National Statistics

Language: English

Alternative title: Business Monitor PA1007

Tables:

* Table A Limestone, Dolomite & Chalk
* Table B Limestone, Dolomite & Chalk
* Table 1 Industrial Sand
* Table 2 Sand & Gravel for construction
* Table 3 Sandstone
* Table 4 Igneous Rock
* Table 5 Limestone & Dolomite
* Table 6 Peat
* Table 7 Crushed Rock Summary
* Table 8 Clay & Shale
* Table 9 Chalk
* Table 10 Fireclay
* Table 11 Ore Minerals
* Table 12 Other Minerals
* Table 13 All Minerals - All Employment
* Table 14 All Minerals - Direct Employment
* Table 15 All Minerals - Contractors Employed
* Table 16 All Minerals - Lorry Drivers on Site ",https://data.gov.uk/dataset/5ec5b7e2-a61f-47e0-a870-d42f28ea99ba,data.gov.uk,ogl-3.0,explicit,,[],economy-small-business,2026-10-07T21:30:32.051718+00:00
Monthly Digest of Statistics,"Contains the latest monthly and quarterly business, economic and social data.

Source agency: Office for National Statistics

Designation: National Statistics

Language: English

Alternative title: MD",https://data.gov.uk/dataset/3f407f1a-b0f9-4134-9df5-34702f944c08,data.gov.uk,ogl-3.0,explicit,,[],economy-small-business,2026-10-07T21:30:32.051718+00:00
Monthly Review of External Trade Statistics,"The MRETS publication has been discontinued. The associated dataset is still available as part of the UK Trade statistical bulletin and online time series.
Source agency: Office for National Statistics
Designation: Official Statistics not designated as National Statistics
Language: English
Alternative title: MM24",https://data.gov.uk/dataset/3c39a829-82c5-4213-99c8-fba42928ca7e,data.gov.uk,ogl-3.0,explicit,,[],economy-small-business,2026-10-07T21:30:32.051718+00:00
Monthly economic commentary,"Provides analysis of the latest estimate of GDP and economic commentary for prices, short-term indicators, productivity and labour market indicators to complement theme day economic commentary.",https://data.gov.uk/dataset/ac35116d-d38d-49e1-9ab6-05a9c7b0325d,data.gov.uk,ogl-3.0,explicit,,[],economy-small-business,2026-10-07T21:30:32.051718+00:00
Moving between Unemployment and Employment,"This report examines how people move around the labour market between unemployment, employment and inactivity.

Source agency: Office for National Statistics

Designation: National Statistics

Language: English

Alternative title: Moving between Unemployment and Employment",https://data.gov.uk/dataset/4ad38921-f0b0-4e45-b281-5b80171e42b8,data.gov.uk,ogl-3.0,explicit,,[],economy-small-business,2026-10-07T21:30:32.051718+00:00
NI 183 Impact of Local Authority trading standards services on the fair trading environment,"Number of incidences of unfair trading.
Source: Department for Business, Enterprise and Regulatory Reform (BERR)
Publisher: DCLG Floor Targets Interactive
Geographies: County/Unitary Authority, Government Office Region (GOR), National
Geographic coverage: England
Time coverage: 2008/09",https://data.gov.uk/dataset/e6f9938d-0b0e-4405-9f85-772cb90a17fe,data.gov.uk,ogl-3.0,explicit,,[],economy-small-business,2026-10-07T21:30:32.051718+00:00
NICE Board members' and Senior Management Team allowances and expenses,"This report shows business expenses incurred by the incumbent in delivery of their duties. NICE holds Board meetings around the country closer to the organisations and people we support. All staff including Directors are required to travel standard class when travelling by rail.  Hotel costs are for 1 night unless otherwise stated.
Air travel within the UK or Europe, and flights of less than 8 hours in duration will always be in Economy class.  
Long haul (outside Europe or flights of over 8 hours duration) may be in Business class.
",https://data.gov.uk/dataset/3f638efe-16b9-4abe-b88f-2a54e2bb928d,data.gov.uk,ogl-3.0,explicit,,[],economy-small-business,2026-10-07T21:30:32.051718+00:00
NNDR Credit Balances,"This dataset shows the credit balances on business rate accounts. The dataset will be updated at the end of every month. 

Last Updated 30th May 2018. ",https://data.gov.uk/dataset/1aa37450-0413-40d5-8219-fdac77087f29,data.gov.uk,ogl-3.0,explicit,,[],economy-small-business,2026-10-07T21:30:32.051718+00:00
NNDR Liable Parties and Rate Relief by type 2014/2015,"Business rate properties with liable party information, rate relief being received and type. 2014/2015",https://data.gov.uk/dataset/24e0f88b-6d19-49fe-af1f-91e54239b3fd,data.gov.uk,ogl-3.0,explicit,,[],economy-small-business,2026-10-07T21:30:32.051718+00:00
NNDR Liable Parties and Rate Relief by type 2015/2016,"Business rate properties with liable party information, rate relief being received and type. 2015/2016",https://data.gov.uk/dataset/57cc743d-f07a-4d63-9c92-57d520a7caed,data.gov.uk,ogl-3.0,explicit,,[],economy-small-business,2026-10-07T21:30:32.051718+00:00
NNDR with SBRR,NNDR accounts in receipt of small business rate relief,https://data.gov.uk/dataset/41ae25b3-d1aa-4c4a-9bd1-a4fcb6b49990,data.gov.uk,ogl-3.0,explicit,,[],economy-small-business,2026-10-07T21:30:32.051718+00:00
National Archives - Trade Union Facility Time Data,"The data provides information about the time employees take off for official trade union activities, and the costs involved. This data is also available on data.gov.uk",https://data.gov.uk/dataset/985e3b2f-caf8-4552-b269-44026a991ae4,data.gov.uk,ogl-3.0,explicit,,[],economy-small-business,2026-10-07T21:30:32.051718+00:00
National Non-Domestic Rates,"This dataset contains details of all businesses within Blaby District that are liable for business rates. Personal information has been redacted in parts, in accordance with the Data Protection Act 1998. This dataset will be updated on a monthly basis.

Please Note that Blaby District Council does not hold any credits on Council Tax/ NNDR (Commercial/ Business Rates) accounts. All balances are refunded to the Ratepayers or used to clear future years' liability and the credit balances are cleared at the time directly to the accounts concerned. This information is reviewed annually. 

This dataset is updated monthly. ",https://data.gov.uk/dataset/1258f59a-d224-4c1a-ad2d-3d89cc73c3b8,data.gov.uk,ogl-3.0,explicit,,[],economy-small-business,2026-10-07T21:30:32.051718+00:00
National Non-Domestic Rates Relief,"This dataset contains details of all companies within the District receiving some form of business rates relief, including the type of relief received.

The details of relief are now all included within the main NNDR dataset. ",https://data.gov.uk/dataset/a345d70e-5eda-4ada-8c73-84ed0c1dc2fe,data.gov.uk,ogl-3.0,explicit,,[],economy-small-business,2026-10-07T21:30:32.051718+00:00
New Orders in the construction industry,"New Orders in the Construction Industry has now been discontinued as a stand-alone release. Estimates of New Orders along with additional commentary are now included as part of the Output in the Construction Industry. The first release of this amalgamated release will be on the 13th September 2013.

Source agency: Office for National Statistics

Designation: National Statistics

Language: English

Alternative title: New Orders in the construction industry",https://data.gov.uk/dataset/d9555468-af17-40fc-a338-d076083f194b,data.gov.uk,ogl-3.0,explicit,,[],economy-small-business,2026-10-07T21:30:32.051718+00:00
Non-Domestic Rates Relief Statistics for Small Business in Scotland,"Statistics on small businesses in Scotland receiving non-domestic rates relief

Source agency: Scottish Government

Designation: Official Statistics not designated as National Statistics

Language: English

Alternative title: Small business NDR relief 2011-12",https://data.gov.uk/dataset/93ea5fac-3e23-4f39-bdcf-65c5d86faa94,data.gov.uk,ogl-3.0,explicit,,[],economy-small-business,2026-10-07T21:30:32.051718+00:00
"Non-consolidated Performance Related Pay - Department for Business, Innovation and Skills","Publication of information on Non-consolidated Performance Related Pay data for departments and their agencies. Non-consolidated performance related pay is a one-off, non-pensionable lump sum for annual performance during the Department's financial year from 1st April to 31st March. ",https://data.gov.uk/dataset/91e0f215-f6a0-4a8b-a3ff-5521adcd3efe,data.gov.uk,ogl-3.0,explicit,,[],economy-small-business,2026-10-07T21:30:32.051718+00:00
"Non-financial business economy, UK (Annual Business Survey): 2018 provisional results",Size and growth within the UK and regional non-financial sectors as measured by the Annual Business Survey.,https://data.gov.uk/dataset/c906aea3-8622-46b6-b990-99dd3e22989a,data.gov.uk,cc-by,explicit,,[],economy-small-business,2026-10-07T21:30:32.051718+00:00
Northern Ireland Annual Business Inquiry,"The Northern Ireland Annual Business Inquiry (NIABI) collects both financial and employment information from businesses and other establishments and covers about two thirds of the economy. This includes the production, construction, distribution and service industries in Northern Ireland but excludes public sector activity for the most part. ",https://data.gov.uk/dataset/239a3605-b9d8-4197-a2fd-4adfe42e77a3,data.gov.uk,ogl-3.0,explicit,,[],economy-small-business,2026-10-07T21:30:32.051718+00:00
Northern Ireland Annual Business Inquiry,"Provides information on the value of the economic activity that businesses generate and associated expenditure across the main industrial sectors in Northern Ireland.

Source agency: Finance and Personnel (Northern Ireland)

Designation: National Statistics

Language: English

Alternative title: Northern Ireland Annual Business Inquiry",https://data.gov.uk/dataset/c8eb9b68-03be-4e6f-ba0e-c4a8ca8aaf70,data.gov.uk,ogl-3.0,explicit,,[],economy-small-business,2026-10-07T21:30:32.051718+00:00
Northern Ireland Annual Business Inquiry,"Provides information on the value of the economic activity that businesses generate and associated expenditure across the main industrial sectors in Northern Ireland.

Source agency: Enterprise, Trade and Investment (Northern Ireland)

Designation: National Statistics

Language: English

Alternative title: Northern Ireland Annual Business Inquiry",https://data.gov.uk/dataset/bda55430-ec39-4671-b754-284c6dcd265e,data.gov.uk,ogl-3.0,explicit,,[],economy-small-business,2026-10-07T21:30:32.051718+00:00
Northern Ireland Annual Business Inquiry,"Provides information on the value of the economic activity that businesses generate and associated expenditure across the main industrial sectors in Northern Ireland.

Source agency: Northern Ireland Statistics and Research Agency

Designation: National Statistics

Language: English

Alternative title: Northern Ireland Annual Business Inquiry",https://data.gov.uk/dataset/4c2718e9-f0ca-42b6-a128-5c6f57b261d3,data.gov.uk,ogl-3.0,explicit,,[],economy-small-business,2026-10-07T21:30:32.051718+00:00
Northern Ireland Business Register and Employment Survey,"The Northern Ireland Business Register and Employment Survey (BRES) is a survey of employers in Northern Ireland that collects employee job counts.  Results are available according to gender, full or part-time working, industrial activity based on the Standard Industrial Classification (SIC2007) and location, subject to confidentiality constraints. 

The BRES covers employee jobs only. It excludes agriculture (but includes animal husbandry service activities and hunting, trapping and game propagation), self employed, HM Armed Forces, private domestic servants, homeworkers, Jobskills trainees without a contract of employment (non-employed status). Figures for the number of employees in Agriculture are available separately from the Department of Agriculture, Environment and Rural Affairs (DAERA) Agriculture Census. 
",https://data.gov.uk/dataset/da1178cc-d421-43ba-a500-80215b83b51c,data.gov.uk,ogl-3.0,explicit,,[],economy-small-business,2026-10-07T21:30:32.051718+00:00
Northern Ireland Composite Economic Index,The Northern Ireland Composite Economic Index (NICEI) is an experimental quarterly measure of the performance of the Northern Ireland (NI) economy based on available official statistics,https://data.gov.uk/dataset/937c06bb-51f6-45c3-80da-eaf2fbd9434d,data.gov.uk,ogl-3.0,explicit,,[],economy-small-business,2026-10-07T21:30:32.051718+00:00
Northern Ireland Index of Services,"The Northern Ireland Index of Services (IOS) is an important short term measure of changes in the output of the private sector service industries within Northern Ireland. 

The IOS is a quarterly sample survey of around 3,500 companies designed to provide a general measure of changes in the output of the Wholesale, retail, repair, Accommodation & food services;  Transport, storage, information & communication; Business services and finance; Other services sectors. It is based on up-to-date information about the output and sales of the services industry. The Index is published quarterly in March, June, September and December of each year.",https://data.gov.uk/dataset/7014362e-2bba-4d28-94e3-b732ec3919f5,data.gov.uk,ogl-3.0,explicit,,[],economy-small-business,2026-10-07T21:30:32.051718+00:00
Number of hereditaments benefiting from Small Business Rate Relief and the numbers of empty hereditaments,"Number of hereditaments benefiting from Small Business Rate Relief and the numbers of empty hereditaments.
Source agency: Communities and Local Government
Designation: Experimental Official Statistics
Language: English
Alternative title: Small Business Rate Relief",https://data.gov.uk/dataset/9ab41033-816d-47d3-877a-c00973e7fe4b,data.gov.uk,ogl-3.0,explicit,,[],economy-small-business,2026-10-07T21:30:32.051718+00:00
"Number of local authority owned dwellings that received other ""Capital"" works - acquisitions - General Needs","The purpose of the Business Plan Statistical Appendix (BPSA) is to bring together information about a non-Large Scale Voluntary Transfer (LSVT) authority's Housing Revenue Account (HRA) stock. The BPSA reports progress made during the last financial year against Local Authority Business Plans. The BPSA collects information on a range of topics such as dwelling stock and vacants, Decent Homes, capital expenditure on HRA stock and service and management. This information is used centrally to inform policy development and progress monitoring on the Departmental Strategic Objective 2.7 - % Non-Decent Homes.",https://data.gov.uk/dataset/b2f2d642-130c-4116-afc4-a297e5afb367,data.gov.uk,ogl-3.0,explicit,,[],economy-small-business,2026-10-07T21:30:32.051718+00:00
"Number of local authority owned dwellings that received other ""Capital"" works - acquisitions - Supported Housing","The purpose of the Business Plan Statistical Appendix (BPSA) is to bring together information about a non-Large Scale Voluntary Transfer (LSVT) authority's Housing Revenue Account (HRA) stock. The BPSA reports progress made during the last financial year against Local Authority Business Plans. The BPSA collects information on a range of topics such as dwelling stock and vacants, Decent Homes, capital expenditure on HRA stock and service and management. This information is used centrally to inform policy development and progress monitoring on the Departmental Strategic Objective 2.7 - % Non-Decent Homes.",https://data.gov.uk/dataset/598a3b0f-048f-4947-b4da-bbd466109c8f,data.gov.uk,ogl-3.0,explicit,,[],economy-small-business,2026-10-07T21:30:32.051718+00:00
Numbers of Taxpayers and Registered Traders,"Provides historical annual information on the number of taxpayers and registered traders. Previously listed under 'Revenue-based Taxes and Benefits: Tax receipts and taxpayers'.

Source agency: HM Revenue and Customs

Designation: National Statistics

Language: English

Alternative title: Numbers of Taxpayers and Registered Traders",https://data.gov.uk/dataset/98cb6785-478d-4bf4-aea6-9ba0e5ef54aa,data.gov.uk,ogl-3.0,explicit,,[],economy-small-business,2026-10-07T21:30:32.051718+00:00
OGA Licences BNG,"Licence boundaries covering both onshore and offshore UK taken directly from OGA's Petroleum E-business, Assignment and Relinquishment System (PEARS)",https://data.gov.uk/dataset/9b06e1e7-ab0d-4a46-98c2-792f39cfa644,data.gov.uk,ogl-3.0,explicit,,[],economy-small-business,2026-10-07T21:30:32.051718+00:00
OGA Licences ETRS89,"<div>Licence boundaries covering both onshore and offshore UK taken directly from OGA's Petroleum E-business, Assignment and Relinquishment System (PEARS)</div>",https://data.gov.uk/dataset/74001990-2f42-406c-9c63-cfe0766aa5df,data.gov.uk,ogl-3.0,explicit,,[],economy-small-business,2026-10-07T21:30:32.051718+00:00
OGA Licences WGS84,"Licence boundaries covering both onshore and offshore UK taken directly from OGA's Petroleum E-business, Assignment and Relinquishment System (PEARS)",https://data.gov.uk/dataset/9e3a7ca9-a4b7-4d31-9cc8-4654743bd9d0,data.gov.uk,ogl-3.0,explicit,,[],economy-small-business,2026-10-07T21:30:32.051718+00:00
OGA Licensed Blocks BNG,"Licence boundaries covering both onshore and offshore UK taken directly from OGA's Petroleum E-business, Assignment and Relinquishment System (PEARS)",https://data.gov.uk/dataset/043ce72d-1803-4756-9450-216aef4582d6,data.gov.uk,ogl-3.0,explicit,,[],economy-small-business,2026-10-07T21:30:32.051718+00:00
OGA Licensed Blocks ETRS89,"<div>Licence boundaries covering both onshore and offshore UK taken directly from OGA's Petroleum E-business, Assignment and Relinquishment System (PEARS)</div>",https://data.gov.uk/dataset/cf866c9e-4bc7-4b42-ab77-34a8e411878b,data.gov.uk,ogl-3.0,explicit,,[],economy-small-business,2026-10-07T21:30:32.051718+00:00
OGA Licensed Blocks WGS84,"Licence boundaries covering both onshore and offshore UK taken directly from OGA's Petroleum E-business, Assignment and Relinquishment System (PEARS)",https://data.gov.uk/dataset/31496492-e464-4553-9c29-4535d6d375ba,data.gov.uk,ogl-3.0,explicit,,[],economy-small-business,2026-10-07T21:30:32.051718+00:00
OGA SubAreas BNG,"Licence boundaries covering both onshore and offshore UK taken directly from OGA's Petroleum E-business, Assignment and Relinquishment System (PEARS)",https://data.gov.uk/dataset/65d3a7ee-9a7c-4c73-bb53-a6a7d36d1382,data.gov.uk,ogl-3.0,explicit,,[],economy-small-business,2026-10-07T21:30:32.051718+00:00
OGA SubAreas ETRS89,"<div>Licence boundaries covering both onshore and offshore UK taken directly from OGA's Petroleum E-business, Assignment and Relinquishment System (PEARS)</div>",https://data.gov.uk/dataset/93d4d624-321b-4ca4-94ba-7db061398452,data.gov.uk,ogl-3.0,explicit,,[],economy-small-business,2026-10-07T21:30:32.051718+00:00
OGA SubAreas WGS84,"Licence boundaries covering both onshore and offshore UK taken directly from OGA's Petroleum E-business, Assignment and Relinquishment System (PEARS)",https://data.gov.uk/dataset/56e88cab-491c-4ed1-9b65-a8de31c6bba6,data.gov.uk,ogl-3.0,explicit,,[],economy-small-business,2026-10-07T21:30:32.051718+00:00
Ofcom Annual Report,"Established under the Office of Communications Act 2002, Ofcom operates under a number of Acts of Parliament and regulations. These include the Communications Act 2003, the Wireless Telegraphy Act 2006, the Broadcasting  Acts 1990 and 1996, the Digital Economy Act 2010 and the Postal Services Act 2011.

The Communications Act 2003 states that Ofcom’s principal duty is to further the interests of citizens in relation to communications matters and to further the interests of consumers in relevant markets, where appropriate by promoting competition. This underpins much of what we do. In relation to postal services our duty is to carry out
our functions in a way that we consider will secure the provision of a universal postal service in the UK. 
We are involved in advising on and setting some of the more technical aspects of regulation, as well as in  implementing and enforcing communications law, competition  and consumer protection laws.

Ofcom is funded by fees from industry for regulating broadcasting, communications networks and postal services, and grant-in-aid from the UK government for undertaking concurrent competition regulation and managing radio
spectrum. We work independently, free from political influence. 

For the first time, in 2015, we published the data from our Annual Report in csv format. ",https://data.gov.uk/dataset/64918b06-e7a3-4fbd-8ba9-bb958d70c8f8,data.gov.uk,ogl-3.0,explicit,,[],economy-small-business,2026-10-07T21:30:32.051718+00:00
Open Data Innovation and Outreach Fund Final Report,"OurRagingPlanet (ORP) was desiged as a natural disaster education tool. It aims to help
secondary school students contextualize experiences of communities around the world
when thrust into extreme scenarios, by presenting worked examples within a local setting.
It is primarily driven by and built upon OpenDataNI data.",https://data.gov.uk/dataset/8092e2c7-23e8-411b-b219-fabbd8d45f32,data.gov.uk,ogl-3.0,explicit,,"[""Business economy"", ""economy"", ""innovation_fund""]",economy-small-business,2026-10-07T21:30:32.051718+00:00
Open NNDR Data,Business Rates Data held by Carlisle City Council,https://data.gov.uk/dataset/fd8da6a7-9f0b-45cc-8b6b-1e235c217662,data.gov.uk,ogl-3.0,explicit,,[],economy-small-business,2026-10-07T21:30:32.051718+00:00
Our Big Conversation Summer 2021,"This data set contains raw data and summary reports of two surveys which ran during 2021 for residents and businesses to share their views on three major strategic themes for the city – carbon reduction, future transport priorities and the economy.

For related survey content please [__browse for Our Big Conversation__](https://data.yorkopendata.org/dataset?q=our+big+conversation&sort=score+desc%2C+metadata_modified+desc) or [__My City Centre__](https://data.yorkopendata.org/dataset?q=my+city+centre&sort=score+desc%2C+metadata_modified+desc)",https://data.gov.uk/dataset/eb43af72-560b-4623-a008-ee7a24adaf0f,data.gov.uk,ogl-3.0,explicit,,[],economy-small-business,2026-10-07T21:30:32.051718+00:00
Output and Employment in the Construction Industry,"Construction output is a quarterly series of the output of the construction industry in both the private and public sectors.
Source agency: Office for National Statistics
Designation: National Statistics
Language: English
Alternative title: Output in the Construction Industry",https://data.gov.uk/dataset/497cfd3f-0396-4fac-96e1-d0f89cadf24f,data.gov.uk,ogl-3.0,explicit,,[],economy-small-business,2026-10-07T21:30:32.051718+00:00
PRODCOM Final Results,"Final estimates of UK Manufacturing Sales by Product (PRODCOM). Estimates of product sales value and volume, linked with international trade statistics.

Source agency: Office for National Statistics

Designation: National Statistics

Language: English

Alternative title: Prodcom, final results, manufacturing",https://data.gov.uk/dataset/127810e4-bd2c-4f8e-94f7-39d7ebce376f,data.gov.uk,ogl-3.0,explicit,,[],economy-small-business,2026-10-07T21:30:32.051718+00:00
PRODCOM Intermediate Results,"Revised estimates of UK Manufacturing Sales by Product (PRODCOM). Estimates of product sales value and volume, linked with international trade statistics.
Source agency: Office for National Statistics
Designation: National Statistics
Language: English
Alternative title: Prodcom, intermediate results, manufacturing",https://data.gov.uk/dataset/c661d662-fd77-425f-b530-60117be5f417,data.gov.uk,ogl-3.0,explicit,,[],economy-small-business,2026-10-07T21:30:32.051718+00:00
PRODCOM Provisional Results,"First estimates of UK Manufacturing Sales by Product (PRODCOM). Estimates of product sales value and volume, linked with international trade statistics.

Source agency: Office for National Statistics

Designation: National Statistics

Language: English

Alternative title: Prodcom, provisional results, manufacturing",https://data.gov.uk/dataset/f42ca3e1-ec0a-40da-9e7f-d096b8a30540,data.gov.uk,ogl-3.0,explicit,,[],economy-small-business,2026-10-07T21:30:32.051718+00:00
PRQ9 Product Sales and Trade: Workwear,"The Product Sales and Trade quarterly series of reports contains data on the sales by UK based manufacturers of individual products covered by the PRODCOM inquiry, together with exports and imports data. A rolling span of five quarters data is published each quarter to allow year-on-year comparisons for the current quarter.

Source agency: Office for National Statistics

Designation: Official Statistics not designated as National Statistics

Language: English

Alternative title: PRQ9",https://data.gov.uk/dataset/1737fed3-788d-4fcb-9ba4-72bf276bcbe8,data.gov.uk,ogl-3.0,explicit,,[],economy-small-business,2026-10-07T21:30:32.051718+00:00
Pension Trends,"Pension Trends provides a statistical backdrop for the debate on pensions. It looks at changes in pension provision over time in the context of social and economic developments and changes in the policy environment.
Source agency: Office for National Statistics
Designation: National Statistics
Language: English
Alternative title: Pension Trends",https://data.gov.uk/dataset/b462ac5b-1629-4b8b-9383-40d00581f843,data.gov.uk,ogl-3.0,explicit,,[],economy-small-business,2026-10-07T21:30:32.051718+00:00
"Pensioners' Income Series Bulletin, Northern Ireland","The bulletin  contains estimates of the levels and trends of pensioners' income for Northern Ireland. The bulletin replaces the the former Pensioner Incomes Series Reports (Northern Ireland).

Source agency: Northern Ireland Statistics and Research Agency

Designation: National Statistics

Language: English

Alternative title: P.I.S. NI",https://data.gov.uk/dataset/6a399ec2-a202-402e-aa25-570124ee8f36,data.gov.uk,ogl-3.0,explicit,,[],economy-small-business,2026-10-07T21:30:32.051718+00:00
Performance Indicators : Business and Economy,Key Performance Indicators related to Business and Economy,https://data.gov.uk/dataset/81c84aa3-570b-4a82-941c-d4f46775a934,data.gov.uk,ogl-3.0,explicit,,[],economy-small-business,2026-10-07T21:30:32.051718+00:00
Performance and Impact Monitoring Survey (PIMS) and Inward Investment,Both Trade and Inward investment are covered in - https://data.gov.uk/dataset/international-trade-support-performance-and-impact-monitoring-survey-pims,https://data.gov.uk/dataset/899e155c-0d0f-487c-8edd-a965516c8f65,data.gov.uk,ogl-3.0,explicit,,[],economy-small-business,2026-10-07T21:30:32.051718+00:00
Personal Income Analyses: Except Sub Regional,"Provides detailed information on individuals liable to UK income tax and their incomes, including gender, age, income source and tax distribution. Previously listed under 'Revenue-based Taxes and Benefits: Personal incomes'.

Source agency: HM Revenue and Customs

Designation: National Statistics

Language: English

Alternative title: Personal Income Analyses: Except Sub Regional",https://data.gov.uk/dataset/e6891b9b-b8b5-48bc-b1b6-094d84ed1816,data.gov.uk,ogl-3.0,explicit,,[],economy-small-business,2026-10-07T21:30:32.051718+00:00
"Personal Income Analyses: Other analyses, regional","Provides estimates for regional, administrative and political geographical areas plus measures of precision for those estimates. The estimates are for individuals liable to UK income tax and their geographical area of residence. Previously listed under 'Revenue-based Taxes and Benefits: Personal incomes'.

Source agency: HM Revenue and Customs

Designation: National Statistics

Language: English

Alternative title: Personal Income Analyses: Other analyses, regional",https://data.gov.uk/dataset/eb51057c-4701-4a8e-a41b-30753b723c14,data.gov.uk,ogl-3.0,explicit,,[],economy-small-business,2026-10-07T21:30:32.051718+00:00
Post: business tracking survey,"Data collected from a survey of UK businesses  about the postal service. The postal tracking survey is conducted each year and provides data on use of postal services, in terms of volumes of post sent and received, amount spent, postal products  and services used, and attitudes to the postal services from the perspective of the UK business population.
",https://data.gov.uk/dataset/0a76a84a-96d0-45d5-9554-71add1fa3400,data.gov.uk,ogl-3.0,explicit,,[],economy-small-business,2026-10-07T21:30:32.051718+00:00
Price Index Numbers for Current Cost Accounting,"A business monitor divided into four different tables and containing detailed indices for revaluation of assets and stocks. It is a comprehensive guide to capital replacement costs.
Source agency: Office for National Statistics
Designation: National Statistics
Language: English
Alternative title: MM17",https://data.gov.uk/dataset/d3a87f89-aa8d-4ff6-bdf0-d5e54a53d0bd,data.gov.uk,ogl-3.0,explicit,,[],economy-small-business,2026-10-07T21:30:32.051718+00:00
Price and Volume Inventory,"Explains in detail how the expenditure implied deflator derives a single estimate of GDP at constant market prices, and how it is used to compile them under the ESA 95 framework.

Source agency: Office for National Statistics

Designation: National Statistics

Language: English

Alternative title: Price and Volume Inventory",https://data.gov.uk/dataset/06969cee-4c0b-43fa-82b8-f375af4b6a3e,data.gov.uk,ogl-3.0,explicit,,[],economy-small-business,2026-10-07T21:30:32.051718+00:00
Producer Prices Indices,"Contains indices on UK manufactured products together with the materials and fuel purchased, and the home sales at both broad and detailed industry levels. The data are used throughout business and government.

Source agency: Office for National Statistics

Designation: National Statistics

Language: English

Alternative title: MM22",https://data.gov.uk/dataset/48a25c9f-da55-4b12-96cc-d3a9efea13c3,data.gov.uk,ogl-3.0,explicit,,[],economy-small-business,2026-10-07T21:30:32.051718+00:00
Promoting high performance working,"This data describes SME use of high performance work practices. It supports a report on the rationale and evidence base for policy development in high performance working. The report also identifies of policy options that could be used to promote the wider adoption of high performance work systems for improved productivity and growth in the small and medium-sized enterprise (SME) sector.

",https://data.gov.uk/dataset/b4f91631-e8ca-495c-8861-bb8f9562aab3,data.gov.uk,ogl-3.0,explicit,,[],economy-small-business,2026-10-07T21:30:32.051718+00:00
Proportion of Employee Jobs in Selected Industry Sectors by English NUTS Regions,"This data details the proportion of employee jobs in selected industry sectors by NUTS areas. Data is on a NUTS1 or NUT2 geographical level, depending on the availability of data at a lower spatial level. The data shows the share of jobs in each sector and can be used to understand the relative importance of sectors in each area. The sectors are aerospace & defence, automotive, chemicals, construction, information & communication, life sciences, metals, and retail & wholesale.

Source agency: Business, Innovation and Skills

Designation: Official Statistics not designated as National Statistics

Language: English

Alternative title: Proportion of Employee Jobs in Selected Industry Sectors by English NUTS Regions",https://data.gov.uk/dataset/9eaa5b54-902b-4a33-adde-2f5f21427cdc,data.gov.uk,ogl-3.0,explicit,,[],economy-small-business,2026-10-07T21:30:32.051718+00:00
Qualification attainment of economically active adults,"Qualification attainment of working age adults

Source: Department for Business, Innovation and Skills (BIS), Annual Population Survey (APS)

Publisher: Department for Business, Innovation and Skills (BIS)

Geographies: Local Authority District (LAD), County/Unitary Authority, Government Office Region (GOR), Learnings and Skills Council (LSC)

Geographic coverage: England

Time coverage: 2000 to 2008

Type of data: Survey",https://data.gov.uk/dataset/d4eff3ea-c4d3-45a5-bae6-e8d69175db84,data.gov.uk,ogl-3.0,explicit,,[],economy-small-business,2026-10-07T21:30:32.051718+00:00
Qualification attainment of economically active adults,"Qualification attainment of economically active adults

Source: Department for Business, Innovation and Skills (BIS), Annual Population Survey (APS)

Publisher: Department for Business, Innovation and Skills (BIS)

Geographies: Local Authority District (LAD), County/Unitary Authority, Government Office Region (GOR), Learnings and Skills Council (LSC)

Geographic coverage: England

Time coverage: 2000 to 2008

Type of data: Survey",https://data.gov.uk/dataset/6f8e83b6-d611-4e8d-b21d-4cbf2f4e4a96,data.gov.uk,ogl-3.0,explicit,,[],economy-small-business,2026-10-07T21:30:32.051718+00:00
Quality Adjusted Labour Input (experimental),"Quality-adjusted labour input (QALI) is a measure of labour input to economic production which takes account of the composition of the workforce as well as the volume of hours worked. It provides a broader perspective in assessing productivity performance than other labour measures, which focus only on the quantity of labour input. The results are used in multi-factor productivity analysis.

Source agency: Office for National Statistics

Designation: Experimental Official Statistics

Language: English

Alternative title: QALI",https://data.gov.uk/dataset/bb14fb29-bf25-4ab8-bf47-639e05d4895c,data.gov.uk,ogl-3.0,explicit,,[],economy-small-business,2026-10-07T21:30:32.051718+00:00
Quarterly National Accounts,"A detailed breakdown of the components of GDP as well as key sector accounts aggregates.

Source agency: Office for National Statistics

Designation: National Statistics

Language: English

Alternative title: GDP, QNA, Month 3",https://data.gov.uk/dataset/03c9ad5b-26c7-4f2f-b9e8-6f8f2ded0af2,data.gov.uk,ogl-3.0,explicit,,[],economy-small-business,2026-10-07T21:30:32.051718+00:00
Quarterly National Accounts Scotland,"This release provides users with a number of key macroeconomic statistics for Scotland, including Gross Domestic Product (GDP) measured using output, income and expenditure approaches, estimates of UK extra-regio activities attributable to Scotland, household accounts, and public sector revenues.

Source agency: Scottish Government

Designation: Experimental Official Statistics

Language: English

Alternative title: SNAP Quarterly National Accounts",https://data.gov.uk/dataset/5585b32a-335e-4632-a057-bba549afb690,data.gov.uk,ogl-3.0,explicit,,[],economy-small-business,2026-10-07T21:30:32.051718+00:00
Regional Economic Activity (GVA),"Shows economic activity as measured by Gross Value Added (GVA) for English regions, Scotland, Wales and Northern Ireland including component totals and industry group totals.
Source agency: Office for National Statistics
Designation: National Statistics
Language: English
Alternative title: Regional Economic Activity (GVA)",https://data.gov.uk/dataset/0b3d5948-6dcd-44fc-ad2b-2560e077cceb,data.gov.uk,ogl-3.0,explicit,,[],economy-small-business,2026-10-07T21:30:32.051718+00:00
Regional Economic Indicators,"The Regional Economic Indicators examine regional differences within the UK economy. These are discussed via an ongoing series of articles focusing on the measurement of economic performance, welfare, productivity and the drivers of productivity across the UK regions.
As well as providing the latest analysis of the relevant data, the articles examine the issues surrounding measurement at the regional level, in particular seeking to clarify the indicators best suited for different uses.
Source agency: Office for National Statistics
Designation: Experimental Official Statistics
Language: English
Alternative title: Regional Economic Analysis",https://data.gov.uk/dataset/92436f12-056b-4697-a64f-b556d84e9547,data.gov.uk,ogl-3.0,explicit,,[],economy-small-business,2026-10-07T21:30:32.051718+00:00
Regional Gross Value Added (Income Approach),"Shows economic activity as measured by Gross Value Added (GVA) for English regions, Scotland, Wales and Northern Ireland including component totals and industry group totals.
Source agency: Office for National Statistics
Designation: National Statistics
Language: English
Alternative title: Regional Economic Activity (GVA)",https://data.gov.uk/dataset/a485dd08-9402-4767-8828-16b0a51e9e3a,data.gov.uk,ogl-3.0,explicit,,[],economy-small-business,2026-10-07T21:30:32.051718+00:00
Regional Short Term Indicators Pilot (experimental),"Results of a pilot exercise to compile quarterly output indices for the nine English regions. This release aims to provide a further proof of concept and allow regional users a view of the effects of the current economic recession.

Source agency: Office for National Statistics

Designation: Experimental Official Statistics

Language: English

Alternative title: Regional Short Term Indicators Pilot (experimental)",https://data.gov.uk/dataset/865c1986-21f3-458a-93d5-10c019f4ad00,data.gov.uk,ogl-3.0,explicit,,[],economy-small-business,2026-10-07T21:30:32.051718+00:00
Regional and Economic Performance Indicators,"Presents statistical information that illustrated the factors that contributed to regional economic performance.

Source agency: Business, Innovation and Skills

Designation: National Statistics

Language: English

Alternative title: REPI",https://data.gov.uk/dataset/38fae5a1-0aae-417f-ae19-7791da3b6949,data.gov.uk,ogl-3.0,explicit,,[],economy-small-business,2026-10-07T21:30:32.051718+00:00
Regional competitiveness and State of the Regions,"Presents statistical information that illustrated the factors that contributed to regional competitiveness.

Source agency: Business, Innovation and Skills

Designation: National Statistics

Language: English

Alternative title: RCSOR",https://data.gov.uk/dataset/e521c913-ef0a-474b-94ae-d3d6c7e041ed,data.gov.uk,ogl-3.0,explicit,,[],economy-small-business,2026-10-07T21:30:32.051718+00:00
Regional insolvency statistics,"Annual statistics for bankruptcies and individual voluntary arrangements in England and Wales down to local authority level.  Note: due to an error the statistics due to be published on 10 July were disclosed to one official in the Insolvency Service not on the pre–release access list on 9 July. The National Statistician’s Office will be advised and a breach report will be submitted.

Source agency: Business, Innovation and Skills

Designation: Official Statistics not designated as National Statistics

Language: English

Alternative title: Regional insolvency",https://data.gov.uk/dataset/b350e04f-34f3-4a0e-b8ba-06de2a2591d9,data.gov.uk,ogl-3.0,explicit,,[],economy-small-business,2026-10-07T21:30:32.051718+00:00
Research and Development Survey (Northern Ireland),"Information on the level of Research & Development (R&D) activity in Northern Ireland.

Source agency: Enterprise, Trade and Investment (Northern Ireland)

Designation: National Statistics

Language: English

Alternative title: Research and Development Survey (Northern Ireland)",https://data.gov.uk/dataset/f2ce94b7-4ca0-4cd9-88f2-1787d8ffa6f1,data.gov.uk,ogl-3.0,explicit,,[],economy-small-business,2026-10-07T21:30:32.051718+00:00
Research indices using web scraped price data,"Web scraping is a tool for extracting information from the underlying HTML code of websites. ONS has been conducting research into these technologies and, since May 2014, has been scraping prices from the websites of three retailers. Last year, ONS released two updates that constructed experimental price indices from the data. In this release, we provide updates to the experimental indices, and an analysis of the different methods used to clean and classify the data.",https://data.gov.uk/dataset/57449d7f-9b80-477a-b05b-4e3b55378764,data.gov.uk,ogl-3.0,explicit,,[],economy-small-business,2026-10-07T21:30:32.051718+00:00
Resolving workplace disputes: a consultation. Impact assessment,Underlying table and figure data from the Resolving workplace disputes: a consultation. Impact assessment [URN 11/512],https://data.gov.uk/dataset/f7e96061-4f84-4507-b2f9-84d2c470977c,data.gov.uk,ogl-3.0,explicit,,[],economy-small-business,2026-10-07T21:30:32.051718+00:00
Results from the 2010 finance survey of mid-cap businesses,Underlying data from the publication Results from the 2010 finance survey of mid-cap businesses [URN 10/P108],https://data.gov.uk/dataset/f7a02eef-5f6b-4c26-8b34-c0ab87032a80,data.gov.uk,ogl-3.0,explicit,,[],economy-small-business,2026-10-07T21:30:32.051718+00:00
Retail Sales,"Contains a first estimate of retail sales in volume and value terms, seasonally and non-seasonally adjusted
Source agency: Office for National Statistics
Designation: National Statistics
Language: English
Alternative title: RSI",https://data.gov.uk/dataset/3978b9c5-badd-439b-989f-22dc24208797,data.gov.uk,ogl-3.0,explicit,,[],economy-small-business,2026-10-07T21:30:32.051718+00:00
Revenue-based Taxes and Benefits: Enterprise investment scheme,"Provides general information on all HMRC taxes, including tax receipts, the number of taxpayers, personal tax credits, child benefit and estimates of the cost of tax expenditures and structural relief.

Source agency: HM Revenue and Customs

Designation: National Statistics

Language: English

Alternative title: Revenue Based Taxes",https://data.gov.uk/dataset/acb0f200-32f6-47a0-8451-882d3409a877,data.gov.uk,ogl-3.0,explicit,,[],economy-small-business,2026-10-07T21:30:32.051718+00:00
Revenue-based Taxes and Benefits: Personal incomes,"Provides general information on all HMRC taxes, including tax receipts, the number of taxpayers, personal tax credits, child benefit and estimates of the cost of tax expenditures and structural relief.

Source agency: HM Revenue and Customs

Designation: National Statistics

Language: English

Alternative title: Revenue Based Taxes",https://data.gov.uk/dataset/f67320ab-0c44-445b-b0af-c627d16f4601,data.gov.uk,ogl-3.0,explicit,,[],economy-small-business,2026-10-07T21:30:32.051718+00:00
Ryedale Business Rate Relief,Business Rates (National Non Domestic Rates (NNDR)) current relief,https://data.gov.uk/dataset/2e8ef114-87f9-47b5-879c-d050407f4386,data.gov.uk,ogl-3.0,explicit,,[],economy-small-business,2026-10-07T21:30:32.051718+00:00
Ryedale Business Rates,Business Rates (National Non Domestic Rates (NNDR))  for properties in Ryedale,https://data.gov.uk/dataset/66ed0338-68bd-4e34-9f0a-dec3c8e8c218,data.gov.uk,ogl-3.0,explicit,,[],economy-small-business,2026-10-07T21:30:32.051718+00:00
Ryedale Business Rates Accounts in Credit,Business Rates (National Non Domestic Rates (NNDR)) Accounts in Credit,https://data.gov.uk/dataset/6d2961a3-5010-47dd-a097-efc7f07ef2a7,data.gov.uk,ogl-3.0,explicit,,[],economy-small-business,2026-10-07T21:30:32.051718+00:00
Ryedale Business Rates Write Ons,Business Rates (National Non Domestic Rates (NNDR)) Write Ons,https://data.gov.uk/dataset/753ea3bf-ea11-47ad-b5b5-9cf66e644a5a,data.gov.uk,ogl-3.0,explicit,,[],economy-small-business,2026-10-07T21:30:32.051718+00:00
Ryedale District Council Trade Union Facility Time,Ryedale District Council Annual Trade Union Facility Time,https://data.gov.uk/dataset/0ca3c016-0552-4d18-b6e9-7d6bbff86ffd,data.gov.uk,ogl-3.0,explicit,,[],economy-small-business,2026-10-07T21:30:32.051718+00:00
"SDQ7: Assets, Liabilities and Transactions in Finance Leasing, Factoring and Credit Granting","Contains quarterly assets, liabilities and selected net investment data arising from financial transactions made by businesses engaged in finance leasing, factoring and credit granting.

Source agency: Office for National Statistics

Designation: National Statistics

Language: English

Alternative title: SDQ7: Assets, Liabilities and Transactions in Finance Leasing, Factoring and Credit Granting",https://data.gov.uk/dataset/a512929b-3ea3-42af-bb18-0179b350e9be,data.gov.uk,ogl-3.0,explicit,,[],economy-small-business,2026-10-07T21:30:32.051718+00:00
SIN July 2015,"This data set contains information about the participants in the Social Incubator North SIF project, including theme of the business, gender breakdown and the performance of the programme to date. The data appears in two separate files, one dealing with the performance of the programme and the other with the participants.",https://data.gov.uk/dataset/e326bc33-9448-4ea6-aee9-25d8c259e816,data.gov.uk,ogl-3.0,explicit,,[],economy-small-business,2026-10-07T21:30:32.051718+00:00
SMEs and communication services,"Ofcom undertakes research on the availability and experience of communications services for small and medium enterprises (SMEs) in the UK, defined as businesses with fewer than 250 employees. A survey of 1501 SMEs (0-249 employees) was undertaken using CATI (computer aided telephone interviewing). The survey data were weighted to be representative of the SME universe on size. Fieldwork took place between 9 May and 18 July 2016.
",https://data.gov.uk/dataset/18778738-219a-4af8-84c0-52fb6b1296eb,data.gov.uk,ogl-3.0,explicit,,[],economy-small-business,2026-10-07T21:30:32.051718+00:00
"Science, Engineering and Technology Indicators","The Science, Engineering and Technology Indicators, or SET Statistics, are a summary of key indicators covering government financing of science, engineering and technology, research and development (R&D), employment of science graduates and postgraduates, and comparisons with other G7 countries. The statistics are prepared in collaboration with the Office for National Statistics.

Source agency: Business, Innovation and Skills

Designation: Official Statistics not designated as National Statistics

Language: English

Alternative title: SET statistics",https://data.gov.uk/dataset/bfcbb1f2-eb87-45ad-a7a7-8ab6908c7aec,data.gov.uk,ogl-3.0,explicit,,[],economy-small-business,2026-10-07T21:30:32.051718+00:00
"Science, Engineering and Technology Statistics","These statistics provide an analysis of the government financing of SET activities in the UK, describe the relationship between the funders and performers of Research and Development (R&D) in the UK (government, higher education, business enterprise, charities and overseas), report on business enterprise R&D expenditure.

Source agency: Office for National Statistics

Designation: Official Statistics not designated as National Statistics

Language: English

Alternative title: SET",https://data.gov.uk/dataset/9df9de72-9d1a-4d41-9fa9-f9f504ceefb6,data.gov.uk,ogl-3.0,explicit,,[],economy-small-business,2026-10-07T21:30:32.051718+00:00
Scottish Agriculture Facts and Figures,"Summary of agricultural activity and income information.

Source agency: Scottish Government

Designation: National Statistics

Language: English

Alternative title: Scottish Agriculture Facts and Figures",https://data.gov.uk/dataset/8d97aeaa-4968-457b-af24-e960d1043204,data.gov.uk,ogl-3.0,explicit,,[],economy-small-business,2026-10-07T21:30:32.051718+00:00
Scottish Annual Business Statistics,"Scottish Annual Business Statistics includes detailed data on employees, turnover, gross value added, labour costs and other financial data. Data are shown by industry sector, local authority area and ownership.

Source agency: Scottish Government

Designation: National Statistics

Language: English

Alternative title: Scottish Annual Business Statistics",https://data.gov.uk/dataset/81687cf9-7719-476d-86b8-b0bed8fc70ae,data.gov.uk,ogl-3.0,explicit,,[],economy-small-business,2026-10-07T21:30:32.051718+00:00
Scottish Corporate Sector Statistics,"Business stock information by industry, sizeband, ownership and Local Authorities.

Source agency: Scottish Government

Designation: National Statistics

Language: English

Alternative title: Scottish Corporate Sector Statistics",https://data.gov.uk/dataset/e6d044da-e21c-405f-b25f-c45a66fd4a76,data.gov.uk,ogl-3.0,explicit,,[],economy-small-business,2026-10-07T21:30:32.051718+00:00
Scottish Economic Statistics,"This compendium publication presents a range of official statistics relevant to the Scottish economy.

Source agency: Scottish Government

Designation: National Statistics

Language: English

Alternative title: Scottish Economic Statistics",https://data.gov.uk/dataset/e9b99ba5-79f1-4c03-b87f-73130e45ba0c,data.gov.uk,ogl-3.0,explicit,,[],economy-small-business,2026-10-07T21:30:32.051718+00:00
Scottish Neighbourhood Statistics,"Broad range of small area socio-economic statistics.

Source agency: Scottish Government

Designation: Official Statistics not designated as National Statistics

Language: English

Alternative title: Scottish Neighbourhood Statistics",https://data.gov.uk/dataset/c4930839-8a32-4a71-b5d7-aec4a51ed1e2,data.gov.uk,ogl-3.0,explicit,,[],economy-small-business,2026-10-07T21:30:32.051718+00:00
Scottish Quarterly Gross Domestic Product,"Key indicator of Economic Growth for Scotland, identifying the economic output for the latest quarter.

Source agency: Scottish Government

Designation: National Statistics

Language: English

Alternative title: Scottish Quarterly Gross Domestic Product",https://data.gov.uk/dataset/bb748351-b8ed-49c0-96b4-388f24a0aea8,data.gov.uk,ogl-3.0,explicit,,[],economy-small-business,2026-10-07T21:30:32.051718+00:00
Scottish Retail Sales Index,"An indicator of Economic Growth in the Scottish Retail sector.

Source agency: Scottish Government

Designation: National Statistics

Language: English

Alternative title: Scottish Retail Sales Index",https://data.gov.uk/dataset/5c2197ef-6024-4926-89cf-e2639adf2cc0,data.gov.uk,ogl-3.0,explicit,,[],economy-small-business,2026-10-07T21:30:32.051718+00:00
Second Estimate of GDP,"'Estimates of the key components of GDP from the output, expenditure and income approaches.'
Source agency: Office for National Statistics
Designation: National Statistics
Language: English
Alternative title: GDP",https://data.gov.uk/dataset/78b0c64a-e71d-4950-96a6-b1717ade29fb,data.gov.uk,ogl-3.0,explicit,,[],economy-small-business,2026-10-07T21:30:32.051718+00:00
Sector Mentoring Challenge Fund,This data set supports figure 1 and figure 2 in the Sector Mentoring Challenge Fund prospectus and is taken from the Small Business Survey 2012: SME employers.,https://data.gov.uk/dataset/acda4d88-e00b-43e5-ba93-08353e856d5e,data.gov.uk,ogl-3.0,explicit,,[],economy-small-business,2026-10-07T21:30:32.051718+00:00
Services Producer Price Index,"The Services Producer Price Index (SPPI) are primarily a suite of individual price indices that provide information on price change for a limited range of service industries. Each SPPI captures quarterly changes in the price received for services provided by UK businesses to other UK businesses and Government. These individual price indices are also aggregated together to create a 'service industry' SPPI with limited coverage.
Source agency: Office for National Statistics
Designation: Experimental Official Statistics
Language: English
Alternative title: SPPI",https://data.gov.uk/dataset/c64e7938-141a-4942-8146-c557ee662819,data.gov.uk,ogl-3.0,explicit,,[],economy-small-business,2026-10-07T21:30:32.051718+00:00
Services Producer Price Indices,"The Services Producer Price Index (SPPI) are primarily a suite of individual price indices that provide information on price change for a limited range of service industries. Each SPPI captures quarterly changes in the price received for services provided by UK businesses to other UK businesses and Government. These individual price indices are also aggregated together to create a 'service industry' SPPI with limited coverage.
Source agency: Office for National Statistics
Designation: National Statistics
Language: English
Alternative title: SPPI",https://data.gov.uk/dataset/77613f01-4277-4ed7-a9a2-720583688df0,data.gov.uk,ogl-3.0,explicit,,[],economy-small-business,2026-10-07T21:30:32.051718+00:00
Six Month Offer Stats,"Take up of Recruitment Subsidy, Self Employment Work Focused Training and Volunteering initiatives introduced in April 2009 as part of the Government's response to the economic downturn. This is a joint publication with the Department for Business Innovation & Skills (BIS), the Devolved Administrations and the Department for Work & Pensions (DWP).

Source agency: Scottish Government

Designation: Experimental Official Statistics

Language: English

Alternative title: Six Month Offer Stats",https://data.gov.uk/dataset/5e76b396-8742-44b8-94bf-829f66649d97,data.gov.uk,ogl-3.0,explicit,,[],economy-small-business,2026-10-07T21:30:32.051718+00:00
Small Business Survey statistics,"Findings of the Small Business Survey on the performance of small and medium-sized businesses with employees and with no employees.

Official Statistics",https://data.gov.uk/dataset/efa5133a-ad72-47a3-aef9-b4f8ab385a0c,data.gov.uk,ogl-3.0,explicit,,[],economy-small-business,2026-10-07T21:30:32.051718+00:00
Small and Medium Enterprise (SME) Statistics for the Regions 2007,"Presents the number of enterprises (businesses) in the UK along with the turnover and employment in these enterprises.

Source agency: Business, Innovation and Skills

Designation: National Statistics

Language: English

Alternative title: SME Statistics",https://data.gov.uk/dataset/614d509c-e734-4476-85b7-aef47979782f,data.gov.uk,ogl-3.0,explicit,,[],economy-small-business,2026-10-07T21:30:32.051718+00:00
Small and medium sized enterprise statistics (SME) for the UK and regions 2008 and 2009,"Presents the number of enterprises (businesses) in the UK along with the turnover and employment in these enterprises.
Source agency: Business, Innovation and Skills
Designation: National Statistics
Language: English
Alternative title: SME Statistics",https://data.gov.uk/dataset/dbaa6871-9750-4b1f-93fa-89c2683f9b73,data.gov.uk,ogl-3.0,explicit,,[],economy-small-business,2026-10-07T21:30:32.051718+00:00
Small and medium-sized enterprise (SME) business barometer,"Data on SME performance and the factors that affect this. Based on a series of surveys among small and medium-sized (SME) employer enterprises across the UK. The survey assesses how well or badly small businesses are performing, their needs, concerns and barriers to growth.",https://data.gov.uk/dataset/f91c0cde-df3f-4ff3-833d-bc2babc31707,data.gov.uk,ogl-3.0,explicit,,[],economy-small-business,2026-10-07T21:30:32.051718+00:00
South Lakeland District Council Business Rates,"Full list of non-domestic properties in South Lakeland, Business Rates list showing the rateable value, any reliefs, annual charge and the properties occupied status.

As of September 2018, we are able to include date of liability/occupation in this main list, this list will replace the separate New Liabilities List.  We are unable to extract date of vacancy from our system. 

Please note: we remove sole trader information as it is personal data exempt under section 40 (2) of the Freedom of Information Act 2000. ",https://data.gov.uk/dataset/37d21977-aa56-4da1-bfff-8060a8e204bd,data.gov.uk,ogl-3.0,explicit,,[],economy-small-business,2026-10-07T21:30:32.051718+00:00
Sport Satellite Account,"Figures on the economic value of sport to the UK economy

Source agency: Culture, Media and Sport

Designation: Official Statistics not designated as National Statistics

Language: English

Alternative title: Sport Satellite Account",https://data.gov.uk/dataset/da981813-ad5e-4d7c-9d4c-6e6b32fdb888,data.gov.uk,ogl-3.0,explicit,,[],economy-small-business,2026-10-07T21:30:32.051718+00:00
St Edmundsbury Borough Council/Business rate properties,"Business rate properties
",https://data.gov.uk/dataset/c62f81d1-a962-4a7f-a73e-fd7712624a7e,data.gov.uk,ogl-3.0,explicit,,[],economy-small-business,2026-10-07T21:30:32.051718+00:00
St Edmundsbury Borough Council/Business rates accounts in credit,"Business rates accounts in credit
",https://data.gov.uk/dataset/a281e714-ac72-436b-9fd8-7e549e04cf58,data.gov.uk,ogl-3.0,explicit,,[],economy-small-business,2026-10-07T21:30:32.051718+00:00
St Edmundsbury Borough Council/Business rates live accounts,"Business rates live accounts
",https://data.gov.uk/dataset/dbe1ee51-70c2-4f16-9f84-b487814bc234,data.gov.uk,ogl-3.0,explicit,,[],economy-small-business,2026-10-07T21:30:32.051718+00:00
St Edmundsbury Borough Council/Business rates relief awarded,Business rates relief awarded,https://data.gov.uk/dataset/6da90ed1-54c1-464b-8e0d-929e35d50a06,data.gov.uk,ogl-3.0,explicit,,[],economy-small-business,2026-10-07T21:30:32.051718+00:00
St Edmundsbury Borough Council/Mobile food vendors/Street traders,"Mobile food vendors/Street traders
",https://data.gov.uk/dataset/68936e0c-b137-4baf-ad18-463367fc3645,data.gov.uk,ogl-3.0,explicit,,[],economy-small-business,2026-10-07T21:30:32.051718+00:00
St Edmundsbury Borough Council/NNDR small business relief,"NNDR small business relief
",https://data.gov.uk/dataset/ab9c10bd-8f06-4299-90b4-4bc1dd6ad597,data.gov.uk,ogl-3.0,explicit,,[],economy-small-business,2026-10-07T21:30:32.051718+00:00
St Edmundsbury Borough Council/New business rate accounts created within the last month,"New business rate accounts created within the last month
",https://data.gov.uk/dataset/3a9bb0c0-eaae-4687-b2a8-611a3ca1fab7,data.gov.uk,ogl-3.0,explicit,,[],economy-small-business,2026-10-07T21:30:32.051718+00:00
Staffordshire Moorlands Trade Union Facility Time,Staffordshire Moorlands Trade Union Facility Time ,https://data.gov.uk/dataset/f64473db-9c5f-47fc-9bf0-403586d85175,data.gov.uk,ogl-3.0,explicit,,[],economy-small-business,2026-10-07T21:30:32.051718+00:00
Statistical Surveys Of Businesses Carried Out By Northern Ireland Departments,"Summary details of Government statistical surveys of businesses in Northern Ireland

Source agency: Northern Ireland Statistics and Research Agency

Designation: Official Statistics not designated as National Statistics

Language: English

Alternative title: Survey Control Statistics Notice",https://data.gov.uk/dataset/f2990dc0-f1e5-4085-b1fd-d48d894ef642,data.gov.uk,ogl-3.0,explicit,,[],economy-small-business,2026-10-07T21:30:32.051718+00:00
Strategic Industrial Locations (UDP June 2006)  - Rochdale Borough Council,"Strategic industrial locations are a series of allocations relating to the Rochdale UDP June 2006.  These allocations cover planning policies on employment and the economy (Chapter 8):
EC/2 – Primary employment zones (allocations of the primary employment zones)
EC/3 – Mixed employment zones (allocations of the mixed employment zones)
EC/7 – Kingsway Business Park (allocation of Kingsway Business Park)
EC/8 – Development sites in employment zones (allocations of development sites in employment zones)
EC/9 – Sandbrook Park (allocation of Sandbrook Park)",https://data.gov.uk/dataset/ec6fd865-b0bb-4829-b576-0085062a6ebb,data.gov.uk,cc-by,explicit,,[],economy-small-business,2026-10-07T21:30:32.051718+00:00
Student Loans,"Presents statistics on student loan borrower status and repayments by repayment cohort and tax year, produced by the Student Loans Company

Source agency: Business, Innovation and Skills

Designation: Official Statistics not designated as National Statistics

Language: English

Alternative title: Student loan repayments",https://data.gov.uk/dataset/0c594ccc-854d-4986-9768-7039346d3e89,data.gov.uk,ogl-3.0,explicit,,[],economy-small-business,2026-10-07T21:30:32.051718+00:00
Sub-regional public and private sector employee job estimates,"The preferred souce of public sector employment data is the ONS National Statistics of Public Sector Employment. This provides employment estimates at national and regional level based on public sector returns and is available from the ONS website. Where data is required for GB below regional level these Annual Business Inquiry (ABI) employee jobs estimates can be used. This data provides estimates of the level of public and private sector employee jobs by Local Authority and Travel to Work area

Source agency: Business, Innovation and Skills

Designation: Official Statistics not designated as National Statistics

Language: English

Alternative title: Local authority public and private employee jobs",https://data.gov.uk/dataset/5de2fe8b-4c2e-4212-82cb-5b687efa0b6c,data.gov.uk,ogl-3.0,explicit,,[],economy-small-business,2026-10-07T21:30:32.051718+00:00
Suffolk Costal District Council/Business rate properties,"Business rate properties
",https://data.gov.uk/dataset/479af879-6192-4d23-9bdf-ac5362c65f96,data.gov.uk,ogl-3.0,explicit,,[],economy-small-business,2026-10-07T21:30:32.051718+00:00
Suffolk Costal District Council/Business rates accounts in credit,"Business rates accounts in credit
",https://data.gov.uk/dataset/cab9677c-84f1-4a9f-9117-5ee569751dc9,data.gov.uk,ogl-3.0,explicit,,[],economy-small-business,2026-10-07T21:30:32.051718+00:00
Suffolk Costal District Council/Business rates relief awarded,"Business rates relief awarded
",https://data.gov.uk/dataset/6e093bd4-1db4-49fb-849c-d933253141af,data.gov.uk,ogl-3.0,explicit,,[],economy-small-business,2026-10-07T21:30:32.051718+00:00
Suffolk Costal District Council/Mobile food vendors/Street traders,"Mobile food vendors/Street traders
",https://data.gov.uk/dataset/beb21fe0-0a29-467c-9c8c-2cf93c6519cb,data.gov.uk,ogl-3.0,explicit,,[],economy-small-business,2026-10-07T21:30:32.051718+00:00
Suffolk Costal District Council/NNDR small business relief,"NNDR small business relief
",https://data.gov.uk/dataset/2acd7c56-c9ae-4773-9cb6-a9638e645fb0,data.gov.uk,ogl-3.0,explicit,,[],economy-small-business,2026-10-07T21:30:32.051718+00:00
Suffolk Costal District Council/New business rate accounts created within the last month,"New business rate accounts created within the last month
",https://data.gov.uk/dataset/1d98148e-c2c3-4a58-97bf-8406066dc49d,data.gov.uk,ogl-3.0,explicit,,[],economy-small-business,2026-10-07T21:30:32.051718+00:00
Survey Compliance Costs to Businesses and Local Authorities,"HMRC Survey Compliance Costs To Businesses and Local Authorities - This publication contains statistics of HMRC survey compliance costs

Source agency: HM Revenue and Customs

Designation: National Statistics

Language: English

Alternative title: Survey Compliance Costs to Businesses and Local Authorities",https://data.gov.uk/dataset/0a88f832-d287-4b32-8725-fdbaf8f717ac,data.gov.uk,ogl-3.0,explicit,,[],economy-small-business,2026-10-07T21:30:32.051718+00:00
Survey data set on SME employers' use of and barriers to business support,"Underlying data from the publication 'Research to understand the barriers to take up and use of business support' [URN 11/1288]. Data from a survey of 1,202 employer SMEs in England undertaken in March 2011. The survey was designed to provide statistically robust evidence of business use and non use of external business support services, differentiating between private sector and public sector sources of both routine information and strategic advice. The survey aimed to produce a broadly representative sample of SME employers and used a random stratified sample from the Experian database adopting quotas in order to capture sufficient numbers of businesses across key categories (age, size, sector, region). The data presented in the published report was weighted by size band to correct for over-sampling amongst larger SMEs.",https://data.gov.uk/dataset/3170ed6b-c4f3-424e-be21-3ee9d5e93e1d,data.gov.uk,ogl-3.0,explicit,,[],economy-small-business,2026-10-07T21:30:32.051718+00:00
"Tax arrangements for public sector appointees in Department for Business, Innovations and Skills","The data relates to all off pay roll engagements more than £58,200 per annum for BIS and its Partner Organisations as at 31 January 2012. The Government published a review of the tax arrangements of public sector appointees on 23 May 2012. The review identified the number of off payroll engagements worth more than £58,200 per annum across government - and made recommendations to improve the tax transparency of these kind of arrangements. The following document constitutes the Department for Business, Innovation and Skills' submission to this review. The full review and recommendations can be found at www.hm-treasury.gov.uk.",https://data.gov.uk/dataset/5c18a5dc-9aa3-488d-acb0-5848effb81d1,data.gov.uk,ogl-3.0,explicit,,[],economy-small-business,2026-10-07T21:30:32.051718+00:00
TfGM Trade Union Facility Time,"Data contains details of TfGM’s Trade Union Facility Time, as required for publication to satisfy TfGM’s voluntary compliance with the Local Government Transparency Code 2015. (TfGM is not captured by the Code, but is choosing to publish in the spirit of the Code).

By downloading this dataset you are indicating your acceptance with the terms of the licence.

Please acknowledge the source of this information using the following attribution statement:

“Contains Transport for Greater Manchester data.”",https://data.gov.uk/dataset/ed7b0869-b165-41ae-bb70-42d87840493d,data.gov.uk,ogl-3.0,explicit,,[],economy-small-business,2026-10-07T21:30:32.051718+00:00
The Productivity Conundrum,"Additional economic analysis focusing on the interaction of GDP and the Labour Market.

Source agency: Office for National Statistics

Designation: Supporting material

Language: English

Alternative title: The Productivity Conundrum",https://data.gov.uk/dataset/4d7be515-0bf8-4e41-bc36-f01c380b74ba,data.gov.uk,ogl-3.0,explicit,,[],economy-small-business,2026-10-07T21:30:32.051718+00:00
The impact of previous special events on economic time series,"This article reviews the impact of the heavy snow in December 2010 and the Royal Wedding bank holiday in April 2011 on related economic time series. It will look at the Production, Construction, Services, Retail Sales and Labour Market series to determine which sectors of the economy were most affected. It does not make any attempt to quantify the overall impact of these two events on economic growth, in line with the ONS Special Events policy.

Source agency: Office for National Statistics

Designation: Supporting material

Language: English

Alternative title: Impact of the Royal Wedding and heavy snow on economic time series",https://data.gov.uk/dataset/c00dd0b7-df83-484f-a0b6-697efc5980f2,data.gov.uk,ogl-3.0,explicit,,[],economy-small-business,2026-10-07T21:30:32.051718+00:00
The impact of previous special events on economic time series.,"This article reviews the impact of the heavy snow in December 2010 and the Royal Wedding bank holiday in April 2011 on related economic time series. It will look at the Production, Construction, Services, Retail Sales and Labour Market series to determine which sectors of the economy were most affected. It does not make any attempt to quantify the overall impact of these two events on economic growth, in line with the ONS Special Events policy.

Source agency: Office for National Statistics

Designation: Supporting material

Language: English

Alternative title: The impact of the bad weather in December 2010 and the Royal Wedding bank holiday in April 2011 on economic time series.",https://data.gov.uk/dataset/a31eb838-c011-489a-b41a-1bd4dfbde32c,data.gov.uk,ogl-3.0,explicit,,[],economy-small-business,2026-10-07T21:30:32.051718+00:00
Total Income From Farming,"Total Income from Farming in Scotland, covering in detail the costs and revenues of all aspects of Scottish farming.

Source agency: Scottish Government

Designation: National Statistics

Language: English

Alternative title: TIFF",https://data.gov.uk/dataset/82100be2-2ba8-48f4-b1ce-4b10d2988760,data.gov.uk,ogl-3.0,explicit,,[],economy-small-business,2026-10-07T21:30:32.051718+00:00
Total and Percentage in Employment by Broad Industrial Group,Business Register and Employment Survey 2013,https://data.gov.uk/dataset/3d431d74-d455-4d76-a421-1de1f9fca805,data.gov.uk,ogl-3.0,explicit,,[],economy-small-business,2026-10-07T21:30:32.051718+00:00
Tour de France,"The information relates to the economic boost from the Tour de France 2014, for the City of Bradford Metropolitan District and wider.  How various teams worked together seamlessly to provide a service,  and the overall impact on tourism, business, cycling and the region.",https://data.gov.uk/dataset/dc5feeed-57e2-40db-8ee4-7c2cb2ba01a7,data.gov.uk,ogl-3.0,explicit,,[],economy-small-business,2026-10-07T21:30:32.051718+00:00
Trade Marks Journal,Our trade mark journal contains full details of trade marks that have been accepted or are awaiting registration. It is published each Friday and is available online or to download in PDF or as an XML data file.,https://data.gov.uk/dataset/fc8a832f-b5e2-4c03-9ae4-10a5e74b467c,data.gov.uk,ogl-3.0,explicit,,[],economy-small-business,2026-10-07T21:30:32.051718+00:00
Trade Union Facility Time,"Trade Union information as required under Transparency Code including numbers, unions and estimated spend. ",https://data.gov.uk/dataset/e583967f-0b8e-485a-96cf-f3264ec060b5,data.gov.uk,ogl-3.0,explicit,,[],economy-small-business,2026-10-07T21:30:32.051718+00:00
Trade Union Facility Time High Peak Borough Council,High Peak Borough Council Trade Union Facility Time ,https://data.gov.uk/dataset/37f24381-a9c3-4cf2-b78d-de87acea7a45,data.gov.uk,ogl-3.0,explicit,,[],economy-small-business,2026-10-07T21:30:32.051718+00:00
Trade Union Membership statistics,"Provides annual estimates of trade union membership from the Labour Force Survey for both employees and all workers.

National Statistics",https://data.gov.uk/dataset/2139dde9-cb3a-43c3-9c93-dc98b91d448e,data.gov.uk,ogl-3.0,explicit,,[],economy-small-business,2026-10-07T21:30:32.051718+00:00
Trade Unions,Scarborough Borough Council trade union information. Published in compliance with the Transparency Code 2015.,https://data.gov.uk/dataset/80162888-0caf-444d-9998-29af5d0de1ec,data.gov.uk,ogl-3.0,explicit,,[],economy-small-business,2026-10-07T21:30:32.051718+00:00
Train to Gain,"Further Education success rate on the Train to Gain programme
Source: Department for Business, Innovation and Skills (BIS)
Publisher: The Data Service
Geographies: County/Unitary Authority, Government Office Region (GOR), National, Parliamentary Constituency
Geographic coverage: England
Time coverage: 2005/06 to 2008/09
Type of data: Administrative data.",https://data.gov.uk/dataset/536de046-81d1-4dae-bb82-8ca2b5e1b55c,data.gov.uk,ogl-3.0,explicit,,[],economy-small-business,2026-10-07T21:30:32.051718+00:00
"UK Biodiversity Indicator A5, Integration of biodiversity considerations into business","This spreadsheet is the underlying data for the biodiversity indicator A5, Integration of biodiversity considerations into business.

Decisions made by businesses of any size within key sectors such as agriculture, forestry, industry, housing and infrastructure development, water supply and fisheries can have significant biodiversity impacts.  Information on how biodiversity considerations have been integrated into agriculture, forestry and fisheries, is included in other UK indicators.  Other sectors were not previously adequately covered, this indicator therefore provides information on biodiversity considerations of businesses in the large mining, manufacturing and utilities sectors.  Production and consumption in the UK has an impact within the UK as well as overseas.

This indicator shows the percentage of large businesses (those with at least 250 employees) surveyed in the Environmental Protection Expenditure (EPE) Survey that operate at least one Environmental Management System (EMS), and the percentage of large companies that formally consider the environment during procurement and contract management relating to their supply chain.  The EPE survey covers large mining companies, manufacturing companies and utilities.

This is one of a suite of 24 UK biodiversity indicators published by JNCC on behalf of Defra; the latest publication date was 19 January 2016 - for indicator A5 the latest data are for 2013.",https://data.gov.uk/dataset/b59756c5-4e15-42ff-80b4-2c349eb17df3,data.gov.uk,ogl-3.0,explicit,,[],economy-small-business,2026-10-07T21:30:32.051718+00:00
"UK Business: Activity, Size and Location","This publication is compiled from the Inter Departmental Business Register (IDBR) which contains information on VAT traders and PAYE employers in a statistical register.  The publication contains tables on local units and enterprises by geography, industry, legal status and employment size band. Additional tables at enterprise level provide information by age of business and turnover size band.
Source agency: Office for National Statistics
Designation: National Statistics
Language: English
Alternative title: PA1003",https://data.gov.uk/dataset/4780d791-4523-4842-93a6-8b7ead12440b,data.gov.uk,ogl-3.0,explicit,,[],economy-small-business,2026-10-07T21:30:32.051718+00:00
UK Manufacturers' Sales by Industry: Timeseries,"This table supports the UK Manufacturers' Sales by Product (PRODCOM) Results and Statistical Bulletin: data is available in the relevant PRODCOM publications, but is provided in a different format to increase accessibility of time series data for users.

Source agency: Office for National Statistics

Designation: National Statistics

Language: English

Alternative title: Prodcom Timeseries",https://data.gov.uk/dataset/c197c336-59e0-46c6-aef2-4da6a65d9f90,data.gov.uk,ogl-3.0,explicit,,[],economy-small-business,2026-10-07T21:30:32.051718+00:00
UK Trade in Goods Analysed in Terms of Industry,"The value of UK exports and imports of goods grouped by industry. Goods are attributed to the industry of which they are the principal products.
Source agency: Office for National Statistics
Designation: National Statistics
Language: English
Alternative title: MQ10",https://data.gov.uk/dataset/445bcdc5-68b0-44d6-aa72-71515c5023a1,data.gov.uk,ogl-3.0,explicit,,[],economy-small-business,2026-10-07T21:30:32.051718+00:00
UK Trade in Services,"Service sector data highlighting the UK's major trading partners, which services are common to a number of industries and the geographical breakdown on services and industries.

Source agency: Office for National Statistics

Designation: Official Statistics not designated as National Statistics

Language: English

Alternative title: TIS",https://data.gov.uk/dataset/1a99f995-6860-4b81-a7aa-f77b56051530,data.gov.uk,ogl-3.0,explicit,,[],economy-small-business,2026-10-07T21:30:32.051718+00:00
UK companies by R&D investment by sector 2010,"Scoreboard ranking the top 1,000 UK companies by research and development (R&D) investment within industry for the UK",https://data.gov.uk/dataset/13fab0e6-1a57-4d59-bc95-1c14c92f3b1a,data.gov.uk,ogl-3.0,explicit,,[],economy-small-business,2026-10-07T21:30:32.051718+00:00
"UK market value of the low carbon goods and sevices industry, 2007/08","The global market value of low carbon goods and services (LCEGS) in 2007-08 was £3,046 billion. The UK had the sixth largest low carbon and environmental economy, with 3.5 per cent of the global share worth £107 billion.",https://data.gov.uk/dataset/aeeaaeb1-0f8c-4896-b2d7-96fe2debcf31,data.gov.uk,ogl-3.0,explicit,,[],economy-small-business,2026-10-07T21:30:32.051718+00:00
UK non-financial business economy,Size and growth within the UK non-financial sectors as measured by the Annual Business Survey.,https://data.gov.uk/dataset/23daa51d-2e17-4de0-991f-0c4ec9c3f2ce,data.gov.uk,ogl-3.0,explicit,,[],economy-small-business,2026-10-07T21:30:32.051718+00:00
"UKTI's internationalisation strategies, barriers and awareness survey","The survey is a telephone-based survey of a sample of 950 UK firms who either already export, or who intend to begin doing so within the next year.

It captures evidence about: 
    UK businesses’ international business strategies
    barriers faced and associated needs for external help
    awareness of UKTI

The survey has been running annually since 2008.",https://data.gov.uk/dataset/02c83a1e-dbe9-4089-916e-a94499059cf2,data.gov.uk,ogl-3.0,explicit,,[],economy-small-business,2026-10-07T21:30:32.051718+00:00
Unemployment by ethnicity,"The data measures the number and percentage of people in England, Scotland and Wales who are unemployed. Percentages are worked out using the economically active population (people aged 16 and over who are employed or unemployed).

Data is shown by:

* ethnicity
* ethnicity over time
* ethnicity and gender
* ethnicity and age group
* ethnicity over time (16 to 24 year olds only)
* ethnicity and area

Data comes from the Annual Population Survey (Office for National Statistics) and is published on 'Ethnicity facts and figures'.",https://data.gov.uk/dataset/fe6c83aa-62aa-4a8c-94cc-225f47287225,data.gov.uk,ogl-3.0,explicit,,[],economy-small-business,2026-10-07T21:30:32.051718+00:00
United Kingdom Input-Output Analyses,"Input-Output Annual Supply and Use Tables (I-O SUTs) and various other analyses, which contain details of the components of Gross Domestic Product (GDP) for the United Kingdom (UK), as measured using the production, income and expenditure approaches.

Source agency: Office for National Statistics

Designation: National Statistics

Language: English

Alternative title: I-O",https://data.gov.uk/dataset/11232455-81f8-40bc-b0f4-fd1a8d47b318,data.gov.uk,ogl-3.0,explicit,,[],economy-small-business,2026-10-07T21:30:32.051718+00:00
United Kingdom National Accounts,"The Blue Book is a key annual publication of National Accounts statistics and the essential data source for anyone concerned with macro economic policies and studies.
Source agency: Office for National Statistics
Designation: National Statistics
Language: English
Alternative title: Blue Book",https://data.gov.uk/dataset/fbbb0499-e351-4fc9-aac7-55c2adeb61c8,data.gov.uk,ogl-3.0,explicit,,[],economy-small-business,2026-10-07T21:30:32.051718+00:00
Users and uses of consumer price inflation statistics,"Consumer price inflation statistics are important indicators of how the UK economy is performing. They are used in many ways by individuals, government, businesses and academics. Inflation statistics impact on everyone in some way as they affect interest rates, tax allowances, benefits, pensions, savings rates, maintenance contracts and many other payments. This article provides information about the users and uses of consumer price inflation statistics, and user experiences of these statistics, including the new CPIH and RPIJ measures. In addition, it also provides information on the characteristics of the different measures of consumer price inflation in relation to their potential use.

Source agency: Office for National Statistics

Designation: National Statistics

Language: English

Alternative title: consumer price inflation statistics",https://data.gov.uk/dataset/2de60bbf-ee17-4d60-965f-9e461c4d75ed,data.gov.uk,ogl-3.0,explicit,,[],economy-small-business,2026-10-07T21:30:32.051718+00:00
Uttlesford business rates,"Data on all properties that are charged business rates, as well as information on businesses which receive a relief and those exempt from paying. 
Information includes business name, reference number, rateable value, full postal address and the start date for any relief.",https://data.gov.uk/dataset/c843bc8d-e813-4dda-a507-6b948603b9d1,data.gov.uk,cc-by,explicit,,[],economy-small-business,2026-10-07T21:30:32.051718+00:00
VAT based local business units by broad industry group,"Counts of local units by broad industry group
Source: Office for National Statistics (ONS) Business Registers Unit (BRU)
Publisher: Neighbourhood Statistics
Geographies: Middle Layer Super Output Area (MSOA), Local Authority District (LAD), Government Office Region (GOR), National
Geographic coverage: England and Wales
Time coverage: 2005 to 2007
Type of data: Administrative data",https://data.gov.uk/dataset/de8b96b6-292e-492e-9d89-5f2bad57c7a6,data.gov.uk,ogl-3.0,explicit,,[],economy-small-business,2026-10-07T21:30:32.051718+00:00
VAT based local business units by broad industry group in rural areas,"Counts of local units by employment size band (number of employees) in areas classified as rural
Source: Office for National Statistics (ONS) Business Registers Unit (BRU)
Publisher: Neighbourhood Statistics
Geographies: Middle Layer Super Output Area (MSOA), Local Authority District (LAD), Government Office Region (GOR), National
Geographic coverage: England and Wales
Time coverage: 2008, 2009
Type of data: Administrative data",https://data.gov.uk/dataset/da003def-e0e8-41e1-9dd9-52be0501b0fb,data.gov.uk,ogl-3.0,explicit,,[],economy-small-business,2026-10-07T21:30:32.051718+00:00
VAT based local business units by broad industry group in urban areas,"Counts of local units by employment size band (number of employees) in areas classified as urban
Source: Office for National Statistics (ONS) Business Registers Unit (BRU)
Publisher: Neighbourhood Statistics
Geographies: Middle Layer Super Output Area (MSOA), Local Authority District (LAD), Government Office Region (GOR), National
Geographic coverage: England and Wales
Time coverage: 2008, 2009
Type of data: Administrative data",https://data.gov.uk/dataset/696a3fa9-6140-4051-9610-77449dfa7191,data.gov.uk,ogl-3.0,explicit,,[],economy-small-business,2026-10-07T21:30:32.051718+00:00
VAT based local business units by employment size band,"Counts of local units by employment size band (number of employees)
Source: Office for National Statistics (ONS) Business Registers Unit (BRU)
Publisher: Neighbourhood Statistics
Geographies: Middle Layer Super Output Area (MSOA), Local Authority District (LAD), Government Office Region (GOR), National
Geographic coverage: England and Wales
Time coverage: 2005 to 2007
Type of data: Administrative data",https://data.gov.uk/dataset/730c2f89-d899-4cd8-8ecb-cd500be4d656,data.gov.uk,ogl-3.0,explicit,,[],economy-small-business,2026-10-07T21:30:32.051718+00:00
VAT based local business units by employment size band in rural areas,"Counts of local units by employment size band (number of employees) in areas classified as rural
Source: Office for National Statistics (ONS) Business Registers Unit (BRU)
Publisher: Neighbourhood Statistics
Geographies: Middle Layer Super Output Area (MSOA), Local Authority District (LAD), Government Office Region (GOR), National
Geographic coverage: England and Wales
Time coverage: 2008, 2009
Type of data: Administrative data",https://data.gov.uk/dataset/048c42c6-f665-47d2-97b2-77b6794cffb9,data.gov.uk,ogl-3.0,explicit,,[],economy-small-business,2026-10-07T21:30:32.051718+00:00
VAT based local business units by employment size band in urban areas,"Counts of local units by employment size band (number of employees) in areas classified as urban
Source: Office for National Statistics (ONS) Business Registers Unit (BRU)
Publisher: Neighbourhood Statistics
Geographies: Middle Layer Super Output Area (MSOA), Local Authority District (LAD), Government Office Region (GOR), National
Geographic coverage: England and Wales
Time coverage: 2008, 2009
Type of data: Administrative data",https://data.gov.uk/dataset/1438ac0d-e715-492b-a481-d751bcef7d2e,data.gov.uk,ogl-3.0,explicit,,[],economy-small-business,2026-10-07T21:30:32.051718+00:00
"VAT based local business units by public/private status, single/multi site","Counts of local units by public/private status, single/multi site
Source: Office for National Statistics (ONS) Business Registers Unit (BRU)
Publisher: Neighbourhood Statistics
Geographies: Middle Layer Super Output Area (MSOA), Local Authority District (LAD), Government Office Region (GOR), National
Geographic coverage: England and Wales
Time coverage: 2008, 2009
Type of data: Administrative data",https://data.gov.uk/dataset/bc1cebba-2f0c-4a03-96de-bfb4570c0763,data.gov.uk,ogl-3.0,explicit,,[],economy-small-business,2026-10-07T21:30:32.051718+00:00
VAT based local business units totals only - urban/rural,"Counts of local units totals only - urban/rural
Source: Office for National Statistics (ONS) Business Registers Unit (BRU)
Publisher: Neighbourhood Statistics
Geographies: Middle Layer Super Output Area (MSOA), Local Authority District (LAD), County/Unitary Authority, Government Office Region (GOR), National
Geographic coverage: England and Wales
Time coverage: 2008, 2009
Type of data: Administrative data",https://data.gov.uk/dataset/3e031abb-55cb-47e4-b194-521c69c48cd5,data.gov.uk,ogl-3.0,explicit,,[],economy-small-business,2026-10-07T21:30:32.051718+00:00
VAT registered businesses,"Number of VAT-registered businesses recorded. ""Enterprise Directorate: Business Start-ups and Closures: VAT Registrations and De-registrations""

Please note that there will be no further releases of this publication. The Office for National Statistics has released a new National Statistics series on business births, deaths and survival rates named ‘Business Demography’. Business Demography is now the only official source of information on business start-ups and closures.

Source: Business Registers Unit (BRU)

Publisher: Business Registers Unit (BRU)

Geographies: Local Authority District (LAD), County/Unitary Authority, Government Office Region (GOR), National

Geographic coverage: Great Britain

Time coverage: 1994 to 2008

Type of data: Administrative data",https://data.gov.uk/dataset/ffd1e7c8-90ff-4824-969b-6443c9b08476,data.gov.uk,ogl-3.0,explicit,,[],economy-small-business,2026-10-07T21:30:32.051718+00:00
VAT registered businesses registering and de-registering per year,"Number of VAT-registered businesses recorded as registering and de-registering during a calendar year
Source: Business Registers Unit (BRU)
Publisher: Business Registers Unit (BRU) / Neighbourhood Statistics
Geographies: Local Authority District (LAD), County/Unitary Authority, Government Office Region (GOR), National
Geographic coverage: Great Britain
Time coverage: 1994 to 2007
Type of data: Administrative data",https://data.gov.uk/dataset/1cfd31eb-8adf-4b93-b26a-f1a49883d8c3,data.gov.uk,ogl-3.0,explicit,,[],economy-small-business,2026-10-07T21:30:32.051718+00:00
"VAT registered businesses: total stock, registrations and de-registrations by broad industry group","Total stock of VAT-registered businesses and number of VAT-registered businesses recorded as registering and de-registering during a calendar year, broken down by broad industry group
Source: Business Registers Unit (BRU)
Publisher: Business Registers Unit (BRU)
Geographies: Local Authority District (LAD), County/Unitary Authority, Government Office Region (GOR), National
Geographic coverage: UK
Time coverage: 1994 to 2008
Type of data: Administrative data",https://data.gov.uk/dataset/ccb6517e-ef05-4de3-b78a-972a95b7bae2,data.gov.uk,ogl-3.0,explicit,,[],economy-small-business,2026-10-07T21:30:32.051718+00:00
VAT registered enterprises by age of business,"Counts of enterprises by age of business
Source: Office for National Statistics (ONS) Business Registers Unit (BRU)
Publisher: Neighbourhood Statistics
Geographies: Middle Layer Super Output Area (MSOA), Local Authority District (LAD), Government Office Region (GOR), National
Geographic coverage: England and Wales
Time coverage: 2008, 2009
Type of data: Administrative data",https://data.gov.uk/dataset/746bd0b4-fd67-43d9-9188-195fc70984e8,data.gov.uk,ogl-3.0,explicit,,[],economy-small-business,2026-10-07T21:30:32.051718+00:00
VAT registered enterprises by broad industry group in rural areas,"Counts of enterprises by broad industry group in areas classified as rural
Source: Office for National Statistics (ONS) Business Registers Unit (BRU)
Publisher: Neighbourhood Statistics
Geographies: Middle Layer Super Output Area (MSOA), Local Authority District (LAD), Government Office Region (GOR), National
Geographic coverage: England and Wales
Time coverage: 2005 to 2007
Type of data: Administrative data",https://data.gov.uk/dataset/f49c6a9c-11c0-4383-832c-5eeba2db154c,data.gov.uk,ogl-3.0,explicit,,[],economy-small-business,2026-10-07T21:30:32.051718+00:00
VAT registered enterprises by broad industry group in urban areas,"Counts of enterprises by broad industry group in areas classified as urban
Source: Office for National Statistics (ONS) Business Registers Unit (BRU)
Publisher: Neighbourhood Statistics
Geographies: Middle Layer Super Output Area (MSOA), Local Authority District (LAD), Government Office Region (GOR), National
Geographic coverage: England and Wales
Time coverage: 2005 to 2007
Type of data: Administrative data",https://data.gov.uk/dataset/355a02ba-8242-41a9-9982-55de8525c3e9,data.gov.uk,ogl-3.0,explicit,,[],economy-small-business,2026-10-07T21:30:32.051718+00:00
VAT registered enterprises by employment size band,"Counts of enterprises by employment size band (numbers of employees)
Source: Office for National Statistics (ONS) Business Registers Unit (BRU)
Publisher: Neighbourhood Statistics
Geographies: Middle Layer Super Output Area (MSOA), Local Authority District (LAD), Government Office Region (GOR), National
Geographic coverage: England and Wales
Time coverage: 2005 to 2007
Type of data: Administrative data",https://data.gov.uk/dataset/54601bf9-7f75-47bf-bacd-8fa3040abcce,data.gov.uk,ogl-3.0,explicit,,[],economy-small-business,2026-10-07T21:30:32.051718+00:00
VAT registered enterprises by employment size band in rural areas,"Counts of enterprises by employment size band (numbers of employees) in areas classified as rural
Source: Office for National Statistics (ONS) Business Registers Unit (BRU)
Publisher: Neighbourhood Statistics
Geographies: Middle Layer Super Output Area (MSOA), Local Authority District (LAD), Government Office Region (GOR), National
Geographic coverage: England and Wales
Time coverage: 2005 to 2007
Type of data: Administrative data",https://data.gov.uk/dataset/5c3b885b-03c4-4cae-a026-4a52096113c0,data.gov.uk,ogl-3.0,explicit,,[],economy-small-business,2026-10-07T21:30:32.051718+00:00
"VAT registered enterprises by public/private status, single/multi site","Counts of enterprises by public/private status, single/multi site
Source: Office for National Statistics (ONS) Business Registers Unit (BRU)
Publisher: Neighbourhood Statistics
Geographies: Middle Layer Super Output Area (MSOA), Local Authority District (LAD), Government Office Region (GOR), National
Geographic coverage: England and Wales
Time coverage: 2005 to 2007
Type of data: Administrative data",https://data.gov.uk/dataset/59e26290-8aec-484e-8437-5a2c2eb53aea,data.gov.uk,ogl-3.0,explicit,,[],economy-small-business,2026-10-07T21:30:32.051718+00:00
VAT registered enterprises totals only - urban/rural,"Counts of enterprises totals only - urban/rural
Source: Office for National Statistics (ONS) Business Registers Unit (BRU)
Publisher: Neighbourhood Statistics
Geographies: Middle Layer Super Output Area (MSOA), Local Authority District (LAD), County/Unitary Authority, Government Office Region (GOR), National
Geographic coverage: England and Wales
Time coverage: 2005 to 2007
Type of data: Administrative data",https://data.gov.uk/dataset/ba310bb6-4af9-441f-b96c-9cb7f26ac72e,data.gov.uk,ogl-3.0,explicit,,[],economy-small-business,2026-10-07T21:30:32.051718+00:00
Vacancies,"A monthly business survey of the number of job vacancies held by employers across the UK economy.

Source agency: Office for National Statistics

Designation: National Statistics

Language: English

Alternative title: Vacancies",https://data.gov.uk/dataset/838904fd-6c97-4514-9857-3a2f8eaa1744,data.gov.uk,ogl-3.0,explicit,,[],economy-small-business,2026-10-07T21:30:32.051718+00:00
Vocational Qualifications in the UK,"Provides information on accredited vocational qualifications awarded in the UK. It shows vocational qualification awards by level, gender, age and occupational area.

Source agency: Business, Innovation and Skills

Designation: National Statistics

Language: English

Alternative title: Vocational Qualifications in the UK",https://data.gov.uk/dataset/2e15aa4c-2c09-4397-9586-672362ac4a8e,data.gov.uk,ogl-3.0,explicit,,[],economy-small-business,2026-10-07T21:30:32.051718+00:00
Volume Index of Capital Services (experimental),"Volume index of capital services (VICS) is a measure of capital input to economic production which takes account of the quality and use of the capital stock across time and different types of assets. VICS weights together the growth of the net stock of assets using a user cost of capital, rather than prices like in the National Accounts. The results are used in multi-factor productivity analysis.

Source agency: Office for National Statistics

Designation: Experimental Official Statistics

Language: English

Alternative title: VICS",https://data.gov.uk/dataset/db00dd50-249e-432e-854d-5e1baff64519,data.gov.uk,ogl-3.0,explicit,,[],economy-small-business,2026-10-07T21:30:32.051718+00:00
Waveney District Council/Business rate properties,"Business rate properties
",https://data.gov.uk/dataset/45285164-1f05-44bf-be61-a0bb68d45f00,data.gov.uk,ogl-3.0,explicit,,[],economy-small-business,2026-10-07T21:30:32.051718+00:00
Waveney District Council/Business rates accounts in credit,"Business rates accounts in credit
",https://data.gov.uk/dataset/4a5a57b0-d661-4b25-8de9-13bf39111a43,data.gov.uk,ogl-3.0,explicit,,[],economy-small-business,2026-10-07T21:30:32.051718+00:00
Waveney District Council/Business rates live accounts,"Business rates live accounts
",https://data.gov.uk/dataset/a6abf134-91bc-4bc9-a9bf-beb580294a0a,data.gov.uk,ogl-3.0,explicit,,[],economy-small-business,2026-10-07T21:30:32.051718+00:00
Waveney District Council/Business rates relief awarded,"Business rates relief awarded
",https://data.gov.uk/dataset/7ec7113d-d607-404f-a4cd-95424a205a75,data.gov.uk,ogl-3.0,explicit,,[],economy-small-business,2026-10-07T21:30:32.051718+00:00
Waveney District Council/Mobile food vendors/Street traders,"Mobile food vendors/Street traders
",https://data.gov.uk/dataset/197fb9c8-4a13-4e2e-999a-218e34a4d633,data.gov.uk,ogl-3.0,explicit,,[],economy-small-business,2026-10-07T21:30:32.051718+00:00
Waveney District Council/NNDR small business relief,"NNDR small business relief
",https://data.gov.uk/dataset/5cf50bb8-9f8e-4411-a6f9-b0745f8422bc,data.gov.uk,ogl-3.0,explicit,,[],economy-small-business,2026-10-07T21:30:32.051718+00:00
Waveney District Council/New business rate accounts created within the last month,"New business rate accounts created within the last month
",https://data.gov.uk/dataset/a1a3c2da-d1f6-422f-ac3f-4c3eb4484e3e,data.gov.uk,ogl-3.0,explicit,,[],economy-small-business,2026-10-07T21:30:32.051718+00:00
Wealth in Great Britain Wave 3,"A combined analysis of income and wealth based upon results from the third wave of the Wealth and Assets Survey and covering the period 2010-12.

Source agency: Office for National Statistics

Designation: National Statistics

Language: English

Alternative title: Wealth in Great Britain Wave 3",https://data.gov.uk/dataset/ae2ea9c5-0c21-44dd-8268-e1ce609390a1,data.gov.uk,ogl-3.0,explicit,,[],economy-small-business,2026-10-07T21:30:32.051718+00:00
Widening Higher Education Participation Measures,"This covers measures of widening participation in Higher Education including progression rates for young people in England by free school meal status and school type.

Source agency: Business, Innovation and Skills

Designation: Official Statistics not designated as National Statistics

Language: English

Alternative title: FYPSEC",https://data.gov.uk/dataset/effe07a4-3242-41a2-94bb-386211e91b88,data.gov.uk,ogl-3.0,explicit,,[],economy-small-business,2026-10-07T21:30:32.051718+00:00
Wycombe business rate relief small business,Businesses in the Wycombe district in receipt of small business relief.,https://data.gov.uk/dataset/8204fe2c-8acd-40ea-81af-f9aec1780a6f,data.gov.uk,ogl-3.0,explicit,,[],economy-small-business,2026-10-07T21:30:32.051718+00:00
Wycombe business rates all properties,List of business rate information for all properties in the Wycombe District.,https://data.gov.uk/dataset/edc3b8ea-bbea-4670-9687-848ef9d3cfbd,data.gov.uk,ogl-3.0,explicit,,[],economy-small-business,2026-10-07T21:30:32.051718+00:00
Wycombe business rates credit balances,List of properties within Wycombe district that have a creadit in their business rates account.,https://data.gov.uk/dataset/01f89612-b789-45d5-a6ed-feb1776b80a7,data.gov.uk,ogl-3.0,explicit,,[],economy-small-business,2026-10-07T21:30:32.051718+00:00
Wycombe business rates empty properties,List of empty properties receiving business rate relief.,https://data.gov.uk/dataset/e1c425c8-d5e6-4b09-b3e8-a4e5a7d7115c,data.gov.uk,ogl-3.0,explicit,,[],economy-small-business,2026-10-07T21:30:32.051718+00:00
Wycombe business rates exempt properties,List of properties in the Wycombe district exempt from business rates.,https://data.gov.uk/dataset/2d1da91c-5808-4280-9d0d-57ba82100afb,data.gov.uk,ogl-3.0,explicit,,[],economy-small-business,2026-10-07T21:30:32.051718+00:00
Wycombe business rates write ons,"List of businesses in Wycombe district where a ""write on"" has been used to cancel an overpayment which has not beeen reversed.",https://data.gov.uk/dataset/4a633e44-0fee-425d-9d43-ac2f36ade6ad,data.gov.uk,ogl-3.0,explicit,,[],economy-small-business,2026-10-07T21:30:32.051718+00:00
Wycombe list of business rates reliefs,Properties in the Wycombe district in receipt of business rate relief.,https://data.gov.uk/dataset/8bae3fe1-fa41-49ad-b6dd-9301e50adfa9,data.gov.uk,ogl-3.0,explicit,,[],economy-small-business,2026-10-07T21:30:32.051718+00:00
Wycombe register of grants,"Information about grants allocated to voluntary, community and social enterprises by Wycombe District Council.",https://data.gov.uk/dataset/f4cb699d-d247-495e-9f85-32a1cdf025ae,data.gov.uk,ogl-3.0,explicit,,[],economy-small-business,2026-10-07T21:30:32.051718+00:00
Wycombe trade union facility time,Details of paid time off for union representatives to carry out trade union activities.,https://data.gov.uk/dataset/9be8fd1f-a338-4266-bf3e-8062e2e93d07,data.gov.uk,ogl-3.0,explicit,,[],economy-small-business,2026-10-07T21:30:32.051718+00:00
Zero Hours Contract Employment,Estimates and Analysis of Zero Hours Employment contracts and number of employees hired on this contract type,https://data.gov.uk/dataset/1270dd17-2b25-490a-9758-80cf7345fab5,data.gov.uk,ogl-3.0,explicit,,[],economy-small-business,2026-10-07T21:30:32.051718+00:00
