title,description,landing_url,portal_id,license,license_source,publisher,tags,vertical_suggested,last_seen_at
33 high-resolution scenarios of land use and vegetation change in the Great Plains LCC region,"A new version of USGS’s FORE-SCE model was used to produce unprecedented landscape projections for four ecoregions in the Great Plains (corresponding to the area represented by the Great Plains Landscape Conservation Cooperative).  The projections are characterized by 1) high spatial resolution (30-meter cells), 2) high thematic resolution (29 land use and land cover classes), 3) broad spatial extent (covering much of the Great Plains), 4) use of real land ownership boundaries to ensure realistic representation of landscape patterns, and 5) representation of both anthropogenic land use and natural vegetation change.  A variety of scenarios were modeled from 2014 to 2100, with decadal timesteps (i.e., 2014, 2020, 2030, etc.).  Modeled land use and natural vegetation classes were responsive to projected future changes in environmental conditions, including changes in groundwater and water access.
Eleven primary land-use scenarios were modeled, from four different scenario families. The land-use scenarios focused on socioeconomic impacts on anthropogenic land use (demographics, energy use, agricultural economics, and other socioeconomic considerations).  The following provides a brief summary of the 11 major land-use scenarios.
1) Business-as-usual - Based on an extrapolation of recent land-cover trends as derived from remote-sensing data. Overall trends were provided by 2001 to 2011 change in the National Land Cover Database, while change in crop types were extrapolated from 2008 to 2014 change in the Cropland Data Layer.  Overall the scenario is marked by expansion of high-value traditional crops (corn, soybeans, cotton), with a concurrent decline in dryland wheat and some other lower-value crops.
2) Billion Ton Update scenario ($40 farmgate price) - This scenario is based on US Department of Energy biofuel scenarios from the Billion Ton Update (BTU). The $40 scenario represents likely agricultural conditions under an assumed farmgate price of $40 per dry ton of biomass (for the production of biofuel). This is the least aggressive BTU scenario for placing ""perennial grass"" (for biofuel feedstock) on the landscape.
3) Billion Ton Update scenario ($60 farmgate price) - This scenario is based on US Department of Energy biofuel scenarios from the Billion Ton Update. The $60 scenario represents likely agricultural conditions under an assumed farmgate price of $60 per dry ton of biomass (for the production of biofuel). At the higher farmgate price, the perennial grass class expands dramatically.
4) Billion Ton Update scenario ($80 farmgate price) - This scenario is based on US Department of Energy biofuel scenarios from the Billion Ton Update. The $80 scenario represents likely agricultural conditions under an assumed farmgate price of $80 per dry ton of biomass (for the production of biofuel). With the high farmgate price, this scenario shows the highest expansion of perennial grass among the 11 modeled scenarios.
5) GCAM Reference scenario - Based on global-scale scenarios from the GCAM model, the ""reference"" scenario provides a likely landscape under a world without specific carbon or climate mitigation efforts. As such, it's another form of a ""business-as-usual"" scenario.
6) GCAM 4.5 scenario - Based on global-scale scenarios from the GCAM model, the GCAM 4.5 model represents a mid-level mitigation scenario, where carbon payments and other mitigation efforts result in a net radiative forcing of ~4.5 W/m2 by 2100.  Agriculture becomes even more concentrated in the Great Plains and Midwestern US, resulting in substantial increases in cropland (including perennial grass used as feedstock for cellulosic biofuel production). 
7) GCAM 2.6 scenario - Based on global-scale scenarios from the GCAM model, the GCAM 2.6 model represents a very aggressive mitigation scenario, where carbon payments and other mitigation efforts result in a net radiative forcing of only ~2.6 W/m2 by 2100. Agriculture becomes even more concentrated in the Great P",http://datainventory.doi.gov/id/dataset/USGS_59fc7d9be4b0531197b2ea75,data.gov,us-public-domain,inferred-federal,U.S. Geological Survey,"[""FORE-SCE"", ""Future"", ""Great Plains"", ""Land Cover"", ""Land Use"", ""Model"", ""Projected"", ""Scenario"", ""USGS"", ""USGS:59fc7d9be4b0531197b2ea75"", ""United States""]",general,2026-10-07T21:50:20.359650+00:00
33 high-resolution scenarios of land use and vegetation change in the Prairie Potholes,"The USGS’s FORE-SCE model was used to produce unprecedented landscape projections for the Prairie Potholes region of the northern Great Plains of the United States.  The projections are characterized by 1) high spatial resolution (30-meter cells), 2) high thematic resolution (29 land use and land cover classes), 3) broad spatial extent (covering much of the Great Plains), 4) use of real land ownership boundaries to ensure realistic representation of landscape patterns, and 5) representation of both anthropogenic land use and natural vegetation change.  A variety of scenarios were modeled from 2014 to 2100, with decadal timesteps (i.e., 2014, 2020, 2030, etc.).  Modeled land use and natural vegetation classes were responsive to projected future changes in environmental conditions, including changes in groundwater and water access.
Eleven primary land-use scenarios were modeled, from four different scenario families. The land-use scenarios focused on socioeconomic impacts on anthropogenic land use (demographics, energy use, agricultural economics, and other socioeconomic considerations).  The following provides a brief summary of the 11 major land-use scenarios.
1) Business-as-usual - Based on an extrapolation of recent land-cover trends as derived from remote-sensing data. Overall trends were provided by 2001 to 2011 change in the National Land Cover Database, while change in crop types were extrapolated from 2008 to 2014 change in the Cropland Data Layer.  Overall the scenario is marked by expansion of high-value traditional crops (corn, soybeans, cotton), with a concurrent decline in dryland wheat and some other lower-value crops.
2) Billion Ton Update scenario ($40 farmgate price) - This scenario is based on US Department of Energy biofuel scenarios from the Billion Ton Update (BTU). The $40 scenario represents likely agricultural conditions under an assumed farmgate price of $40 per dry ton of biomass (for the production of biofuel). This is the least aggressive BTU scenario for placing ""perennial grass"" (for biofuel feedstock) on the landscape.
3) Billion Ton Update scenario ($60 farmgate price) - This scenario is based on US Department of Energy biofuel scenarios from the Billion Ton Update. The $60 scenario represents likely agricultural conditions under an assumed farmgate price of $60 per dry ton of biomass (for the production of biofuel). At the higher farmgate price, the perennial grass class expands dramatically.
4) Billion Ton Update scenario ($80 farmgate price) - This scenario is based on US Department of Energy biofuel scenarios from the Billion Ton Update. The $80 scenario represents likely agricultural conditions under an assumed farmgate price of $80 per dry ton of biomass (for the production of biofuel). With the high farmgate price, this scenario shows the highest expansion of perennial grass among the 11 modeled scenarios.
5) GCAM Reference scenario - Based on global-scale scenarios from the GCAM model, the ""reference"" scenario provides a likely landscape under a world without specific carbon or climate mitigation efforts. As such, it's another form of a ""business-as-usual"" scenario.
6) GCAM 4.5 scenario - Based on global-scale scenarios from the GCAM model, the GCAM 4.5 model represents a mid-level mitigation scenario, where carbon payments and other mitigation efforts result in a net radiative forcing of ~4.5 W/m2 by 2100.  Agriculture becomes even more concentrated in the Great Plains and Midwestern US, resulting in substantial increases in cropland (including perennial grass used as feedstock for cellulosic biofuel production). 
7) GCAM 2.6 scenario - Based on global-scale scenarios from the GCAM model, the GCAM 2.6 model represents a very aggressive mitigation scenario, where carbon payments and other mitigation efforts result in a net radiative forcing of only ~2.6 W/m2 by 2100. Agriculture becomes even more concentrated in the Great Plains and Midwestern US, resulting in substantial increases in cro",http://datainventory.doi.gov/id/dataset/USGS_5b683db2e4b006a11f75b06a,data.gov,us-public-domain,inferred-federal,U.S. Geological Survey,"[""FORE-SCE"", ""Future"", ""Great Plains"", ""Land Cover"", ""Land Use"", ""Model"", ""Prairie Potholes"", ""Projected"", ""Scenario"", ""USGS"", ""USGS:5b683db2e4b006a11f75b06a"", ""United States""]",general,2026-10-07T21:50:20.359650+00:00
33 high-resolution scenarios of land use and vegetation change in the Upper Missouri River basin,"The USGS’s FORE-SCE model was used to produce unprecedented landscape projections for the Upper Missouri River Basin of the northern Great Plains of the United States.  The projections are characterized by 1) high spatial resolution (30-meter cells), 2) high thematic resolution (29 land use and land cover classes), 3) broad spatial extent (covering much of the Great Plains), 4) use of real land ownership boundaries to ensure realistic representation of landscape patterns, and 5) representation of both anthropogenic land use and natural vegetation change.  A variety of scenarios were modeled from 2014 to 2100, with decadal timesteps (i.e., 2014, 2020, 2030, etc.).  Modeled land use and natural vegetation classes were responsive to projected future changes in environmental conditions, including changes in groundwater and water access. 
Eleven primary land-use scenarios were modeled, from four different scenario families. The land-use scenarios focused on socioeconomic impacts on anthropogenic land use (demographics, energy use, agricultural economics, and other socioeconomic considerations).  The following provides a brief summary of the 11 major land-use scenarios. 
1) Business-as-usual - Based on an extrapolation of recent land-cover trends as derived from remote-sensing data. Overall trends were provided by 2001 to 2011 change in the National Land Cover Database, while change in crop types were extrapolated from 2008 to 2014 change in the Cropland Data Layer.  Overall the scenario is marked by expansion of high-value traditional crops (corn, soybeans) and higher growth in urban development than other scenarios. 
2) Billion Ton Update scenario ($40 farmgate price) - This scenario is based on US Department of Energy biofuel scenarios from the Billion Ton Update (BTU). The $40 scenario represents likely agricultural conditions under an assumed farmgate price of $40 per dry ton of biomass (for the production of biofuel). This is the least aggressive BTU scenario for placing ""perennial grass"" (for biofuel feedstock) on the landscape. 
3) Billion Ton Update scenario ($60 farmgate price) - This scenario is based on US Department of Energy biofuel scenarios from the Billion Ton Update. The $60 scenario represents likely agricultural conditions under an assumed farmgate price of $60 per dry ton of biomass (for the production of biofuel). At the higher farmgate price, the perennial grass class expands substantially compared to the $40 scenario. 
4) Billion Ton Update scenario ($80 farmgate price) - This scenario is based on US Department of Energy biofuel scenarios from the Billion Ton Update. The $80 scenario represents likely agricultural conditions under an assumed farmgate price of $80 per dry ton of biomass (for the production of biofuel). With the high farmgate price, this scenario shows the highest expansion of perennial grass among the 11 modeled scenarios. 
5) GCAM Reference scenario - Based on global-scale scenarios from the GCAM model, the ""reference"" scenario provides a likely landscape under a world without specific carbon or climate mitigation efforts. As such, it's another form of a ""business-as-usual"" scenario. 
6) GCAM 4.5 scenario - Based on global-scale scenarios from the GCAM model, the GCAM 4.5 model represents a mid-level mitigation scenario, where carbon payments and other mitigation efforts result in a net radiative forcing of ~4.5 W/m2 by 2100.  Agriculture becomes even more concentrated in the Great Plains and Midwestern US, resulting in substantial increases in cropland (including perennial grass used as feedstock for cellulosic biofuel production). Forested lands expand with carbon payments encouraging afforestation efforts. 
7) GCAM 2.6 scenario - Based on global-scale scenarios from the GCAM model, the GCAM 2.6 model represents a very aggressive mitigation scenario, where carbon payments and other mitigation efforts result in a net radiative forcing of only ~2.6 W/m2 by 2100. Agriculture becomes even more ",http://datainventory.doi.gov/id/dataset/USGS_5c61bf67e4b0fe48cb32fd30,data.gov,us-public-domain,inferred-federal,U.S. Geological Survey,"[""FORE-SCE"", ""Future"", ""Great Plains"", ""Land Cover"", ""Land Use"", ""Model"", ""Projected"", ""Scenario"", ""USGS"", ""USGS:5c61bf67e4b0fe48cb32fd30"", ""United States"", ""Upper Missouri River Basin"", ""Upper Missouri River basin""]",general,2026-10-07T21:50:20.359650+00:00
ATTREX-Aircraft_insitu_Cloud_property_Measurements,"ATTREX-Aircraft_insitu_Cloud_property_Measurements are in-situ cloud measurements collected onboard the Global Hawk Unihabited Aerial System (UAS) during the Airborne Tropical TRopopause EXperiment (ATTREX) campaign. This collection consists of in-situ cloud properties collected by the Hawkeye-FCDP (Hawkeye-Fast Cloud Droplet Probe) during the 2011 and 2013 deployments over California, and 2014 deployment over Guam. Data collection is complete.
Even though it is typically found in low concentrations, stratospheric water vapor has large impacts on the Earth’s climate and energy budget. Studies have suggested that even relatively small changes in stratospheric humidity may have significant climate impacts and future changes in stratospheric humidity and ozone concentration in response to a changing climate are significant climate feedback. Tropospheric water vapor climate feedback is typically well represented in global models. However, predictions of future changes in stratospheric humidity are highly uncertain due to gaps in our understanding of physical processes occurring in the region of the atmosphere that controls the composition of the stratosphere, the Tropical Tropopause Layer (TTL, ~13-18 km). The ability to predict future changes in stratospheric ozone are also limited due to uncertainties in the chemical composition of the TTL. In order to address these uncertainties, the Airborne Tropical Tropopause Experiment (ATTREX) was completed. Instruments during ATTREX provided measurements to trace the movement of reactive halogen-containing compounds and other important chemical species, the size and shape of cirrus cloud particles, water vapor, and winds in three dimensions through the TTL. Bromine-containing gases were measured to improve understanding of stratospheric ozone. ATTREX consisted of four NASA Global Hawk Uninhabited Aerial System (UAS) campaigns deployed from NASA’s Armstrong Flight Research Center (formally Dryden Flight Research Center). Campaigns were deployed over Edwards, CA, Guam, Hawaii, and Darwin, Australia in Boreal summer, winter, fall, and summer, respectively.",https://catalog.data.gov/dataset/attrex-aircraft_insitu_cloud_property_measurements,data.gov,us-public-domain,inferred-federal,NASA/LARC/SD/ASDC,"[""atmosphere"", ""clouds"", ""earth-science""]",general,2026-10-07T21:50:20.359650+00:00
ATTREX-Aircraft_insitu_TraceGas_Measurements,"ATTREX-Aircraft_insitu_TraceGas_Measurements are in-situ trace gas measurements collected onboard the Global Hawk Unihabited Aerial System (UAS) during the Airborne Tropical TRopopause EXperiment (ATTREX) campaign. This collection consists of in-situ trace gas measurements collected by the Diode Laser Hygrometer (DLH), UCATS Gas Chromatograph, Advanced Whole Air Sampler (AWAS), Harvard University Picarro Cavity Ringdown Spectrometer, 2 channel internal path TDL absorption spectrometer, and Dual-channel UV absorption spectrometer for O3 measurements during the 2011 and 2013 deployments over California, and 2014 deployment over Guam. Data collection is complete.
Even though it is typically found in low concentrations, stratospheric water vapor has large impacts on the Earth’s climate and energy budget. Studies have suggested that even relatively small changes in stratospheric humidity may have significant climate impacts and future changes in stratospheric humidity and ozone concentration in response to a changing climate are significant climate feedback. Tropospheric water vapor climate feedback is typically well represented in global models. However, predictions of future changes in stratospheric humidity are highly uncertain due to gaps in our understanding of physical processes occurring in the region of the atmosphere that controls the composition of the stratosphere, the Tropical Tropopause Layer (TTL, ~13-18 km). The ability to predict future changes in stratospheric ozone are also limited due to uncertainties in the chemical composition of the TTL. In order to address these uncertainties, the Airborne Tropical Tropopause Experiment (ATTREX) was completed. Instruments during ATTREX provided measurements to trace the movement of reactive halogen-containing compounds and other important chemical species, the size and shape of cirrus cloud particles, water vapor, and winds in three dimensions through the TTL. Bromine-containing gases were measured to improve understanding of stratospheric ozone. ATTREX consisted of four NASA Global Hawk Uninhabited Aerial System (UAS) campaigns deployed from NASA’s Armstrong Flight Research Center (formally Dryden Flight Research Center). Campaigns were deployed over Edwards, CA, Guam, Hawaii, and Darwin, Australia in Boreal summer, winter, fall, and summer, respectively.",https://catalog.data.gov/dataset/attrex-aircraft_insitu_tracegas_measurements,data.gov,us-public-domain,inferred-federal,NASA/LARC/SD/ASDC,"[""atmosphere"", ""atmospheric-chemistry"", ""atmospheric-water-vapor"", ""earth-science""]",general,2026-10-07T21:50:20.359650+00:00
"Inventory of water bottling facilities in the United States, 2023, and select water-use data, 1955-2022","Note: this data release has been superseded by version 2.0, available here: https://doi.org/10.5066/P1WAH5Q8
An inventory of facilities that bottle water or other beverages containing water (including soft drinks, beer, wine, or spirits) or that manufacture ice was compiled by combining available datasets from multiple sources. This water bottling inventory dataset includes facilities within all 50 states of the United States, one federal district (Washington, District of Columbia), and three territories (Guam, Puerto Rico, and Virgin Islands). The inventory focuses on presently active facilities in 2023. Most closed water bottling facilities are not included; however, facilities identified as being a former production site (meaning the facility is still active but the business function has changed) or as closed during data review were kept and had their status marked. This data release includes water bottling facilities that operate their own infrastructure and source water through their own water sources, including wells, springs, and surface waters; are on a public-supply water system; or are diversified in that they obtain water from their own sources and receive public-supply water deliveries.
Facility classifications were based on the North American Industry Classification System (NAICS) code. The NAICS is the standard used by Federal statistical agencies in classifying business establishments for the purpose of collecting, analyzing, and publishing statistical data related to the US business economy. The NAICS is organized into a hierarchical structure with 3-digit codes representing the subsector and 6-digit codes representing the national industry. Beverage types in subsector 312 (Beverage and Tobacco Product Manufacturing) were compiled for this effort and included facilities with the following NAICS codes as a primary or secondary classification type:
312111: Soft drink manufacturing
312112: Bottled water manufacturing
312113: Ice manufacturing
312120: Breweries
312130: Wineries
312140: Distilleries
This data release includes three tables:
WBinventory_FacilityList.txt - a tab-delimited text file (TXT) with the inventory of water bottling facilities and associated facility information
WBinventory_WaterUse.txt - a tab-delimited text file (TXT) with water-use (withdrawal) information for selected water bottling facilities
WBinventory_DataSources.txt - a tab-delimited text file (TXT) that lists the source name, state, year acquired, data type, and how data were acquired to construct the facility inventory and water-use tables.
This project is part of the Water Availability and Use Science Program which assists in the determination of water that is available for human and ecological uses, now and in the future.",http://datainventory.doi.gov/id/dataset/USGS_649d8a39d34ef77fcb03f8a6,data.gov,us-public-domain,inferred-federal,U.S. Geological Survey,"[""Alabama"", ""Alaska"", ""Arizona"", ""Arkansas"", ""California"", ""Colorado"", ""Connecticut"", ""Delaware"", ""District of Columbia"", ""Florida"", ""Georgia"", ""Guam"", ""Hawaii"", ""Idaho"", ""Illinois"", ""Indiana"", ""Iowa"", ""Kansas"", ""Kentucky"", ""Louisiana"", ""Maine"", ""Maryland"", ""Massachusetts"", ""Michigan"", ""Minnesota"", ""Mississippi"", ""Missouri"", ""Montana"", ""Nebraska"", ""Nevada"", ""New Hampshire"", ""New Jersey"", ""New Mexico"", ""New York"", ""North Carolina"", ""North Dakota"", ""Ohio"", ""Oklahoma"", ""Oregon"", ""Pennsylvania"", ""Puerto Rico"", ""Rhode Island"", ""South Carolina"", ""South Dakota"", ""Tennessee"", ""Texas"", ""USGS:649d8a39d34ef77fcb03f8a6"", ""United States"", ""Utah"", ""Vermont"", ""Virgin Islands"", ""Virginia"", ""Washington"", ""West Virginia"", ""Wisconsin"", ""Wyoming"", ""commercial water use"", ""industrial water use"", ""public-supply water use"", ""water use""]",general,2026-10-07T21:50:25.833551+00:00
"Inventory of water bottling facilities in the United States, 2024, and select water-use data, 1955-2023 (ver. 2.0, November 2024)","An inventory of facilities that bottle water or other beverages containing water (including soft drinks, beer, wine, or spirits) or that manufacture ice was compiled by combining available datasets from multiple sources. This water bottling inventory dataset includes facilities within all 50 states of the United States (U.S.), one federal district (Washington, District of Columbia), and three territories (Guam, Puerto Rico, and Virgin Islands). The inventory focuses on active facilities in 2024. Most closed water bottling facilities are not included; however, facilities identified as being a former production site (meaning the facility is still active but the business function has changed) or as closed during data review were kept and had their status marked. This data release includes water bottling facilities that operate their own infrastructure and source water through their own water sources, including wells, springs, and surface waters; are on a public-supply water system; or are diversified in that they obtain water from their own sources and receive public-supply water deliveries.
Facility classifications were based on the North American Industry Classification System (NAICS) code. The NAICS is the standard used by Federal statistical agencies in classifying business establishments for the purpose of collecting, analyzing, and publishing statistical data related to the U.S. business economy. The NAICS is organized into a hierarchical structure with 3-digit codes representing the subsector and 6-digit codes representing the national industry. Beverage types in subsector 312 (Beverage and Tobacco Product Manufacturing) were compiled for this effort and included facilities with the following NAICS codes as a primary or secondary classification type:
312111: Soft drink manufacturing
312112: Bottled water manufacturing
312113: Ice manufacturing
312120: Breweries
312130: Wineries
312140: Distilleries
First posted: October 16, 2023
Revised: November 27, 2024
This version supersedes the previous version of the data release:
Buchwald, C.A., Luukkonen, C.L., Martin, G.R., Kennedy, J.L., Wilson, J.T., Hian, M.E., and Dieter, C.A., 2023, Inventory of water bottling facilities in the United States, 2023, and select water-use data, 1955-2022, U.S. Geological Survey data release, https://doi.org/10.5066/P90Z125H
Version 2.0
This data release has been updated as of November 27, 2024. Data and knowledge gaps for version 1 of the data release are described in the report, Luukkonen, C.L., Buchwald, C.A., Martin, G.R., and Johnson Mckee, A.E., 2024, Data and knowledge gaps of a water bottling facility inventory and select water-use dataset, United States, U.S. Geological Survey Scientific Investigations Report 2024-5106, 41 p. During creation of this report several issues were identified in the version 1 data release which have been revised in version 2. These revisions include addition of some facilities, removal of some facilities, updated location, status, and attributes for some facilities, and addition of aquifer information for self-supplied bottled water facilities relying on groundwater sources.
This data release includes five tables:
WBinventory_FacilityList.txt - a tab-delimited text file (TXT) with the inventory of water bottling facilities and associated facility information
WBinventory_WaterUse.txt - a tab-delimited text file (TXT) with water-use (withdrawal) information for selected water bottling facilities
WBinventory_DataSources.txt - a tab-delimited text file (TXT) that lists the source name, state, year acquired, data type, and how data were acquired to construct the facility inventory and water-use tables.
WBinventory_Aquifers.txt - a tab-delimited text file (TXT) that lists assigned aquifers based on a national-scale mapping method for facilities that rely on groundwater sources.
version_history.txt - a tab-delimited text file (TXT) describing changes in version 2.0
This project is part of the Water Availability and U",http://datainventory.doi.gov/id/dataset/USGS_6619557bd34e7eb9eb7dcaf0,data.gov,us-public-domain,inferred-federal,U.S. Geological Survey,"[""Alabama"", ""Alaska"", ""Arizona"", ""Arkansas"", ""California"", ""Colorado"", ""Connecticut"", ""Delaware"", ""District of Columbia"", ""Florida"", ""Georgia"", ""Guam"", ""Hawaii"", ""Idaho"", ""Illinois"", ""Indiana"", ""Iowa"", ""Kansas"", ""Kentucky"", ""Louisiana"", ""Maine"", ""Maryland"", ""Massachusetts"", ""Michigan"", ""Minnesota"", ""Mississippi"", ""Missouri"", ""Montana"", ""Nebraska"", ""Nevada"", ""New Hampshire"", ""New Jersey"", ""New Mexico"", ""New York"", ""North Carolina"", ""North Dakota"", ""Ohio"", ""Oklahoma"", ""Oregon"", ""Pennsylvania"", ""Puerto Rico"", ""Rhode Island"", ""South Carolina"", ""South Dakota"", ""Tennessee"", ""Texas"", ""USGS:6619557bd34e7eb9eb7dcaf0"", ""United States"", ""Utah"", ""Vermont"", ""Virgin Islands"", ""Virginia"", ""Washington"", ""West Virginia"", ""Wisconsin"", ""Wyoming"", ""industrial water use"", ""public supply water use"", ""water use""]",general,2026-10-07T21:50:25.833551+00:00
"Supplemental Data for Water-Balance Techniques for Determining Available Soil-Water Storage for Selected Sandy and Clay Soil Study Sites in Cass County, North Dakota, 2016–17","The U.S. Geological Survey, in cooperation with the U.S. Department of Agriculture Natural Resources Conservation Service, collected field and remotely sensed data on precipitation, evapotranspiration (ET), and soil-water content to determine available soil-water storage (AWS) at six study sites on sandy and clay soils in Cass County, North Dakota. Data were collected at all the study sites from May 1–October 31, 2016, and from May 1–October 24, 2017. Estimated daily AWS was determined using daily meteorological and potential evapotranspiration (PET) data obtained from various climate stations, and estimated monthly AWS was determined using monthly meteorological and PET data and monthly ET data determined using the Operational Simplified Surface Energy Balance model. AWS during 2016 and 2017 was determined at daily and monthly time steps because of data availability and to assess results using varying time steps.",http://datainventory.doi.gov/id/dataset/USGS_5cb08f00e4b0c3b006557646,data.gov,us-public-domain,inferred-federal,U.S. Geological Survey,"[""Cass County"", ""North Dakota"", ""USGS:5cb08f00e4b0c3b006557646"", ""soil-water storage"", ""water balance""]",general,2026-10-07T21:50:20.359650+00:00
"Topo-bathymetric survey at Gandys Beach, New Jersey, 2018","This Data Release contains field topo-bathymetric survey data in a selected saltmarsh shoreline along Gandys Beach, New Jersey, where constructed oyster reefs (CORs, aka oyster castles) were installed to protect the shoreline and enhance habitat for oyster and other species.  Oyster castles were constructed as a part of a living shoreline project along Gandys Beach in 2016 in response to the damage by Hurricane Sandy in 2012. Wave, current and sediment data were collected, and field topographic and bathymetric surveys were conducted from January 2018 to April 2018.  Fine resolution topographic and bathymetric data is needed to assess shoreline structure effectiveness in terms of wave and current energy reduction, sediment deposition, and erosion. Data can be used for sediment transport and shoreline morphology model development to predict the effects of living shoreline structures under future climate change, coastal storms and other research projects.",http://datainventory.doi.gov/id/dataset/USGS_6220a85ed34ee0c6b38b5255,data.gov,us-public-domain,inferred-federal,U.S. Geological Survey,"[""Gandys Beach"", ""New Jersey"", ""USGS:6220a85ed34ee0c6b38b5255"", ""United States"", ""coastal ecosystems""]",general,2026-10-07T21:50:20.359650+00:00
A Generational Accounts Approach to Long Term Public Finance in the UK,"Generational accounts provides a valid alternative view of long term public finance.

Source agency: Office for National Statistics

Designation: Supporting material

Language: English

Alternative title: A Generational Accounts Approach to Long Term Public Finance in the UK",https://data.gov.uk/dataset/bd6f68b2-9075-471e-a067-270a05e58add,data.gov.uk,ogl-3.0,explicit,,[],general,2026-10-07T21:30:32.051718+00:00
Additional student support release,"Due to high levels of public interest in the processing of Higher Education Student Support applications by Student Finance England, the Student Loan Company, in conjunction with BIS analysts, released early provisional figures to show the levels of processing and payment of Student Support in England for the 2009/10 academic year.


Following continued interest after the publication of the annual Student Support Statistical First Release on Wednesday 25 November 2009, the series of additional releases is being resumed.

Source agency: Business, Innovation and Skills

Designation: Official Statistics not designated as National Statistics

Language: English

Alternative title: Student loans",https://data.gov.uk/dataset/a421f548-0fe0-47bb-93a8-9d86896fdfa9,data.gov.uk,ogl-3.0,explicit,,[],general,2026-10-07T21:30:32.051718+00:00
Aggregates Levy Bulletin,"Monthly statistics on Aggregates Levy receipts, liabilities and tonnage for the UK.

Source agency: HM Revenue and Customs

Designation: National Statistics

Language: English

Alternative title: Aggregates Levy Bulletin",https://data.gov.uk/dataset/47eec6d5-995e-4ed4-b5a3-77bda584458b,data.gov.uk,ogl-3.0,explicit,,[],general,2026-10-07T21:30:32.051718+00:00
Alcohol and Tobacco Bulletins,"Bulletins provide a full historic series of data detailing amounts of goods cleared and amount of duty collected.
Source agency: HM Revenue and Customs
Designation: National Statistics
Language: English
Alternative title: Indirect Tax",https://data.gov.uk/dataset/5ada1364-afc2-4a09-9a3b-ae481e0b2a41,data.gov.uk,ogl-3.0,explicit,,[],general,2026-10-07T21:30:32.051718+00:00
Allocation of science and research funding 2011/12 to 2014/15,Underlying data from the publication The Allocation of Science and Research Funding 2011/12 to 2014/15 [URN 10/1356],https://data.gov.uk/dataset/1c02d0d2-e3ca-4e89-a567-1f10156d00f8,data.gov.uk,ogl-3.0,explicit,,[],general,2026-10-07T21:30:32.051718+00:00
Annual UK Property Transaction Statistics,"Annual estimates of the number of residential and non-residential property transactions in the UK, by type of property, buyer, price range and geographical location. Previously listed under 'Revenue-based Taxes and Benefits: Property Transactions'.

Source agency: HM Revenue and Customs

Designation: National Statistics

Language: English

Alternative title: Annual UK Property Transaction Statistics",https://data.gov.uk/dataset/9c914046-5963-42e5-a148-f22e6c0ce024,data.gov.uk,ogl-3.0,explicit,,[],general,2026-10-07T21:30:32.051718+00:00
Assets and Liabilities of Finance Houses and Other Credit Companies,"Contains statistics on non-bank credit companies' holdings and transactions in both financial and physical assets and liabilities.

Source agency: Office for National Statistics

Designation: National Statistics

Language: English

Alternative title: Assets and Liabilities of Finance Houses and Other Credit Companies",https://data.gov.uk/dataset/75a1c53a-5cd8-4bcf-a56d-1e70882c49d2,data.gov.uk,ogl-3.0,explicit,,[],general,2026-10-07T21:30:32.051718+00:00
Average age of withdrawal from the labour market,"This series of articles looks at the methodology for estimating average age of withdrawal or age of exit from the labour market.

Source agency: Office for National Statistics

Designation: National Statistics

Language: English

Alternative title: Average age of withdrawal from the labour market",https://data.gov.uk/dataset/78a5b69b-0722-4b93-8a4e-034b5025bf57,data.gov.uk,ogl-3.0,explicit,,[],general,2026-10-07T21:30:32.051718+00:00
BEIS Tax Arrangements for off-payroll appointees,"For the financial year ending 31 March 2018, the data shows details on:
* number of off-payroll engagements for those earning more than £245 per day and lasting more than 6 months duration as at 31 March 2018
* new engagements or those that reached 6 months duration between 1 April 2017 and 31 March 2018
* engagements of board members, and/or senior officials with significant financial responsibility during that period
* number of engagements for whom assurance as to their tax obligations has been sought
* number who have successfully provided assurance
* action taken against those who have not successfully provided assurance
For the financial year ending 31 March 2017, the data shows details on:
* number of off-payroll engagements for those earning more than £220 per day and lasting more than 6 months duration as at 31 March 2017 
* new engagements or those that reached 6 months duration between 1 April 2016 and 31 March 2017 
* engagements of board members, and/or senior officials with significant financial responsibility during that period 
* number of engagements for whom assurance as to their tax obligations has been sought 
* number who have successfully provided assurance 
* action taken against those who have not successfully provided assurance
 
In July 2016 the Department for Business, Innovation and Skills (BIS) and the Department of Energy and Climate Change (DECC) merged to form the Department for Business, Energy and Industrial Strategy (BEIS). This is the first return for the new department (combining both ex-BIS and ex-DECC) and is not directly comparable to previous returns.",https://data.gov.uk/dataset/036405d0-e245-4e10-aece-08dd7139d6b1,data.gov.uk,ogl-3.0,explicit,,[],general,2026-10-07T21:30:19.050446+00:00
BEIS: spend control data,"This dataset is also known as Exceptions to cross-government moratoria on spend or exceptions to spending controls. From Q2 (Finance year 2020-21) BEIS will only publish a single csv format file with mandated details. Files previously released list items of spend that have been allowed via the Cabinet Office Approval process by departments since the announcement (24 May 2010) of six cross-government moratoria: ICT spend above £1m; Advertising and marketing; Consultancy; Commercial; Property leases & lease extensions; and Civil Service recruitment. Exceptions to spend requests may not be required for each sector every quarter by the Department. Datasets for Departments for Energy and Climate Change; and Business, Innovation and Skills are available as separate entity names.  ",https://data.gov.uk/dataset/21f02be2-5464-4146-897b-cb05eef1bb3b,data.gov.uk,ogl-3.0,explicit,,[],general,2026-10-07T21:30:19.050446+00:00
BIS Non-Executive Board Members,BIS Non-Executive Board Members,https://data.gov.uk/dataset/72f0185d-dd4b-4dc7-aa59-b33d2f900d91,data.gov.uk,ogl-3.0,explicit,,[],general,2026-10-07T21:30:32.051718+00:00
BIS Public Service Agreements,BIS Public Service Agreements,https://data.gov.uk/dataset/88779bb8-c070-49e8-8b51-06abcb04fbcc,data.gov.uk,ogl-3.0,explicit,,[],general,2026-10-07T21:30:32.051718+00:00
BIS management team,BIS management team,https://data.gov.uk/dataset/58bdc53e-9fb3-4fcb-b4e8-5f0f92ca9e6d,data.gov.uk,ogl-3.0,explicit,,[],general,2026-10-07T21:30:32.051718+00:00
BIS public bodies directory: as at 31 March 2010,Underlying data from the publication BIS Public Bodies Directory [URN 11/533],https://data.gov.uk/dataset/d6896a86-b3ec-47f0-9357-f5c0471a22c6,data.gov.uk,ogl-3.0,explicit,,[],general,2026-10-07T21:30:32.051718+00:00
BIS-led consultations,BIS-led consultations,https://data.gov.uk/dataset/4a19ab87-fd60-43db-babf-4974eda3e049,data.gov.uk,ogl-3.0,explicit,,[],general,2026-10-07T21:30:32.051718+00:00
Babergh District Council/Headcount & Turnover,"Headcount & Turnover
",https://data.gov.uk/dataset/e95bdef1-e0f2-4e5e-acba-2a9a0c544324,data.gov.uk,ogl-3.0,explicit,,[],general,2026-10-07T21:30:32.051718+00:00
Bank Advances to Scottish Agriculture,"Summary statistics showing lending to Scottish agriculture.

Source agency: Scottish Government

Designation: National Statistics

Language: English

Alternative title: Bank Advances to Scottish Agriculture",https://data.gov.uk/dataset/ba031aa0-2475-4c0b-9541-231e7b04966f,data.gov.uk,ogl-3.0,explicit,,[],general,2026-10-07T21:30:32.051718+00:00
Betting and Gaming Bulletin,"Provides a full historic series of data detailing the amount of revenue collected from betting and gaming. In addition the bulletin provides information on duty rates with notes and commentary on the history of the duties

Source agency: HM Revenue and Customs

Designation: National Statistics

Language: English

Alternative title: Indirect Tax",https://data.gov.uk/dataset/55a3b486-fb9c-4149-95ba-b3c01c0c5c2e,data.gov.uk,ogl-3.0,explicit,,[],general,2026-10-07T21:30:32.051718+00:00
Betting and Gaming Factsheet,"The Betting and Gaming Factsheet provides information on betting and gaming duties and it contain historic series for the amount of duty collected, and the amount of betting and lottery stakes in the UK.

Source agency: HM Revenue and Customs.

Designation: Official Statistics not designated as National Statistics

Language: English

Alternative title: Betting and Gaming Factsheet.",https://data.gov.uk/dataset/40ae5222-cabf-4e74-9e84-e489acfcfde2,data.gov.uk,ogl-3.0,explicit,,[],general,2026-10-07T21:30:32.051718+00:00
Bristol City Council Licensed Premises,A yearly snapshot of Bristol City Council Licensed Premises. This dataset is updated weekly and provides a years worth of data. ,https://data.gov.uk/dataset/0bc240fb-cc6d-476d-90f8-dd119673a785,data.gov.uk,ogl-3.0,explicit,,[],general,2026-10-07T21:30:32.051718+00:00
"Broadcast media: hours, revenue and spend","These datasets apply to Ofcom's annual publication, the Media Nations Report.",https://data.gov.uk/dataset/c232b817-2e3e-4569-812b-4c483a4e3212,data.gov.uk,ogl-3.0,explicit,,[],general,2026-10-07T21:30:32.051718+00:00
CDC Fund Information Q2 2013,"List of all CDC Group plc's fund investments, including commitment, vintage, outstanding commitment, geographic and sector focus, domicile and whether the fund has other Development Finance Institutions as investors.",https://data.gov.uk/dataset/8f89306b-d1ed-428f-94f0-37edfd3ed39e,data.gov.uk,ogl-3.0,explicit,,[],general,2026-10-07T21:30:32.051718+00:00
CIL,Community Infrastructure Levy,https://data.gov.uk/dataset/d2bca1d9-29b9-4ca2-b190-056505ac778f,data.gov.uk,ogl-3.0,explicit,,[],general,2026-10-07T21:30:32.051718+00:00
"Capital Stock, Capital Consumption","This article explains the changes to methods used in estimating Capital Stocks and Consumption of Fixed Capital.
Source agency: Office for National Statistics
Designation: National Statistics
Language: English
Alternative title: Cap Stock",https://data.gov.uk/dataset/89a7e446-16e4-4ab7-8e12-bab193eb0869,data.gov.uk,ogl-3.0,explicit,,[],general,2026-10-07T21:30:32.051718+00:00
"Capital stock, capital consumption and non financial balance sheets","DISCONTINUED November 2011

On 29 September 2011 ONS published an article explaining the changes introduced in this year's Blue Book, titled ""Methods changes in the 2011 Blue Book"". This results in the separation of the ""Capital Stocks, capital consumption and non financial balance sheets publication"" into ""the non financial balance sheet"" statistical bulletin, to be published as originally planned on 2nd November 2011 and ""capital stocks and capital consumption data set"" expected to be published on 5th March 2012.
Source agency: Office for National Statistics
Designation: National Statistics
Language: English
Alternative title: Capital stock, capital consumption and non financial balance sheets",https://data.gov.uk/dataset/55dffc69-b8e2-4f8e-b9c3-42109748ec81,data.gov.uk,ogl-3.0,explicit,,[],general,2026-10-07T21:30:32.051718+00:00
Changing Regional Economies,"These reports have been produced for each English region to coincide with the official launch of the new ONS Regional Statisticians teams, established in each English Government Office Region in April 2007. Each report provides a profile of the relevant region and presents a range of statistics that help to understand differences between regions. Within regions, comparisons are made between sub-regions and between rural and urban areas. Regional statistics in the context of the European Structural Funds are discussed, followed by a look-ahead at the developments in regional statistics expected as a result of the Allsopp programme, three years since the original Allsopp Report.

Source agency: Office for National Statistics

Designation: National Statistics

Language: English

Alternative title: Changing Regional Economies",https://data.gov.uk/dataset/548a032b-ba86-40d6-af53-4a89fcc4d0de,data.gov.uk,ogl-3.0,explicit,,[],general,2026-10-07T21:30:32.051718+00:00
Charitable donations and tax reliefs: Cost of tax relief,"Provides annual information on the cost of charitable tax reliefs to the Exchequer. Previously listed under 'Revenue-based Taxes and Benefits: Charitable donations and tax relief'.

Source agency: HM Revenue and Customs

Designation: National Statistics

Language: English

Alternative title: Charitable donations and tax reliefs",https://data.gov.uk/dataset/8289dcf4-b490-49ab-b3a5-8a12371eb978,data.gov.uk,ogl-3.0,explicit,,[],general,2026-10-07T21:30:32.051718+00:00
Child Benefit: Net Payments,"Provides monthly and annual historical records on all HMRC Tax & NIC receipts, and Tax Credit payments. Previously listed under 'Revenue-based Taxes and Benefits: Child Benefit Statistics'.

Source agency: HM Revenue and Customs

Designation: National Statistics

Language: English

Alternative title: Child Benefit: Net Payments",https://data.gov.uk/dataset/e52462df-2d3b-41c1-939c-36a0f4021d5a,data.gov.uk,ogl-3.0,explicit,,[],general,2026-10-07T21:30:32.051718+00:00
"Child Tax Credit and Working Tax Credit Statistics, Error and Fraud","An annual measure of the levels of error and fraud in finalised Tax Credt awards. Previously listed under 'Revenue-based Taxes and Benefits: Personal Tax Credits'.

Source agency: HM Revenue and Customs

Designation: National Statistics

Language: English

Alternative title: Child Tax Credit and Working Tax Credit Statistics, Error and Fraud",https://data.gov.uk/dataset/73637762-69d9-496a-b601-e451b31461af,data.gov.uk,ogl-3.0,explicit,,[],general,2026-10-07T21:30:32.051718+00:00
"Child Tax Credit and Working Tax Credit Statistics, Finalised Award","Retrospective picture of finalised annual awards and payments made to families who claimed WTC and or CTC in the previous year; provides details on family circumstance and average entitlement as well as a supplement on payments and overpayments; includes geographical breakdown at country, region, local authority and parliamentary constituency level. Previously listed under 'Revenue-based Taxes and Benefits: Personal Tax Credits'.

Source agency: HM Revenue and Customs

Designation: National Statistics

Language: English

Alternative title: Child Tax Credit and Working Tax Credit Statistics, Finalised Award",https://data.gov.uk/dataset/f3760875-a539-480c-b924-ee7ba4a763ee,data.gov.uk,ogl-3.0,explicit,,[],general,2026-10-07T21:30:32.051718+00:00
"Child Tax Credit and Working Tax Credit Statistics, Provisional","Detailed view of Tax Credits customers and their entitlement at snapshot points in time in April or December; includes geographical breakdown at country, region, local authority and parliamentary constituency levels. Previously listed under 'Revenue-based Taxes and Benefits: Personal Tax Credits'.

Source agency: HM Revenue and Customs

Designation: National Statistics

Language: English

Alternative title: Child Tax Credit and Working Tax Credit Statistics, Provisional",https://data.gov.uk/dataset/6550f51c-95fe-416b-aa6f-0c46168fce66,data.gov.uk,ogl-3.0,explicit,,[],general,2026-10-07T21:30:32.051718+00:00
"Child Tax Credit and Working Tax Credit Statistics, Small Area Data","Detailed annual lower level geographical estimates of families and their children in receipt of Child & Working Tax Credits as at 31 August of the reference year; geographical location at country, region, local authority, lower layer super output areas (LSOA) levels  and Scottish datazones. Previously listed under 'Revenue-based Taxes and Benefits: Personal Tax Credits'.

Source agency: HM Revenue and Customs

Designation: National Statistics

Language: English

Alternative title: Child Tax Credit and Working Tax Credit Statistics, Small Area Data",https://data.gov.uk/dataset/9c503b3a-7ea7-4289-a735-79f7ef2c4736,data.gov.uk,ogl-3.0,explicit,,[],general,2026-10-07T21:30:32.051718+00:00
Commercial and Industrial Floor space and Rateable Value Statistics,"Hereditament, floor space and rateable value statistics for non-domestic property.

Source agency: Communities and Local Government

Designation: National Statistics

Language: English

Alternative title: Commercial and Industrial Floor space and Rateable Value Statistics",https://data.gov.uk/dataset/a7d0ac69-bf82-475f-8110-d72969bedc55,data.gov.uk,ogl-3.0,explicit,,[],general,2026-10-07T21:30:32.051718+00:00
Commercial and Industrial Floor space and Rateable Value Statistics,"Live tables on commercial and industrial floorspace and rateable value statistics.  Hereditament, floor space and rateable value statistics for non-domestic property.

",https://data.gov.uk/dataset/9e3128da-ff88-4e62-a26d-38db04072d26,data.gov.uk,ogl-3.0,explicit,,[],general,2026-10-07T21:30:32.051718+00:00
Commercial and industrial waste arisings,A new single record created on DGUK for commercial and industrial waste arisings - to amalgamate all resources on that particular subject area and to maintain data pertaining to unique temporal ranges.,https://data.gov.uk/dataset/4b685591-e7c8-4a62-b2e0-f82802a1ff0f,data.gov.uk,ogl-3.0,explicit,,[],general,2026-10-07T21:30:32.051718+00:00
Commuting to work,"This report looks at the commuting habits of individuals in the Labour Market

Source agency: Office for National Statistics

Designation: National Statistics

Language: English

Alternative title: Commuting to work",https://data.gov.uk/dataset/710cc743-10c0-4351-abd5-0c8713f4f30e,data.gov.uk,ogl-3.0,explicit,,[],general,2026-10-07T21:30:32.051718+00:00
Comparison of UK and EU at-risk-of-poverty rates,"Compares the at-risk-of-poverty rates for the UK and EU between 2005 and 2010.

Source agency: Office for National Statistics

Designation: National Statistics

Language: English

Alternative title: Comparison of UK and EU at-risk-of-poverty rates",https://data.gov.uk/dataset/48ee9a5d-d84f-4f59-a079-bcb2ae2e775f,data.gov.uk,ogl-3.0,explicit,,[],general,2026-10-07T21:30:32.051718+00:00
Compass High Speed Rail HS2 Web Map Portal,"This is our internet map portal/service for sharing all GIS datasets for the High Speed Rail (HS2) project, as the line impacts Warwickshire and the surrounding countryside. The vast majority of the data is provided by HS2 Ltd on an ad-hoc basis.",https://data.gov.uk/dataset/f3fa9fd2-a351-4f52-93ac-5f7a90a0f8ae,data.gov.uk,ogl-3.0,explicit,,[],general,2026-10-07T21:30:32.051718+00:00
Consumer Prices Advisory Committee papers,"Papers and a summary note from the Consumer Prices Advisory Committee meeting.

Source agency: Office for National Statistics

Designation: Supporting material

Language: English

Alternative title: CPAC papers",https://data.gov.uk/dataset/a616cfa9-1dae-4a18-ae23-b7292a897154,data.gov.uk,ogl-3.0,explicit,,[],general,2026-10-07T21:30:32.051718+00:00
Consumer Prices Inflation Basket of Goods and Services 2014,"The 'shopping basket' of items making up the suite of consumer price inflation indices (CPI, CPIH, RPIJ & RPI) are reviewed every year. Some items are taken out of the basket, some are brought in, to reflect changes in the market and to make sure the indices are up to date and representative of consumer spending patterns. This article describes the review process and explains how and why the various items in the inflation baskets are chosen.

Source agency: Office for National Statistics

Designation: National Statistics

Language: English

Alternative title: Basket of Goods",https://data.gov.uk/dataset/b52a59f8-5ae5-4f0a-a05e-7f3acb95af53,data.gov.uk,ogl-3.0,explicit,,[],general,2026-10-07T21:30:32.051718+00:00
Contract Register - ECDC,Contract Register as required under the Local Government Transparency Code 2014,https://data.gov.uk/dataset/640f951f-7a97-46fd-9ebf-acdb49812f67,data.gov.uk,ogl-3.0,explicit,,[],general,2026-10-07T21:30:32.051718+00:00
Corporate Affairs General Enquiries,General enquiries from public and others,https://data.gov.uk/dataset/c5228956-2940-43de-9097-7e82848587ed,data.gov.uk,cc-by,explicit,,[],general,2026-10-07T21:30:32.051718+00:00
Council Tax Level,Details of the council tax levels set by local authorities in England,https://data.gov.uk/dataset/641ad13e-b3ec-42da-b818-47eeb274dba5,data.gov.uk,ogl-3.0,explicit,,[],general,2026-10-07T21:30:32.051718+00:00
Councillors Allowances 2013/14,The Local Authorities (Members' Allowances) (England) Regulations 2003 enable the authority to pay various allowances to councillors.,https://data.gov.uk/dataset/73a45156-4bb6-4d08-b906-4013650f668d,data.gov.uk,ogl-3.0,explicit,,[],general,2026-10-07T21:30:32.051718+00:00
Current Arms Embargoes and Other Restrictions,"Provides details of current arms embargoes and other relevant restrictions in force with respect to specific countries, on all countries or on terrorist organizations.
",https://data.gov.uk/dataset/9a1b06d1-2d7e-4704-84c1-44726c3dfb43,data.gov.uk,ogl-3.0,explicit,,[],general,2026-10-07T21:30:32.051718+00:00
DECC live data on electricity and gas consumption,Electricity and gas consumption data for the DECC headquarters building at 3-8 Whitehall Place.  It’s generated in real-time from data taken every 5 seconds from the on-site meters.,https://data.gov.uk/dataset/cb00827c-4b32-46ac-8bf2-7b4e0e66bc44,data.gov.uk,ogl-3.0,explicit,,[],general,2026-10-07T21:30:19.050446+00:00
DESNZ: spend control data,"This dataset is also known as Exceptions to cross-government moratoria on spend or exceptions to spending controls. Files previously released list items of spend that have been allowed via the Cabinet Office Approval process by departments since the announcement (24 May 2010) of six cross-government moratoria: ICT spend above £1m; Advertising and marketing; Consultancy; Commercial; Property leases & lease extensions; and Civil Service recruitment. Exceptions to spend requests may not be required for each sector every quarter by the Department. Datasets for Departments for Energy and Climate Change; and Business, Innovation and Skills are available as separate entity names.

Previous data was uploaded under BEIS Spend control data.",https://data.gov.uk/dataset/5d790113-2ab8-4e05-9375-aa9a0f2b7601,data.gov.uk,ogl-3.0,explicit,,[],general,2026-10-07T21:30:19.050446+00:00
DSIT: spend control data,"This dataset is also known as Exceptions to cross-government moratoria on spend or exceptions to spending controls. Files previously released list items of spend that have been allowed via the Cabinet Office Approval process by departments since the announcement (24 May 2010) of six cross-government moratoria: ICT spend above £1m; Advertising and marketing; Consultancy; Commercial; Property leases & lease extensions; and Civil Service recruitment. Exceptions to spend requests may not be required for each sector every quarter by the Department. Datasets for Departments for Energy and Climate Change; and Business, Innovation and Skills are available as separate entity names.

Previous data was uploaded under BEIS Spend control data.",https://data.gov.uk/dataset/b247a03c-7f2f-4167-a6bb-06febfed09f2,data.gov.uk,ogl-3.0,explicit,,[],general,2026-10-07T21:30:19.050446+00:00
"Details of contracts over £10,000","As part of its commitment to transparency, the Department for Exiting the European Union publishes regular data on its departmental spending, including contracts.

These figures exclude VAT.",https://data.gov.uk/dataset/24042d8a-03c1-48d6-9150-31cb22b179e9,data.gov.uk,ogl-3.0,explicit,,[],general,2026-10-07T21:30:32.051718+00:00
Disqualified Directors Dataset,Details of all individuals disqualified from being directors of companies or members of Limited Liability Partnerships. It provides the start and end dates of the disqualification and the section of the Company Directors Disqualification Act 1986 that the director has been disqualified under.,https://data.gov.uk/dataset/7dba6fad-83b0-41eb-aad5-b03013c2b0e6,data.gov.uk,ogl-3.0,explicit,,[],general,2026-10-07T21:30:32.051718+00:00
Division 08,"The PRODCOM series of reports contain data on the sales by UK based manufacturers of individual products covered by the PRODCOM inquiry, together with exports and imports data.

Source agency: Office for National Statistics

Designation: National Statistics

Language: English

Alternative title: Division 08",https://data.gov.uk/dataset/6a02b611-83b2-417b-8ad5-3f23ef090a32,data.gov.uk,ogl-3.0,explicit,,[],general,2026-10-07T21:30:32.051718+00:00
Division 10,"The PRODCOM series of reports contain data on the sales by UK based manufacturers of the individual products covered by the PRODCOM inquiry, together with exports and imports data.

Source agency: Office for National Statistics

Designation: National Statistics

Language: English

Alternative title: Division 10",https://data.gov.uk/dataset/70adfb8f-4a3f-464f-8efa-4cd94a1f9fe5,data.gov.uk,ogl-3.0,explicit,,[],general,2026-10-07T21:30:32.051718+00:00
Division 11,"The PRODCOM series of reports contain data on the sales by UK based manufacturers of individual products covered by the PRODCOM inquiry, together with exports and imports data.

Source agency: Office for National Statistics

Designation: National Statistics

Language: English

Alternative title: Division 11",https://data.gov.uk/dataset/5f1bb91f-5f81-4aa1-b9af-873d2c1cfc0c,data.gov.uk,ogl-3.0,explicit,,[],general,2026-10-07T21:30:32.051718+00:00
Division 12,"The PRODCOM series of reports contain data on the sales by UK based manufacturers of individual products covered by the PRODCOM inquiry, together with exports and imports data.

Source agency: Office for National Statistics

Designation: National Statistics

Language: English

Alternative title: Division 12",https://data.gov.uk/dataset/61897a7c-93db-4471-b7ba-d76848a10ce4,data.gov.uk,ogl-3.0,explicit,,[],general,2026-10-07T21:30:32.051718+00:00
Division 13,"The PRODCOM series of reports contain data on the sales by UK based manufacturers of individual products covered by the PRODCOM inquiry, together with exports and imports data.

Source agency: Office for National Statistics

Designation: National Statistics

Language: English

Alternative title: Division 13",https://data.gov.uk/dataset/93968f20-ccec-4e44-a5a4-8f5d57b1a0f3,data.gov.uk,ogl-3.0,explicit,,[],general,2026-10-07T21:30:32.051718+00:00
Division 14,"The PRODCOM series of reports contain data on the sales by UK based manufacturers of individual products covered by the PRODCOM inquiry, together with exports and imports data.

Source agency: Office for National Statistics

Designation: National Statistics

Language: English

Alternative title: Division 14",https://data.gov.uk/dataset/bcd2907f-5f66-4e7e-bb4c-8c94ddb32eaf,data.gov.uk,ogl-3.0,explicit,,[],general,2026-10-07T21:30:32.051718+00:00
Division 15,"The PRODCOM series of reports contain data on the sales by UK based manufacturers of individual products covered by the PRODCOM inquiry, together with exports and imports data.

Source agency: Office for National Statistics

Designation: National Statistics

Language: English

Alternative title: Division 15",https://data.gov.uk/dataset/04576a24-95b3-4ab8-97f7-76fbdf67ecc9,data.gov.uk,ogl-3.0,explicit,,[],general,2026-10-07T21:30:32.051718+00:00
Division 16,"The PRODCOM series of reports contain data on the sales by UK based manufacturers of individual products covered by the PRODCOM inquiry, together with exports and imports data.

Source agency: Office for National Statistics

Designation: National Statistics

Language: English

Alternative title: Division 16",https://data.gov.uk/dataset/f09d1b23-e038-47e2-a160-935a5b6768df,data.gov.uk,ogl-3.0,explicit,,[],general,2026-10-07T21:30:32.051718+00:00
Division 17,"The PRODCOM series of reports contain data on the sales by UK based manufacturers of individual products covered by the PRODCOM inquiry, together with exports and imports data.

Source agency: Office for National Statistics

Designation: National Statistics

Language: English

Alternative title: Division 17",https://data.gov.uk/dataset/fb07b423-5392-41c2-9d6d-387252fb02ce,data.gov.uk,ogl-3.0,explicit,,[],general,2026-10-07T21:30:32.051718+00:00
Division 18,"The PRODCOM series of reports contain data on the sales by UK based manufacturers of individual products covered by the PRODCOM inquiry, together with exports and imports data.

Source agency: Office for National Statistics

Designation: National Statistics

Language: English

Alternative title: Division 18",https://data.gov.uk/dataset/7674c607-68c4-4fd8-9524-cf92fdcbf630,data.gov.uk,ogl-3.0,explicit,,[],general,2026-10-07T21:30:32.051718+00:00
Division 19,"The PRODCOM series of reports contain data on the sales by UK based manufacturers of individual products covered by the PRODCOM inquiry, together with exports and imports data.

Source agency: Office for National Statistics

Designation: National Statistics

Language: English

Alternative title: Division 19",https://data.gov.uk/dataset/6ed32fab-30ff-4188-93c1-7e4000258158,data.gov.uk,ogl-3.0,explicit,,[],general,2026-10-07T21:30:32.051718+00:00
Division 20,"The PRODCOM series of reports contain data on the sales by UK based manufacturers of individual products covered by the PRODCOM inquiry, together with exports and imports data.

Source agency: Office for National Statistics

Designation: National Statistics

Language: English

Alternative title: Division 20",https://data.gov.uk/dataset/bbe30fc5-c789-4c3d-aa86-69624598b28f,data.gov.uk,ogl-3.0,explicit,,[],general,2026-10-07T21:30:32.051718+00:00
Division 21,"The PRODCOM series of reports contain data on the sales by UK based manufacturers of individual products covered by the PRODCOM inquiry, together with exports and imports data.

Source agency: Office for National Statistics

Designation: National Statistics

Language: English

Alternative title: Division 21",https://data.gov.uk/dataset/3eca69cb-95ce-4f53-8cd1-58c5942e9bf8,data.gov.uk,ogl-3.0,explicit,,[],general,2026-10-07T21:30:32.051718+00:00
Division 22,"The PRODCOM series of reports contain data on the sales by UK based manufacturers of individual products covered by the PRODCOM inquiry, together with exports and imports data.

Source agency: Office for National Statistics

Designation: National Statistics

Language: English

Alternative title: Division 22",https://data.gov.uk/dataset/d192d4e8-6608-4024-a791-8b657f9d1e5f,data.gov.uk,ogl-3.0,explicit,,[],general,2026-10-07T21:30:32.051718+00:00
Division 23,"The PRODCOM series of reports contain data on the sales by UK based manufacturers of individual products covered by the PRODCOM inquiry, together with exports and imports data.

Source agency: Office for National Statistics

Designation: National Statistics

Language: English

Alternative title: Division 23",https://data.gov.uk/dataset/a2cf8a02-2613-4147-8cb1-686090906ada,data.gov.uk,ogl-3.0,explicit,,[],general,2026-10-07T21:30:32.051718+00:00
Division 24,"The PRODCOM series of reports contain data on the sales by UK based manufacturers of individual products covered by the PRODCOM inquiry, together with exports and imports data.

Source agency: Office for National Statistics

Designation: National Statistics

Language: English

Alternative title: Division 24",https://data.gov.uk/dataset/ad3b5c7a-f19d-4d4f-b1cc-13b0aec2e812,data.gov.uk,ogl-3.0,explicit,,[],general,2026-10-07T21:30:32.051718+00:00
Division 26,"The PRODCOM series of reports contain data on the sales by UK based manufacturers of individual products covered by the PRODCOM inquiry, together with exports and imports data.

Source agency: Office for National Statistics

Designation: National Statistics

Language: English

Alternative title: Division 26",https://data.gov.uk/dataset/2104d12b-bd64-4b68-bf63-c0a5a9289580,data.gov.uk,ogl-3.0,explicit,,[],general,2026-10-07T21:30:32.051718+00:00
Division 27,"The PRODCOM series of reports contain data on the sales by UK based manufacturers of individual products covered by the PRODCOM inquiry, together with exports and imports data.

Source agency: Office for National Statistics

Designation: National Statistics

Language: English

Alternative title: Division 27",https://data.gov.uk/dataset/e8c73896-e52d-4291-a53a-dcbb4f2b1e00,data.gov.uk,ogl-3.0,explicit,,[],general,2026-10-07T21:30:32.051718+00:00
Division 28,"The PRODCOM series of reports contain data on the sales by UK based manufacturers of individual products covered by the PRODCOM inquiry, together with exports and imports data.

Source agency: Office for National Statistics

Designation: National Statistics

Language: English

Alternative title: Division 28",https://data.gov.uk/dataset/60f6095c-ece5-40c6-82bf-39b9846bbb32,data.gov.uk,ogl-3.0,explicit,,[],general,2026-10-07T21:30:32.051718+00:00
Division 29,"The PRODCOM series of reports contain data on the sales by UK based manufacturers of individual products covered by the PRODCOM inquiry, together with exports and imports data.

Source agency: Office for National Statistics

Designation: National Statistics

Language: English

Alternative title: Division 29",https://data.gov.uk/dataset/406b1a4e-d3eb-4279-97c0-f940327eaad8,data.gov.uk,ogl-3.0,explicit,,[],general,2026-10-07T21:30:32.051718+00:00
Division 30,"The PRODCOM series of reports contain data on the sales by UK based manufacturers of individual products covered by the PRODCOM inquiry, together with exports and imports data.

Source agency: Office for National Statistics

Designation: National Statistics

Language: English

Alternative title: Division 30",https://data.gov.uk/dataset/2bc48b51-59b1-4d34-8981-284ff65a6262,data.gov.uk,ogl-3.0,explicit,,[],general,2026-10-07T21:30:32.051718+00:00
Division 31,"The PRODCOM series of reports contain data on the sales by UK based manufacturers of individual products covered by the PRODOM inquiry, together with exports and imports data.

Source agency: Office for National Statistics

Designation: National Statistics

Language: English

Alternative title: Division 31",https://data.gov.uk/dataset/3c58de7c-f222-4b65-b7d5-d8c358456d05,data.gov.uk,ogl-3.0,explicit,,[],general,2026-10-07T21:30:32.051718+00:00
Division 32,"The PRODCOM series of reports contain data on the sales by UK based manufacturers of individuals products covered by the PRODCOM inquiry, together with exports and imports data.

Source agency: Office for National Statistics

Designation: National Statistics

Language: English

Alternative title: Division 32",https://data.gov.uk/dataset/4c4b5f6f-b6e4-4321-8e23-99b3f8d54bfe,data.gov.uk,ogl-3.0,explicit,,[],general,2026-10-07T21:30:32.051718+00:00
Division 33,"The PRODCOM series of reports contain data on the sales by UK based manufacturers of individual products covered by the PRODCOM inquiry, together with exports and imports data.

Source agency: Office for National Statistics

Designation: National Statistics

Language: English

Alternative title: Division 33",https://data.gov.uk/dataset/3df71117-c9ec-40e6-ac00-894790755ac9,data.gov.uk,ogl-3.0,explicit,,[],general,2026-10-07T21:30:32.051718+00:00
Double deflation,"Overview of double deflation theory and methods, with some experimental case studies.",https://data.gov.uk/dataset/c54799b5-6b45-4c17-9ca5-87041885efe6,data.gov.uk,ogl-3.0,explicit,,[],general,2026-10-07T21:30:32.051718+00:00
EU Government Debt and Deficit returns,"Contains estimates of government deficit and debt data submitted biannually to the European Commission for the Excessive Deficit Procedure (EDP) in accordance with the Maastricht Treaty.
Source agency: Office for National Statistics
Designation: National Statistics
Language: English
Alternative title: Debit and Deficit",https://data.gov.uk/dataset/0915c6aa-2947-4ae4-a70f-921c5cbd4f14,data.gov.uk,ogl-3.0,explicit,,[],general,2026-10-07T21:30:32.051718+00:00
Empty Commercial Properties Northumberland,"Empty Commercial Properties within Northumberland by Electoral Division. The dataset includes length of time empty, Rateable Value, Exemption Type, Percentage of empty against total commercial properties.",https://data.gov.uk/dataset/52b57ac4-b503-4734-b9c0-24bd07fb6638,data.gov.uk,ogl-3.0,explicit,,[],general,2026-10-07T21:30:32.051718+00:00
Empty Residential Properties Northumberland,"Empty Residential Properties within Northumberland by Electoral Division. The dataset includes length of time empty, Council Tax Band, Percentage of empty against total residential properties.",https://data.gov.uk/dataset/a4f21ef7-b519-4eec-bcfa-94b42ceeed44,data.gov.uk,ogl-3.0,explicit,,[],general,2026-10-07T21:30:32.051718+00:00
Engineering Turnover and Orders,"Estimates for the engineering sector. Estimates are published at current prices covering turnover and orders. The engineering sector covers classes 29 to 33 as defined by the Standard Industrial Classification (SIC92).
Source agency: Office for National Statistics
Designation: National Statistics
Language: English
Alternative title: ETO",https://data.gov.uk/dataset/6f0fe0c0-2e03-4f1d-a7a3-940a1b49c16e,data.gov.uk,ogl-3.0,explicit,,[],general,2026-10-07T21:30:32.051718+00:00
Environmental Tax Bulletin,"Bulletins provide a full historic series of data detailing amounts of goods cleared and amount of duty collected.

Source agency: HM Revenue and Customs

Designation: Official Statistics not designated as National Statistics

Language: English

Alternative title: Indirect Tax",https://data.gov.uk/dataset/c7675303-207b-4ff1-aa60-e84bedc431af,data.gov.uk,ogl-3.0,explicit,,[],general,2026-10-07T21:30:32.051718+00:00
Estimating the value of services exports abroad from different parts of the UK,"his article presents the results of an ONS project to estimate the value of services exports abroad from the English regions, Scotland, Wales and Northern Ireland. It presents experimental estimates of the value of these exports for 2011, 2012, 2013 and 2014 (the latest year available). The estimates by region and country of the UK are broadly consistent with the UK totals shown in the Balance of Payments.",https://data.gov.uk/dataset/cdff7feb-572f-4db8-a48f-c704d3a65428,data.gov.uk,ogl-3.0,explicit,,[],general,2026-10-07T21:30:32.051718+00:00
Evaluation of apprenticeships survey 2012: learners,"Survey of 5000 apprentices, or learners, undertaken in late 2011 looking at satisfaction, impact,and additionality. Relates to BIS research paper no. 76 on learners/apprentices.",https://data.gov.uk/dataset/e4c707c5-b462-43b8-8d1a-38299a271b3c,data.gov.uk,ogl-3.0,explicit,,[],general,2026-10-07T21:30:32.051718+00:00
"Expenditure over £25,000 in FCO Services","A monthly-updated list of all financial transactions spending over £25,000 made by FCO Services, as part of the Government's commitment to transparency in expenditure.",https://data.gov.uk/dataset/7a905fc4-823e-4b59-9515-bcbb5492c75d,data.gov.uk,ogl-3.0,explicit,,[],general,2026-10-07T21:30:32.051718+00:00
FCA: Mortgage lending statistics - December 2020,"The FCA and the Prudential Regulatory Authority (PRA) both have responsibility for the regulation of mortgage lenders and administrators. They jointly publish the mortgage lending statistics every quarter.

Since the beginning of 2007, around 340 regulated mortgage lenders and administrators have been required to submit a Mortgage Lending and Administration Return (MLAR) each quarter, providing data on their mortgage lending activities.",https://data.gov.uk/dataset/ce0f41c4-399c-4b49-a4dc-c43958a692a2,data.gov.uk,ogl-3.0,explicit,,[],general,2026-10-07T21:30:32.051718+00:00
FCA: Mortgage lending statistics - June 2019,"The FCA and the Prudential Regulatory Authority (PRA) both have responsibility for the regulation of mortgage lenders and administrators. They jointly publish the mortgage lending statistics every quarter.

Since the beginning of 2007, around 340 regulated mortgage lenders and administrators have been required to submit a Mortgage Lending and Administration Return (MLAR) each quarter, providing data on their mortgage lending activities.",https://data.gov.uk/dataset/82eaba52-2fa6-41b9-9dc0-ada584d9a22f,data.gov.uk,ogl-3.0,explicit,,[],general,2026-10-07T21:30:32.051718+00:00
FOI - Non Domestic Rates - Credit Balances,These are the data sets that show all the None Domestic Rates Credit Balances in East Renfrewshire Council Local Authority Area.,https://data.gov.uk/dataset/75d66386-d199-4d15-9743-12ed67493e99,data.gov.uk,ogl-3.0,explicit,,[],general,2026-10-07T21:30:32.051718+00:00
Fees and charges from Cheltenham Borough Council,The fees and charges schedule is agreed on an annual basis as part of the budget and contains details about what the council charges for its services.,https://data.gov.uk/dataset/f2315482-16c2-4704-bb63-586e0d1f7d62,data.gov.uk,ogl-3.0,explicit,,[],general,2026-10-07T21:30:32.051718+00:00
Financial Crisis and Statitical Classification,"The classification of finiancial crisis interventions

Source agency: Office for National Statistics

Designation: Supporting material

Language: English

Alternative title: Financial Crisis and Statitical Classification",https://data.gov.uk/dataset/18bbe369-a25e-4eed-95a8-43cc95868502,data.gov.uk,ogl-3.0,explicit,,[],general,2026-10-07T21:30:32.051718+00:00
Financial Statistics,"M4 private sector holdings of public sector debt Sterling Treasury bills and British government securities and Tax Instruments

Source agency: Office for National Statistics

Designation: National Statistics

Language: English

Alternative title: Finstats",https://data.gov.uk/dataset/185aa4bf-d85a-42ba-99b8-cc3580cfe017,data.gov.uk,ogl-3.0,explicit,,[],general,2026-10-07T21:30:32.051718+00:00
Financial Statistics Explanatory Handbook,"Provides a definitive background to all aspects of data published in Financial Statistics monthly publication.

Source agency: Office for National Statistics

Designation: National Statistics

Language: English

Alternative title: Finstats",https://data.gov.uk/dataset/8bb09c03-cc5a-4c27-9cca-7b43ca4c2ac2,data.gov.uk,ogl-3.0,explicit,,[],general,2026-10-07T21:30:32.051718+00:00
Focus on Consumer Prices,"The July 2011 edition of the Focus on Consumer Price Indices, is the final publication of data in this format. From 28 August 2011 all data published as part of the Consumer Price Indices Statistical Bulletin, will be published electronically via one Excel file on the Office for National Statistics website at:  http://ons.gov.uk/ons/taxonomy/index.html?nscl=Consumer+Prices+Index

Source agency: Office for National Statistics

Designation: National Statistics

Language: English

Alternative title: MM23",https://data.gov.uk/dataset/b0c7f6cb-803b-418e-87d0-c11fca304419,data.gov.uk,ogl-3.0,explicit,,[],general,2026-10-07T21:30:32.051718+00:00
Forest Heath District Council/Headcount & Turnover,"Headcount & Turnover

",https://data.gov.uk/dataset/025c8bc6-20b5-49d9-951d-ad07e7c2c368,data.gov.uk,ogl-3.0,explicit,,[],general,2026-10-07T21:30:32.051718+00:00
GLA Poll Results,"The GLA undertakes regular polling of Londoners' views. The results from these polls appear on this page. December 2017 – Rail services Link to PDF of topline (PDF) November 2017 – Workplace equality Link to PDF of topline (PDF) November 2017 - YouGov/GLA poll results Link to PDF of topline (PDF) October 2017 - YouGov/GLA poll results Link to PDF of topline (PDF) September 2017 – Keeping Londoners safe Link to PDF of topline (PDF) August 2017 – World Athletics Championships Link to PDF of topline (PDF) July 2017 – World Para-athletics Championships Link to PDF of topline (PDF) July 2017 – Food Link to PDF of topline (PDF) June 2017 – YouGov/GLA poll results Link to PDF of topline (PDF) June 2017 – YouGov/GLA poll results Link to PDF of topline (PDF) April 2017 – YouGov/GLA poll results Link to PDF of topline (PDF) March 2017 – Contacting City Hall Link to PDF of topline (PDF) February 2017 – YouGov/GLA poll results Link to PDF of topline (PDF) February 2017 – YouGov/GLA poll results Link to PDF of topline (PDF) January 2017 – YouGov/GLA poll results Link to PDF of topline (PDF) December 2016 – YouGov/GLA poll results Link to PDF of topline (PDF) December 2016 – Transport Link to PDF of topline (PDF) November 2016 – YouGov/GLA poll results Link to PDF of topline (PDF) October 2016 – Public spending and taxation Link to PDF of topline (PDF) Link to analysis of results (PDF) August 2016 – Promoting London Abroad Link to PDF of topline (PDF) August 2016 – Pubs and Clubs Link to PDF of topline (PDF) July 2016 – Devolution Link to PDF of topline (PDF) March 2016 – congestion, night-tube, noise, volunteering and growth Link to PDF of toplines (PDF) Link to crosstabs tables (XLS) January 2016 – culture, anti-social behaviour, sport & exercise, digital technology Link to PDF of toplines (PDF) Link to crosstabs tables (XLS) September 2015 - economy, sugar, awareness of London government and work of Mayor Link to PDF of toplines (PDF) Link to crosstabs tables (XLS) July 2015 - Energy, renting, online shopping and airports Link to PDF of toplines (PDF) Link to Excel tables (XLS) March 2015 - Growth, recycling and reuse Link to PDF of toplines (PDF) Link to PDF of tables January 2015 – Economy, cost of living, living wage, affordable eating, cooking fats, physical activity major events Link to PDF of toplines (PDF) Link to Excel tables (XLS) September 2014 - Awareness, sources, carrier bags and big dance Link to PDF of toplines (PDF) Link to Excel tables (XLS) August 2014 - Health Survey Link to PDF of toplines (PDF) Link to Excel tables (XLS) June 2014 - Economy, cost of living, personal finance, housing and airports Link to PDF of toplines (PDF) May 2014 - Priorities for Safety Link to PDF of toplines (PDF) Link to Excel tables (XLS) March 2014 - Health Survey Link to PDF of toplines (PDF) Link to Excel tables (XLS) February 2014 - Economy, cost of living, priorities and culture Link to PDF of toplines (PDF) Link to Excel tables (XLS) February 2014 - Water Cannon Link to Data Full Tables (XLS) Tables – rebased (XLS) Tables - ethnicity (XLS) Tables - summary (XLS) November 2013 - Economy, cost of living, technology and aiports Link to PDF of toplines (PDF) Link to Excel tables (XLS) September 2013 - Economy, Mayoral responsibilities Link to PDF of toplines (PDF) Link to Excel tables (XLS) June 2013 - Economy, culture and community cohesion Link to PDF of toplines (PDF) Link to PDF tables (PDF) March 2013 – Economy, volunteering, ULEZ, stamp duty, cycling Link to PDF of toplines (PDF) Link to Excel tables (XLS) January 2013 - Economy, apprenticeships, aiport, housing and EU Link to PDF of toplines (PDF) Link to Excel tables (XLS) October 2012 - Economy, Mayoral responsibilities and 2012 Games Link to PDF of toplines (PDF) Link to PDF tables (PDF) June 2012 - Economy and Londoners priorities Link to PDF of toplines (PDF) Link to PDF tables (PDF) February 2012 - Economy and volunteering Link to PDF of toplines (PDF) Link to PDF tables (PDF) ",https://data.gov.uk/dataset/a02cf9bd-6bd6-41b7-bdb3-c4158271c7ee,data.gov.uk,ogl-3.0,explicit,,[],general,2026-10-07T21:30:19.050446+00:00
Gateshead Brownfield Land Register April 2021,,https://data.gov.uk/dataset/feb062c6-b5bb-4585-bdeb-a7f0c5a1a757,data.gov.uk,cc-by,explicit,,[],general,2026-10-07T21:30:32.051718+00:00
Gender pay gap,"Employers with 250 or more employees must publish and report specific figures about their gender pay gap

From 2017, any organisation that has 250 or more employees must publish and report specific figures about their gender pay gap.

The gender pay gap is the difference between the average earnings of men and women, expressed relative to men’s earnings. For example, ‘women earn 15% less than men per hour’.",https://data.gov.uk/dataset/54219db1-dd98-49d9-a383-a5978bb0aeb9,data.gov.uk,ogl-3.0,explicit,,[],general,2026-10-07T21:30:32.051718+00:00
Gift aid,"Provides annual information on amounts donated and tax repayments to charities on donations from individuals. Previously listed under 'Revenue-based Taxes and Benefits: Charitable donations and tax relief'.

Source agency: HM Revenue and Customs

Designation: National Statistics

Language: English

Alternative title: Gift Aid",https://data.gov.uk/dataset/4dd9e30a-95c4-4f9e-ae98-b26e99306a7a,data.gov.uk,ogl-3.0,explicit,,[],general,2026-10-07T21:30:32.051718+00:00
Glasshouse Survey England,"The results of crops grown in glasshouses.

Source agency: Environment, Food and Rural Affairs

Designation: National Statistics

Language: English

Alternative title: Glasshouse Survey, England",https://data.gov.uk/dataset/0b0a26bc-236d-471b-86c9-47557c32077f,data.gov.uk,ogl-3.0,explicit,,[],general,2026-10-07T21:30:32.051718+00:00
Glossary of Export Control,A listing which provides definitions of specialised expressions and acronymns used in export control. ,https://data.gov.uk/dataset/0547b619-8961-41f8-a530-255ffd6641dd,data.gov.uk,ogl-3.0,explicit,,[],general,2026-10-07T21:30:32.051718+00:00
Government Procurement Card spend over £500 in FCO Services,"A list of all Government Procurement Card financial transactions spending over £500 made by FCO Services, as part of the Government's commitment to transparency in expenditure.",https://data.gov.uk/dataset/386a63b1-8036-4951-957f-e96cf719f6fd,data.gov.uk,ogl-3.0,explicit,,[],general,2026-10-07T21:30:32.051718+00:00
Government Revenue from UK Oil and Gas Production,"Provides receipts information for UK oil and gas production, covering all historical duties levied on companies participating in this ring fence regime, including ring fence Corporation Tax (RFCT), supplementary charge (SC), Petroleum Revenue Tax (PRT) and royalties. Previously listed under 'Revenue-based Taxes and Benefits: Corporate Tax'.

Source agency: HM Revenue and Customs

Designation: National Statistics

Language: English

Alternative title: Government Revenue from UK Oil and Gas Production",https://data.gov.uk/dataset/5a5bdd91-b4c5-4f62-8702-20f5a752001f,data.gov.uk,ogl-3.0,explicit,,[],general,2026-10-07T21:30:32.051718+00:00
HM Revenue & Customs Receipts,"Provides monthly and annual historical records on all HMRC Tax & NIC receipts, and Tax Credit payments. Previously listed under 'Revenue-based Taxes and Benefits: Tax receipts and taxpayers'.

Source agency: HM Revenue and Customs

Designation: National Statistics

Language: English

Alternative title: HM Revenue & Customs Receipts",https://data.gov.uk/dataset/0a29325d-7909-4f4a-a6bd-6eab6c525b8e,data.gov.uk,ogl-3.0,explicit,,[],general,2026-10-07T21:30:32.051718+00:00
Hackney  Strategic Industrial Areas,"Strategic Industrial Areas in Hackney. Created over OS MasterMap data. Boundaries have been created in accordance with  planning policies which we will use, together with the London plan, the core strategy and other supplementary planning documents, to assess planning applications.",https://data.gov.uk/dataset/e27dce55-5af3-4b5d-a506-1ef2993fd7a1,data.gov.uk,ogl-3.0,explicit,,[],general,2026-10-07T21:30:32.051718+00:00
Hampshire County Council News Feed,An RSS feed of the lates news from Hampshire County Council,https://data.gov.uk/dataset/a3d19429-c483-41d2-9c6a-d55b8f10a4f8,data.gov.uk,ogl-3.0,explicit,,[],general,2026-10-07T21:30:32.051718+00:00
Hantsweb Webpage Statistics,"Data detailing the pages visited, bounce rate and count for Hampshire County Council's webpage, Hantsweb.  The data will be updated monthly with a new csv per month",https://data.gov.uk/dataset/953d85ba-95dc-48d1-8800-3cdc6e74c6ff,data.gov.uk,ogl-3.0,explicit,,[],general,2026-10-07T21:30:32.051718+00:00
Harmonised Index of Consumer Prices,"Harmonised Index of Consumer prices

Source agency: Office for National Statistics

Designation: Official Statistics not designated as National Statistics

Language: English

Alternative title: HICP",https://data.gov.uk/dataset/692f4271-66f8-40e4-b875-b6397db60cd0,data.gov.uk,ogl-3.0,explicit,,[],general,2026-10-07T21:30:32.051718+00:00
Heat Networks registered under the Heat Network (Metering and Billing) Regulations,"Registered heat networks based on notifications under the Heat Network (Metering and Billing) Regulations.

Official Statistics in development.",https://data.gov.uk/dataset/f547129e-a722-4992-9f37-baa3b1a516a7,data.gov.uk,ogl-3.0,explicit,,[],general,2026-10-07T21:30:32.051718+00:00
Heat pump deployment,These heat pump deployment official statistics provide information to monitor the number of hydronic heat pumps with a capacity up to 45kW installed in the United Kingdom.,https://data.gov.uk/dataset/b264edb9-4a78-4977-a871-c9561a3ef8cc,data.gov.uk,ogl-3.0,explicit,,[],general,2026-10-07T21:30:32.051718+00:00
House Price Index Guidance,"Trends in the UK housing market is an article bringing together various published sources of UK housing market statistics.

Source agency: Office for National Statistics

Designation: Official Statistics not designated as National Statistics

Language: English

Alternative title: HPI guidance and methodology",https://data.gov.uk/dataset/834bd26e-6126-4e35-b3fd-6e44a01655b9,data.gov.uk,ogl-3.0,explicit,,[],general,2026-10-07T21:30:32.051718+00:00
Household estimates and projections,Household projections are trend-based and indicate the number of additional households that would form if recent demographic trends continue.,https://data.gov.uk/dataset/24be88b1-3b35-458d-85d4-65f123d13275,data.gov.uk,ogl-3.0,explicit,,[],general,2026-10-07T21:30:32.051718+00:00
Improving National Accounts,"This article highlights the work being carried out to improve the measurement of deposits and loans held by UK Private Non-Financial Corporations (PNFCs) with overseas banks. It is the first in a series of articles about the continuous improvements that are taking place to further improve the measurement of the UK's National Accounts.

Source agency: Office for National Statistics

Designation: Supporting material

Language: English

Alternative title: Measuring PNFCs Overseas Deposits and Loans",https://data.gov.uk/dataset/2e8371f0-1fec-4fed-ad13-9b53fac3f967,data.gov.uk,ogl-3.0,explicit,,[],general,2026-10-07T21:30:32.051718+00:00
Index of Production (Northern Ireland),"General measure of changes in output of production sector industries.

Source agency: Finance and Personnel (Northern Ireland)

Designation: National Statistics

Language: English

Alternative title: Index of Production (Northern Ireland)",https://data.gov.uk/dataset/07ed8cd6-f0fe-424d-9465-134a4b8b8080,data.gov.uk,ogl-3.0,explicit,,[],general,2026-10-07T21:30:32.051718+00:00
Index of Production in Northern Ireland,"General measure of changes in output of production sector industries.

Source agency: Northern Ireland Statistics and Research Agency

Designation: National Statistics

Language: English

Alternative title: Index of Production in Northern Ireland",https://data.gov.uk/dataset/aa2f8f28-1582-42f0-ab6c-3314648b026c,data.gov.uk,ogl-3.0,explicit,,[],general,2026-10-07T21:30:32.051718+00:00
Index of Services (Northern Ireland),"General measure of changes in output of service sector industries.

Source agency: Finance and Personnel (Northern Ireland)

Designation: National Statistics

Language: English

Alternative title: Index of Services (Northern Ireland)",https://data.gov.uk/dataset/b6952089-26de-4eae-9831-b9155c2ce64f,data.gov.uk,ogl-3.0,explicit,,[],general,2026-10-07T21:30:32.051718+00:00
Index of Services (Northern Ireland),"General measure of changes in output of service sector industries.

Source agency: Northern Ireland Statistics and Research Agency

Designation: Official Statistics not designated as National Statistics

Language: English

Alternative title: Index of Services (Northern Ireland)",https://data.gov.uk/dataset/0168cde2-e26b-48d2-beff-d03bcdd38595,data.gov.uk,ogl-3.0,explicit,,[],general,2026-10-07T21:30:32.051718+00:00
Individual Savings Accounts Main Tables 9.4,"Provides information on savings in adult and junior Individual Savings Accounts - the number of individuals subscribing to ISAs and market values of ISAs.

Source agency: HM Revenue and Customs

Designation: National Statistics

Language: English

Alternative title: Individual Savings Accounts Main Tables 9.4",https://data.gov.uk/dataset/2a0f5a33-c21f-40c7-8ed4-ffc61fdee50d,data.gov.uk,ogl-3.0,explicit,,[],general,2026-10-07T21:30:32.051718+00:00
Individual Savings Accounts Main Tables 9.6,"Provides information on savings in adult and junior Individual Savings Accounts - the number of individuals subscribing to ISAs and market values of ISAs.

Source agency: HM Revenue and Customs

Designation: National Statistics

Language: English

Alternative title: Individual Savings Accounts Main Tables 9.6",https://data.gov.uk/dataset/382290b5-1651-4124-850d-27f638f3f88e,data.gov.uk,ogl-3.0,explicit,,[],general,2026-10-07T21:30:32.051718+00:00
Inheritance Tax: Analysis of Receipts,"Provides information on Inheritance Tax (IHT) cash receipts from estates and trusts and values of non-cash settlements of IHT liabilities. Previously listed under 'Revenue-based Taxes and Benefits: Inheritance Tax'.

Source agency: HM Revenue and Customs

Designation: National Statistics

Language: English

Alternative title: Inheritance Tax: Analysis of Receipts",https://data.gov.uk/dataset/eb66a6d5-44f7-47ca-b796-fbcb6f6aeaa0,data.gov.uk,ogl-3.0,explicit,,[],general,2026-10-07T21:30:32.051718+00:00
Inheritance Tax: Other analyses,"Provides information on Inheritance Tax (IHT) liabilities, which types of estates pay Inheritance Tax, the use of tax reliefs and the assets left on death by these estates, their size and location, and characteristics of the deceased. Previously listed under 'Revenue-based Taxes and Benefits: Inheritance Tax'.

Source agency: HM Revenue and Customs

Designation: National Statistics

Language: English

Alternative title: Inheritance Tax: Other analyses",https://data.gov.uk/dataset/927254d3-36a2-42c2-aa47-a4ce85e9d625,data.gov.uk,ogl-3.0,explicit,,[],general,2026-10-07T21:30:32.051718+00:00
Innovation Map,All cumulative monthly Innovate UK public data geomapped -  includes some high level graphs.,https://data.gov.uk/dataset/11c09dbc-ee96-4ae8-b844-bfedd6d9ec42,data.gov.uk,ogl-3.0,explicit,,[],general,2026-10-07T21:30:32.051718+00:00
Input-Output Analytical Tables,"Input-Output (I-O) Analytical Tables are derived from the annual Input-Output Supply and Use Tables (SUTs).

Source agency: Office for National Statistics

Designation: National Statistics

Language: English

Alternative title: I-O",https://data.gov.uk/dataset/c5dfe0cc-d2ab-4d08-9651-04abf0bd5179,data.gov.uk,ogl-3.0,explicit,,[],general,2026-10-07T21:30:32.051718+00:00
Insolvency service Q3 21/22,Insolvency service Q3 21/22 SCS and junior data.,https://data.gov.uk/dataset/c24c3fc5-6d21-4c77-a738-d3f6a37a650c,data.gov.uk,cc-by,explicit,,[],general,2026-10-07T21:30:32.051718+00:00
Insurance Premium Tax Bulletin,"Produced monthly by HM Revenue & Customs. Provides details of the amount of standard and higher rate tax declared each month and the value of revenue collected.

Source agency: HM Revenue and Customs

Designation: National Statistics

Language: English

Alternative title: Indirect Tax",https://data.gov.uk/dataset/42c207ec-85fd-4933-b039-e7ada7e46f78,data.gov.uk,ogl-3.0,explicit,,[],general,2026-10-07T21:30:32.051718+00:00
International Compendium,"Comparison of UK and international statistics using data from ONS and international organisations such as OECD and Eurostat.

Source agency: Office for National Statistics

Designation: Supporting material

Language: English

Alternative title: International Comparisons",https://data.gov.uk/dataset/bb7f4a09-9182-4955-bfd4-f1f9a14e0315,data.gov.uk,ogl-3.0,explicit,,[],general,2026-10-07T21:30:32.051718+00:00
International e-Commerce Benchmarking,"International e-Commerce Benchmarking

Source agency: Office for National Statistics

Designation: Supporting material

Language: English

Alternative title: e-Commerce",https://data.gov.uk/dataset/9ffc56a9-db53-419d-b769-9531835d9e6a,data.gov.uk,ogl-3.0,explicit,,[],general,2026-10-07T21:30:32.051718+00:00
International exports of services from subnational areas of Great Britain,Experimental estimated values of exports of services for 2016 for NUTS2 and NUTS3 geographies as well as 15 joint authorities of Great Britain.,https://data.gov.uk/dataset/337aab89-7a30-437e-8d5d-017727ddff60,data.gov.uk,cc-by,explicit,,[],general,2026-10-07T21:30:32.051718+00:00
Introducing New Labour Productivity Statistics,"This article will describe current productivity outputs and describe key features of a new system and next steps for productivity statistics.

Source agency: Office for National Statistics

Designation: Supporting material

Language: English

Alternative title: Introducing New Labour Productivity Statistics",https://data.gov.uk/dataset/d1b4f594-e1f0-4ff5-b8a7-1764391d609e,data.gov.uk,ogl-3.0,explicit,,[],general,2026-10-07T21:30:32.051718+00:00
Introducing the new CPIH measure of Consumer Price Inflation,"This article describes CPIH - the new, additional measure of Consumer Price Inflation including owner occupiers' housing costs (OOH). The rental equivalence approach is used to measure OOH. The accompanying Excel file includes a back series for CPIH from 2005 to 2012.

Source agency: Office for National Statistics

Designation: National Statistics

Language: English

Alternative title: New CPIH measure of Consumer Price Inflation",https://data.gov.uk/dataset/2c740bb0-deb5-4f69-8493-2a5b9c0c03f3,data.gov.uk,ogl-3.0,explicit,,[],general,2026-10-07T21:30:32.051718+00:00
Invest NI Performance Data: Constituency Level,"This data provides a regional breakdown of Invest NI's performance information by the 18 parliamentary constituency areas. The period under review is 1st April 2011 to 31st March 2016. 
",https://data.gov.uk/dataset/7c28155a-d4fc-4cb1-ae82-33ebd9e183e7,data.gov.uk,ogl-3.0,explicit,,[],general,2026-10-07T21:30:32.051718+00:00
Ipswich Borough Council/Absence - Days Lost Per FTE,"This shows the working days lost by Ipswich Borough Council employees due to sickness absence per FTE (Full Time Equivalent)
",https://data.gov.uk/dataset/d416b574-40f9-435c-a425-e5c41e5325f8,data.gov.uk,ogl-3.0,explicit,,[],general,2026-10-07T21:30:32.051718+00:00
Labour Market Guidance,"Guidance relating to labour market statistics is available here.

Source agency: Office for National Statistics

Designation: Supporting material

Language: English

Alternative title: LM Guidance",https://data.gov.uk/dataset/ef320082-9c2d-4b81-96c0-034154102a21,data.gov.uk,ogl-3.0,explicit,,[],general,2026-10-07T21:30:32.051718+00:00
Landfill Tax Bulletin,"Monthly statistics on Landfill Tax receipts, liabilities and tonnage for the UK.

Source agency: HM Revenue and Customs

Designation: National Statistics

Language: English

Alternative title: Landfill Tax Bulletin",https://data.gov.uk/dataset/512c9e71-14f3-49d2-84fa-b7e0b8e9015e,data.gov.uk,ogl-3.0,explicit,,[],general,2026-10-07T21:30:32.051718+00:00
Liable and Non-liable UK Property Transactions,"Quarterly estimates of the number of UK property transactions by liability to stamp duty valued at £40,000 and above. Previously listed under 'Revenue-based Taxes and Benefits: Property Transactions'.

Source agency: HM Revenue and Customs

Designation: National Statistics

Language: English

Alternative title: Liable and Non-liable UK Property Transactions",https://data.gov.uk/dataset/fb4d4e43-2f0d-4ba1-98b4-61d2629b00d0,data.gov.uk,ogl-3.0,explicit,,[],general,2026-10-07T21:30:32.051718+00:00
List of BIS partners,List of BIS partners,https://data.gov.uk/dataset/33e60956-a1e0-4516-95b4-1fa7a576f052,data.gov.uk,ogl-3.0,explicit,,[],general,2026-10-07T21:30:32.051718+00:00
Local Authority Council Tax Base for England,Local Authority Council Tax Base for England,https://data.gov.uk/dataset/0a5e2c1e-5157-49d3-8078-ce684677a575,data.gov.uk,ogl-3.0,explicit,,[],general,2026-10-07T21:30:32.051718+00:00
Local authorities Borrowing and Investments,"Breakdown of Borrowing and Investments by type and Local Authority.

Source agency: Communities and Local Government

Designation: Official Statistics not designated as National Statistics

Language: English

Alternative title: Local government borrowing and investment statistics",https://data.gov.uk/dataset/fa8ef71b-c6c0-4853-9165-d873f6897418,data.gov.uk,ogl-3.0,explicit,,[],general,2026-10-07T21:30:32.051718+00:00
MAAST Supplementary Data Tables,"Contains estimates of government deficit and debt data submitted biannually to the European Commission by ONS in accordance with the protocol on the Excessive Deficit Procedure (EDP), annexed to the Maastricht Treaty.
Source agency: Office for National Statistics
Designation: National Statistics
Language: English
Alternative title: Debit and Deficit",https://data.gov.uk/dataset/a355594e-bc06-4cf1-a978-e0e7473efb78,data.gov.uk,ogl-3.0,explicit,,[],general,2026-10-07T21:30:32.051718+00:00
Medium Term Savings,Details of Warwickshire County Council's medium terms savings.,https://data.gov.uk/dataset/0242081f-10af-445d-88b1-2661815f75a3,data.gov.uk,ogl-3.0,explicit,,[],general,2026-10-07T21:30:32.051718+00:00
Mergers and Acquisitions involving UK companies,"Latest data on domestic and overseas acquisitions, disposals and mergers.
Source agency: Office for National Statistics
Designation: National Statistics
Language: English
Alternative title: Mergers and Acquisitions involving UK companies",https://data.gov.uk/dataset/6e6efdeb-026f-460c-85e6-41e195fb946e,data.gov.uk,ogl-3.0,explicit,,[],general,2026-10-07T21:30:32.051718+00:00
Metalworking machine tools,"Output of UK-based manufacturers.

Source agency: Office for National Statistics

Designation: Official Statistics not designated as National Statistics

Language: English

Alternative title: MWMT",https://data.gov.uk/dataset/719b091f-0ea5-448e-bc2a-1abb45db4b51,data.gov.uk,ogl-3.0,explicit,,[],general,2026-10-07T21:30:32.051718+00:00
Microdata perspectives on the UK productivity conundrum,"The Paper will  look at the productivity conundrum from the Microdata perspective.

Source agency: Office for National Statistics

Designation: Official Statistics not designated as National Statistics

Language: English

Alternative title: Microdata perspectives on the UK productivity conundrum",https://data.gov.uk/dataset/920cf70d-d280-4af4-9918-4a1164a1508b,data.gov.uk,ogl-3.0,explicit,,[],general,2026-10-07T21:30:32.051718+00:00
Mid Suffolk District Council/Headcount & Turnover,"Headcount & Turnover
",https://data.gov.uk/dataset/756457e1-9e6a-457b-b10a-8771d83de4f3,data.gov.uk,ogl-3.0,explicit,,[],general,2026-10-07T21:30:32.051718+00:00
Mineral Extraction in Great  Britain,"Information covering all mines and quarries, except deep mined coal, for mineral extraction in Great Britain.

Source agency: Office for National Statistics

Designation: National Statistics

Language: English

Alternative title: PA1007",https://data.gov.uk/dataset/c632a850-801f-48f6-8889-1ffeac91b104,data.gov.uk,ogl-3.0,explicit,,[],general,2026-10-07T21:30:32.051718+00:00
Mineral Extraction in Great Britain,"Information covering all mines and quarries, except deep mined coal, for mineral extraction in Great Britain.

Source agency: Office for National Statistics

Designation: National Statistics

Language: English

Alternative title: PA1007",https://data.gov.uk/dataset/beee5219-28db-48ab-b19f-3f06d400d0d9,data.gov.uk,ogl-3.0,explicit,,[],general,2026-10-07T21:30:32.051718+00:00
Modelling a Back Series for the Consumer Price Index,"The release includes an article which presents a method used to estimate a CPI series back to 1950. In addition the estimated series are provided at the all-items and two-digit CPI levels.

Source agency: Office for National Statistics

Designation: Supporting material

Language: English

Alternative title: Modelling a Back Series for the Consumer Price Index",https://data.gov.uk/dataset/a9ad352c-5af7-42d2-9148-aa4db50b17fe,data.gov.uk,ogl-3.0,explicit,,[],general,2026-10-07T21:30:32.051718+00:00
Mortgage Rescue Scheme Monitoring Statistics,"Statistics about the number of households that approached local authorities with mortgage difficulties and applications and acceptances for the Mortgage Rescue Scheme.
This is the final publication of Mortgage Rescue Scheme monitoring statistics as reported by local authorities.",https://data.gov.uk/dataset/641640b9-ccb1-4ac2-9f39-7e53ad1a901f,data.gov.uk,ogl-3.0,explicit,,[],general,2026-10-07T21:30:32.051718+00:00
Multi-factor Productivity (experimental),"Using a growth accounting framework, growth in output can be decomposed into the relative contributions of capital and labour inputs (in terms of both quantity and composition) as well as a residual component known as multi-factor productivity (MFP) or disembodied technical change.

Source agency: Office for National Statistics

Designation: Experimental Official Statistics

Language: English

Alternative title: MFP",https://data.gov.uk/dataset/e3d5eb5e-1d4a-493a-9185-e86442c93683,data.gov.uk,ogl-3.0,explicit,,[],general,2026-10-07T21:30:32.051718+00:00
NI 183 - Impact of Local Authority trading standards services on the fair trading environment,Number of incidences of unfair trading.,https://data.gov.uk/dataset/caddbe27-bb70-4ca3-ae93-957883c2a341,data.gov.uk,ogl-3.0,explicit,,[],general,2026-10-07T21:30:32.051718+00:00
NNDR New Liabilities 2016/2017,NNDR New Liabilities 2017,https://data.gov.uk/dataset/14a05e0d-763e-4736-8195-4bb025a618e7,data.gov.uk,ogl-3.0,explicit,,[],general,2026-10-07T21:30:32.051718+00:00
NNDR New Liabilities 2017/2018,NNDR New Liabilities 2017/2018,https://data.gov.uk/dataset/7910ad49-7dd4-4bff-bc61-925ffe79f3e9,data.gov.uk,ogl-3.0,explicit,,[],general,2026-10-07T21:30:32.051718+00:00
National Living Wage and National Minimum Wage: government evidence on compliance & enforcement,"This report looks at the government’s evidence and analysis on the enforcement of National Minimum Wage and National Living Wage. This evidence helps monitor, evaluate and review minimum wage compliance and enforcement. It also has our response to the 2020 Low Pay Commission recommendations.   This evidence covers: 
estimated non-compliance with the minimum wage
routes to HMRC enforcement
enforcement operations
enforcement statistics",https://data.gov.uk/dataset/13fafba9-f076-4d89-8f35-f8e9db8e1e72,data.gov.uk,ogl-3.0,explicit,,[],general,2026-10-07T21:30:32.051718+00:00
National Savings and Investments non-consolidated performance payments data,National Savings and Investments non-consolidated performance payment data in 2010/11.,https://data.gov.uk/dataset/e3d0a8fc-1e50-4b0f-8dba-abed2c4ce163,data.gov.uk,ogl-3.0,explicit,,[],general,2026-10-07T21:30:32.051718+00:00
National Statistics Quality Review,"A series of in-depth methodological reviews.  NSQRs complement existing quality assurance practices, providing an additional tool to make sure ONS methods are - and remain - fit for purpose.

Source agency: Office for National Statistics

Designation: Supporting material

Language: English

Alternative title: National Statistics Quality Review",https://data.gov.uk/dataset/1902dcfb-3cfb-40b3-82d9-e05a0b038a96,data.gov.uk,ogl-3.0,explicit,,[],general,2026-10-07T21:30:32.051718+00:00
National minimum wage: employed students and the accommodation offset. A consultation,Underlying data from the publication National minimum wage: employed students and the accommodation offset. A consultation. [URN 11/509],https://data.gov.uk/dataset/4006c3f9-cc71-465f-a577-769be1c53745,data.gov.uk,ogl-3.0,explicit,,[],general,2026-10-07T21:30:32.051718+00:00
Net current expenditure data on a non-FRS17 basis: Highways Maintenance in England,"Net current expenditure for Highways Maintenance in England. Data on a non-FRS17 accounting basis.

Source agency: Communities and Local Government

Designation: Official Statistics not designated as National Statistics

Language: English

Alternative title: non-FRS17 data",https://data.gov.uk/dataset/ee993ccb-2cdf-411b-a014-5ea0176d6eea,data.gov.uk,ogl-3.0,explicit,,[],general,2026-10-07T21:30:32.051718+00:00
New Insurance Data and Methods (1997-2008),"This article illustrates the key areas of change that the new insurance estimates affect within the UK National Accounts.

Source agency: Office for National Statistics

Designation: National Statistics

Language: English

Alternative title: New Insurance Data and Methods (1997-2008)",https://data.gov.uk/dataset/6a09ab27-416a-4948-ac5c-121c723e87e9,data.gov.uk,ogl-3.0,explicit,,[],general,2026-10-07T21:30:32.051718+00:00
New Liabilities - NNDR 2014/2015,New NNDR Accounts 2015/2015,https://data.gov.uk/dataset/e74f0b63-a732-45fa-8679-3e2db44652eb,data.gov.uk,ogl-3.0,explicit,,[],general,2026-10-07T21:30:32.051718+00:00
New Liabilities - NNDR 2015/2016,New NNDR Accounts 2015/2016 ,https://data.gov.uk/dataset/4c0fe308-5093-41e3-bca5-bc120c2d154a,data.gov.uk,ogl-3.0,explicit,,[],general,2026-10-07T21:30:32.051718+00:00
Non Housing Council Property Assests,"List of non Housing Council Property Assets as of Nov 2012 - this list includes Voluntary Aided Schools which are supported, but not owned, by the Council (updated annually)",https://data.gov.uk/dataset/eaab169a-bbb1-4d19-adc4-036011da7ade,data.gov.uk,ogl-3.0,explicit,,[],general,2026-10-07T21:30:32.051718+00:00
Non consolidated performance pay Charity Commission,Yearly Data on non-consolidated performance-related payments in the Charity Commisson.,https://data.gov.uk/dataset/46438cde-fcc0-4671-b4f9-0d1541e52cba,data.gov.uk,ogl-3.0,explicit,,[],general,2026-10-07T21:30:32.051718+00:00
Non-consolidated Performance Related Pay - Defra,"Publication of information on Non-consolidated Performance Related Pay data for departments and their agencies from performance year 2010-11

Previous publications can be found via the link below:

http://data.gov.uk/dataset/performance-related-pay-defra
",https://data.gov.uk/dataset/0b4ec822-edc8-430b-ac2b-0756b51cb6ef,data.gov.uk,ogl-3.0,explicit,,[],general,2026-10-07T21:30:32.051718+00:00
North of Tyne Local Nature Recovery Strategy - Opportunities in the Wider Countryside,"For the Local Nature Recovery Strategy (LNRS) which was adopted in March 2026. This layer represents opportunities for nature recovery within the wider countryside, outside of the measures in Stage 5.

The LNRS identifies a series of measures which represent our highest priorities for action and form the core of this strategy. We know some of the important activity that can be, and is being, undertaken in the wider countryside in the North of Tyne area. Actions to benefit wildlife can and are being undertaken outside of these measures. Measures – both mapped and unmapped – represent our highest priorities. Such actions, although not an immediate priority in terms of this Strategy, can still represent a meaningful and necessary contribution to nature recovery and to the environment more widely. The aim of the documents are to suggest opportunities for nature recovery relevant to that location / area. Our focus is particularly on the farmed and afforested landscapes.

This dataset is based on the National Character Areas (NCAs), plus the marine area. Each NCA is defined by a combination of landscape, biodiversity, geodiversity, history and cultural and economic characteristics which have shaped the landscape over time. The North of Tyne contains 11 specific NCAs, five of which lie wholly within our area. These are:

* Border Moors and Forests
* Cheviots
* Cheviot Fringe
* North Northumberland Coastal Plain – part
* Northumberland Sandstone Hills
* Mid Northumberland
* Tyne Gap and Hadrian’s Wall – part
* North Pennines – part
* South East Northumberland Coastal Plain
* Tyne and Wear Lowlands – part
* Durham Coalfield Pennine Fringe – part

Attribution: © Natural England copyright. Contains Ordnance Survey data © Crown copyright and database right 2026. Contains both Ordnance Survey and ONS Intellectual Property Rights. © 2015 Getmapping plc and Bluesky International Ltd. © Ancient Tree Hunt. © and database right Crown copyright and Landmark Information Group Ltd. All rights reserved 2026. © Bluesky International Limited 2021 and onwards. © Bluesky International Limited and Getmapping Limited 1999-2020. © Carlos Bedson & Manchester Metropolitan University 2019. © Crown copyright and database right 2026 Ordnance Survey 100021242. © Crown Copyright and Database Rights 2023 AC0000807064. © Crown Copyright and database rights 2023-2026. Ordnance Survey AC0000851168 © Crown Copyright, courtesy Forestry England 2026, licensed under the Open Government Licence. © Crown Copyright. © Department for Energy Security and Net Zero. © Environment Agency copyright and/or database right 2015-2026. All rights reserved. © Environment Agency. © Forest Commission. © Forestry Commission copyright and/or database right 2022-2026. All rights reserved. © Natural England 2024-2026 © Northumberland Inshore Fisheries and Conservation Authority. © OpenStreetMap 2024. © Rural Payments Agency 2022. © Rural Payments Agency. © UK Centre for Ecology & Hydrology. © Viridian Logic Limited. © Woodland Trust. AECOM. British Geological Survey materials © UKRI 2016. Contains data provided by Environmental Records Information Centre NE. Contains modified Copernicus Sentinel data 2024. Contains National Statistics data © Crown copyright and database rights 2026. Contains Ordnance Survey data © Crown copyright and database right 2022-2026. Contains public sector information licensed under the Open Government Licence v3.0. Contains, or is based on, information supplied by the Forestry Commission. Dr Janet Simkin. HadUK-Grid data © Met Office 2018. Map services and data available from U.S. Geological Survey, National Geospatial Program. Meg Bamford. Modified Copernicus Climate Change Service information 2023. Modified Copernicus Sentinel data 2023. National Plant Monitoring Scheme and survey data (2015-2023) organised and funded by the UKCEH, BSBI, Plantlife and JNCC, indebted to all volunteers who contribute data to the scheme. National Trust. Natural En",https://data.gov.uk/dataset/f5db4e3c-79b8-4bdf-a59b-b8fb4f2b4ceb,data.gov.uk,ogl-3.0,explicit,,[],general,2026-10-07T21:30:19.050446+00:00
North of Tyne Local Nature Recovery Strategy - Stage 5,"For the Local Nature Recovery Strategy (LNRS) which was adopted in March 2026. This data forms the Stage 5 mapping which identifies “Areas that could become of particular importance”, or ACIBs, otherwise known as ""measures"".

Attribution: © 2015 Getmapping plc and Bluesky International Ltd. © Ancient Tree Hunt. © and database right Crown copyright and Landmark Information Group Ltd. All rights reserved 2026. © Bluesky International Limited 2021 and onwards. © Bluesky International Limited and Getmapping Limited 1999-2020. © Carlos Bedson & Manchester Metropolitan University 2019. © Crown copyright and database right 2026 Ordnance Survey 100021242. © Crown Copyright and Database Rights 2023 AC0000807064. © Crown Copyright and database rights 2023-2026. Ordnance Survey AC0000851168 © Crown Copyright, courtesy Forestry England 2026, licensed under the Open Government Licence. © Crown Copyright. © Department for Energy Security and Net Zero. © Environment Agency copyright and/or database right 2015-2026. All rights reserved. © Environment Agency. © Forest Commission. © Forestry Commission copyright and/or database right 2022-2026. All rights reserved. © Marine Management Organisation copyright and/or database right 2024. All rights reserved. © Natural England 2024-2026 © Northumberland Inshore Fisheries and Conservation Authority. © OpenStreetMap 2024. © Rural Payments Agency 2022. © Rural Payments Agency. © UK Centre for Ecology & Hydrology. © Viridian Logic Limited. © Woodland Trust. AECOM. British Geological Survey materials © UKRI 2016. Contains data provided by Environmental Records Information Centre NE. Contains modified Copernicus Sentinel data 2024. Contains National Statistics data © Crown copyright and database rights 2026. Contains Ordnance Survey data © Crown copyright and database right 2022-2026. Contains public sector information licensed under the Open Government Licence v3.0. Contains, or is based on, information supplied by the Forestry Commission. Dr Janet Simkin. HadUK-Grid data © Met Office 2018. Map services and data available from U.S. Geological Survey, National Geospatial Program. Meg Bamford. Modified Copernicus Climate Change Service information 2023. Modified Copernicus Sentinel data 2023. National Plant Monitoring Scheme and survey data (2015-2023) organised and funded by the UKCEH, BSBI, Plantlife and JNCC, indebted to all volunteers who contribute data to the scheme. National Trust. Natural England Licence No. 2011/052 British Geological Survey © NERC. All rights reserved. NERC EDS Environmental Information Data Centre. North Pennines National Landscape. Northumberland Peat Partnership. Northumberland Wildlife Trust. Office for National Statistics licensed under the Open Government Licence v.3.0. Soils Data © Cranfield University (NSRI) and for the Controller of HMSO 2005. UK Ministry of Defence © Crown copyright 2026. Walk Wheel Cycle Trust (formerly Sustrans) National Cycle Network data contains Ordnance Survey data (© Crown copyright and database rights (2018)). Wildlands Research Ltd.",https://data.gov.uk/dataset/77e8f9eb-f05e-4d5b-9575-47e70290865b,data.gov.uk,ogl-3.0,explicit,,[],general,2026-10-07T21:30:19.050446+00:00
Northern Ireland Construction Bulletin,"This Bulletin provides a measure of the value of construction output in Northern Ireland.

Source agency: Northern Ireland Statistics and Research Agency

Designation: National Statistics

Language: English

Alternative title: Northern Ireland Construction Bulletin",https://data.gov.uk/dataset/06e7c503-9c78-4bc1-bc03-f6f79b6fbe74,data.gov.uk,ogl-3.0,explicit,,[],general,2026-10-07T21:30:32.051718+00:00
OGEL Checker,OGEL Checker is a web-based search tool designed to help exporters decide if they might be able to use an Open General Export Licence (OGEL).,https://data.gov.uk/dataset/991b819f-8463-4312-b89d-5fcaf5fa8d8f,data.gov.uk,ogl-3.0,explicit,,[],general,2026-10-07T21:30:32.051718+00:00
Occupational Pension Scheme Survey annual report,"The annual report of the OPSS provides a detailed view of the nature of occupational pension provision in the UK, including estimates of pension scheme membership and contributions.

Source agency: Office for National Statistics

Designation: National Statistics

Language: English

Alternative title: OPSS",https://data.gov.uk/dataset/2ed27846-c222-4675-b2c6-77b7d7492bff,data.gov.uk,ogl-3.0,explicit,,[],general,2026-10-07T21:30:32.051718+00:00
Occupational Pension Schemes Survey,"Results from the Occupational Pension Schemes Survey (OPSS) provide a detailed view of the nature of occupational pension provision in the UK. This release provides summary data on membership of schemes and contributions paid.

Source agency: Office for National Statistics

Designation: National Statistics

Language: English

Alternative title: OPSS",https://data.gov.uk/dataset/e9eec163-ee48-436a-aed6-8039efb6f62a,data.gov.uk,ogl-3.0,explicit,,[],general,2026-10-07T21:30:32.051718+00:00
Occupational Pension Schemes Survey short stories,"OPSS provides a detailed view of the nature of occupational pension provision in the UK.

Source agency: Office for National Statistics

Designation: National Statistics

Language: English

Alternative title: OPSS",https://data.gov.uk/dataset/c31a20e5-7913-4857-afed-4d3fe04594bd,data.gov.uk,ogl-3.0,explicit,,[],general,2026-10-07T21:30:32.051718+00:00
"One-in, one-out: statement of new regulation","Underlying data for the publication of One-in, One-out: Statement of New Regulation [URN 11/P96A + 11/P96B + 12/P96A]",https://data.gov.uk/dataset/caa3b30b-90cf-4803-971b-19fbdd81bdf0,data.gov.uk,ogl-3.0,explicit,,[],general,2026-10-07T21:30:32.051718+00:00
Organogram of Staff Roles & Salaries,"Organogram (organisation chart) showing all staff roles. Names and salaries are also listed for the Senior Civil Servants.

Organogram data is released by all central government departments and their agencies since 2010. Snapshots for 31st March and 30th September are published by 6th June and 6th December each year. The published data is validated and released in CSV format and OGL-licensed for reuse. For more information about this series, see: http://guidance.data.gov.uk/organogram-data.html",https://data.gov.uk/dataset/e09681ea-9a88-4ad9-b0a4-f1e70a35d655,data.gov.uk,ogl-3.0,explicit,,[],general,2026-10-07T21:30:19.050446+00:00
Output Areas (OA) Boundaries,"Digital OA boundaries (map files) in formats: Shapefile, KML, GeoJSON, WMS or WFS formats.

Source: Office for National Statistics (ONS)

Geographies: Output Area (OA)

Geographic coverage: England and Wales

Type of data: Administrative data",https://data.gov.uk/dataset/0bf536b7-466f-4e6b-a515-751903972dcf,data.gov.uk,ogl-3.0,explicit,,[],general,2026-10-07T21:30:32.051718+00:00
Owner Occupied Housing costs using the Net Acquisitions approach,Owner Occupied Housing costs using the Net Acquistions approach,https://data.gov.uk/dataset/9ffed931-fe84-4187-ba04-83ebdac458da,data.gov.uk,ogl-3.0,explicit,,[],general,2026-10-07T21:30:32.051718+00:00
Ownership of R&D Assets,"This release will test the long held assumption that funders of research and development are also the owners of any resulting asset, using the results from a pioneering question added to Gross Expenditure on Research and Development surveys.  The paper will then suggest how R&D capital should be allocated across industrial sectors.

Source agency: Office for National Statistics

Designation: Supporting material

Language: English

Alternative title: Ownership of R&D Assets",https://data.gov.uk/dataset/f127e3a4-ab56-466e-b78d-c569824a4a0a,data.gov.uk,ogl-3.0,explicit,,[],general,2026-10-07T21:30:32.051718+00:00
PSA indicators for England: 1970 to 2008,PSA indicators for England: 1970 to 2008,https://data.gov.uk/dataset/d8256e70-f108-4c52-a329-dc422c8beacd,data.gov.uk,ogl-3.0,explicit,,[],general,2026-10-07T21:30:32.051718+00:00
Payroll Giving,"Provides annual information on the number of donors, amounts donated and cost of relief for the payroll giving scheme. Previously listed under 'Revenue-based Taxes and Benefits: Charitable donations and tax relief'.

Source agency: HM Revenue and Customs

Designation: National Statistics

Language: English

Alternative title: Payroll Giving",https://data.gov.uk/dataset/ec928483-5287-4d99-8fe8-c76d05ce752f,data.gov.uk,ogl-3.0,explicit,,[],general,2026-10-07T21:30:32.051718+00:00
Pensions in the National Accounts,"A series of methodology articles describing work to compile the pensions supplementary table for the National Accounts, part of preparation for ESA2010

Source agency: Office for National Statistics

Designation: Supporting material

Language: English

Alternative title: Pensions in the National Accounts",https://data.gov.uk/dataset/0a90789c-0182-4ae2-80a5-96e0620bf4cb,data.gov.uk,ogl-3.0,explicit,,[],general,2026-10-07T21:30:32.051718+00:00
Pensions methodology,"Articles relating to pensions methodology

Source agency: Office for National Statistics

Designation: Supporting material

Language: English

Alternative title: Pensions methodology",https://data.gov.uk/dataset/1532cc1e-e218-4d32-ac04-59b01f83f6bb,data.gov.uk,ogl-3.0,explicit,,[],general,2026-10-07T21:30:32.051718+00:00
Pensions short stories,"A range of pensions short stories, information notices and summaries, designed to be topical and to respond quickly to new developments.
Source agency: Office for National Statistics
Designation: Official Statistics not designated as National Statistics
Language: English
Alternative title: Pensions short stories, information notes and summaries",https://data.gov.uk/dataset/185b343b-b196-4eb8-baae-e19f8e98bf84,data.gov.uk,ogl-3.0,explicit,,[],general,2026-10-07T21:30:32.051718+00:00
Pet shops,<p>Pet shops licensed under the Pet Animals Act 1951</p>,https://data.gov.uk/dataset/d56091a7-ef2d-461c-b0aa-125f100cd850,data.gov.uk,ogl-3.0,explicit,,[],general,2026-10-07T21:30:32.051718+00:00
Peterborough City Council - Firework licence holders,Peterborough City Council firework licence-registration holders - type 3 and 4 explosives,https://data.gov.uk/dataset/e91059b9-aa51-4e82-a3b0-7a6e38da9e2d,data.gov.uk,ogl-3.0,explicit,,[],general,2026-10-07T21:30:32.051718+00:00
Petrol and diesel prices,"Weekly average UK prices of unleaded petrol and diesel

Accredited Official Statistics",https://data.gov.uk/dataset/21db6396-3daf-4d90-8b3f-054995256018,data.gov.uk,ogl-3.0,explicit,,[],general,2026-10-07T21:30:32.051718+00:00
Planning - Commercial and Industrial Floorspace and Rateable Value Statistics,Planning - Live tables on Commercial and Industrial Floorspace and Rateable Value Statistics,https://data.gov.uk/dataset/7fd13384-e25e-45c7-b774-fa3d3ae85712,data.gov.uk,ogl-3.0,explicit,,[],general,2026-10-07T21:30:32.051718+00:00
Post: residential tracker,"Data collected from annual research on UK consumers about the postal service. Provides data on residential consumers’ use of post, including quantities of letters and parcels sent and received, and their attitudes to the postal services.

",https://data.gov.uk/dataset/a633e4e2-49dc-4cf1-8dd8-4a681a92dc66,data.gov.uk,ogl-3.0,explicit,,[],general,2026-10-07T21:30:32.051718+00:00
Postal volumes and revenues,"UK postal market volumes and revenues, covering letters and parcels. The data are sourced from information requests made by Ofcom under its statutory powers, information provided by Royal Mail as part of Ofcom's monitoring programme, and information that is publicly available on Royal Mail's website (e.g.price information).",https://data.gov.uk/dataset/609ff7ed-d5db-477e-96f5-bb8531bf51ff,data.gov.uk,ogl-3.0,explicit,,[],general,2026-10-07T21:30:32.051718+00:00
Postcode Property Count Northumberland,Postcodes within Northumberland with respective totals for both Residential and Commercial Properties.,https://data.gov.uk/dataset/303e5ce3-7d2c-4045-93a9-b7251b539f07,data.gov.uk,ogl-3.0,explicit,,[],general,2026-10-07T21:30:32.051718+00:00
Premises Licences Carlisle City Council,Premises Licences at Carlisle City Council,https://data.gov.uk/dataset/d1d9bace-13bc-47a9-b3a6-4a8c262a6382,data.gov.uk,ogl-3.0,explicit,,[],general,2026-10-07T21:30:32.051718+00:00
Private Non-Financial Corporations Sector Report,"A sector overview of Private Non-Financial Corporations (non-financial companies listed on the London Stock Exchange). Draws on various pieces of relevant data produced by the ONS for the appropriate quarter.

Source agency: Office for National Statistics

Designation: National Statistics

Language: English

Alternative title: Private Non-Financial Corporations Sector Report",https://data.gov.uk/dataset/1bd30e32-8a64-4567-ac94-c5ff296cc400,data.gov.uk,ogl-3.0,explicit,,[],general,2026-10-07T21:30:32.051718+00:00
Profitability of UK Companies,"Net rate of return on capital employed for UK PNFCs’ related to their UK operations.
Source agency: Office for National Statistics
Designation: National Statistics
Language: English
Alternative title: Profitability of UK Companies",https://data.gov.uk/dataset/03edfeb4-6e37-4afe-b082-f04f9f592c85,data.gov.uk,ogl-3.0,explicit,,[],general,2026-10-07T21:30:32.051718+00:00
Property prices,"Latest property prices Source: Land Registry
Publisher: Land Registry
Geographies: Local Authority District (LAD), Postcode
Geographic coverage: England
",https://data.gov.uk/dataset/366784ea-57b8-48b1-8d4a-b2e1a3e0383b,data.gov.uk,ogl-3.0,explicit,,[],general,2026-10-07T21:30:32.051718+00:00
Public Houses in the London Borough of Sutton,"Location, trading name and occupiers of Public Houses in the London Borough of Sutton. ",https://data.gov.uk/dataset/b1a53010-6fc3-4229-983e-e11e66e7a30f,data.gov.uk,ogl-3.0,explicit,,[],general,2026-10-07T21:30:32.051718+00:00
Public Sector Statistics,"Latest data on the Public Sector Net Borrowing, Net debt and the cash requirement.

Source agency: Office for National Statistics

Designation: National Statistics

Language: English

Alternative title: Public Sector Finance",https://data.gov.uk/dataset/546d00b0-f44a-4ea6-bf77-7dad9f64abd9,data.gov.uk,ogl-3.0,explicit,,[],general,2026-10-07T21:30:32.051718+00:00
Public Service Broadcasting Tracker,"The public service broadcasting tracking research survey covers UK adults' attitudes towards public service broadcasting on television, their satisfaction with PSB provision, and the importance to them of the characteristics associated with PSB provision in the UK.
",https://data.gov.uk/dataset/c51095c3-94b6-43a7-9765-33dfee04bc6c,data.gov.uk,ogl-3.0,explicit,,[],general,2026-10-07T21:30:32.051718+00:00
Public Service Productivity,"Output, Input, quality and productivity data for public services.

Source agency: Office for National Statistics

Designation: Official Statistics not designated as National Statistics

Language: English

Alternative title: Public Service Productivity",https://data.gov.uk/dataset/2f5ac9b7-702f-4b13-a84d-9e57ba523b1a,data.gov.uk,ogl-3.0,explicit,,[],general,2026-10-07T21:30:32.051718+00:00
Rebasing the Producer Price Index and Services Producer Price Index onto 2010=100,"This article outlines plans to rebase both the Producer Price Index and the Services Producer Price Index onto 2010=100 at the end of 2013.

Source agency: Office for National Statistics

Designation: National Statistics

Language: English

Alternative title: PPI",https://data.gov.uk/dataset/fe1acb42-8e38-4fa4-85e2-5b480aab7183,data.gov.uk,ogl-3.0,explicit,,[],general,2026-10-07T21:30:32.051718+00:00
Regional Consumer Price Levels,"Gives ONS' estimates of the relative differences in consumer prices between regions.

Source agency: Office for National Statistics

Designation: National Statistics

Language: English

Alternative title: CPI",https://data.gov.uk/dataset/63967158-8da5-4092-9ed4-4ea12762a4db,data.gov.uk,ogl-3.0,explicit,,[],general,2026-10-07T21:30:32.051718+00:00
Regional Gross Fixed Capital Formation (GFCF),"Estimates of sub-regional (NUTS2) Gross Fixed Capital Formation (GFCF) at current purchasers' prices by NUTS 1 and NUTS 2 areas, 1998 to 2000. Estimates were not produced for subsequent years.

Source agency: Office for National Statistics

Designation: Experimental Official Statistics

Language: English

Alternative title: Regional GFCF",https://data.gov.uk/dataset/df86893b-2d5a-4594-a0e9-0ae376accf76,data.gov.uk,ogl-3.0,explicit,,[],general,2026-10-07T21:30:32.051718+00:00
Regional Gross Value Added (Production approach),"Regional Gross Value Added (GVA) by the production approach: Current Price GVA estimates and Real GVA as Chained Volume Measures for NUTS1 and NUTS2 (1998-2011).
Source agency: Office for National Statistics
Designation: Experimental Official Statistics
Language: English
Alternative title: Regional GVA (P)",https://data.gov.uk/dataset/10ceb867-c765-4bb6-befa-8b367c419484,data.gov.uk,ogl-3.0,explicit,,[],general,2026-10-07T21:30:32.051718+00:00
Registry Trust CCJ Data,"Registry Trust Ltd was established in 1985 to maintain the only official statutory Register of Judgments, Orders, and Fines for England & Wales on behalf of the Ministry of Justice, and maintains similar Registers for Scotland, Northern Ireland, Republic of Ireland, Isle of Man, and Jersey by agreement with the relevant authorities.
Our data on monetary judgments (including CCJs) supports millions of lending and credit decisions in the British Isles & Ireland every year and can be used to identify trends, including the current economic and social realities for those in the most vulnerable situations. It even creates usable credit metrics through the absence of a judgment record.",https://data.gov.uk/dataset/4f2b1abf-4dcd-47f6-8b8b-5a2ec306e076,data.gov.uk,ogl-3.0,explicit,,[],general,2026-10-07T21:30:32.051718+00:00
Repayments of Tax to Charities,"Provides annual information on the repayments of tax and payments of tax credits to charities. Previously listed under 'Revenue-based Taxes and Benefits: Charitable donations and tax relief'.

Source agency: HM Revenue and Customs

Designation: National Statistics

Language: English

Alternative title: Repayments of Tax to Charities",https://data.gov.uk/dataset/2c4797e0-b912-4fc2-863c-97ebc91c1be6,data.gov.uk,ogl-3.0,explicit,,[],general,2026-10-07T21:30:32.051718+00:00
Research and Development Survey (Northern Ireland),"Information on the level of Research & Development (R&D) activity in Northern Ireland.

Source agency: Northern Ireland Statistics and Research Agency

Designation: National Statistics

Language: English

Alternative title: Research and Development Survey (Northern Ireland)",https://data.gov.uk/dataset/b4695e29-8dfe-4a8d-a5d6-86451137ebe5,data.gov.uk,ogl-3.0,explicit,,[],general,2026-10-07T21:30:32.051718+00:00
Research and Development Tax Credits,"Provides annual information about the uptake of R&D (Research & Development) tax credits, their cost, and the nature of the companies claiming them. Previously listed under 'Revenue-based Taxes and Benefits: Research and Development Tax Credits'.

Source agency: HM Revenue and Customs

Designation: National Statistics

Language: English

Alternative title: Research and Development Tax Credits",https://data.gov.uk/dataset/09a49a59-5cd5-4035-b520-fcca8db3f0ca,data.gov.uk,ogl-3.0,explicit,,[],general,2026-10-07T21:30:32.051718+00:00
Results from the Second Survey of Investment in Intangible Assets,"Article describing key findings from the second Survey of Investment in Intangible Assets.

Source agency: Office for National Statistics

Designation: Supporting material

Language: English

Alternative title: Results from the Second Survey of Investment in Intangible Assets",https://data.gov.uk/dataset/1d8ae935-ad63-4efc-abd2-00c78145097a,data.gov.uk,ogl-3.0,explicit,,[],general,2026-10-07T21:30:32.051718+00:00
Revenue-based Taxes and Benefits: Employee Share Schemes,"Provides general information on all HMRC taxes, including tax receipts, the number of taxpayers, personal tax credits, child benefit and estimates of the cost of tax expenditures and structural relief.

Source agency: HM Revenue and Customs

Designation: National Statistics

Language: English

Alternative title: Revenue Based Taxes",https://data.gov.uk/dataset/69e97232-a7da-48ea-830f-c8b8370ffdb0,data.gov.uk,ogl-3.0,explicit,,[],general,2026-10-07T21:30:32.051718+00:00
Revenue-based Taxes and Benefits: Inheritance Tax,"Provides general information on all HMRC taxes, including tax receipts, the number of taxpayers, personal tax credits, child benefit and estimates of the cost of tax expenditures and structural relief.

Source agency: HM Revenue and Customs

Designation: National Statistics

Language: English

Alternative title: Revenue Based Taxes",https://data.gov.uk/dataset/96948afc-a994-4b35-80db-3f69b3528498,data.gov.uk,ogl-3.0,explicit,,[],general,2026-10-07T21:30:32.051718+00:00
Revenue-based Taxes and Benefits: Personal Equity Plans,"Provides general information on all HMRC taxes, including tax receipts, the number of taxpayers, personal tax credits, child benefit and estimates of the cost of tax expenditures and structural relief.

Source agency: HM Revenue and Customs

Designation: National Statistics

Language: English

Alternative title: Revenue Based Taxes",https://data.gov.uk/dataset/de363fc9-bb0f-40c7-b9dd-cdeca3d02eee,data.gov.uk,ogl-3.0,explicit,,[],general,2026-10-07T21:30:32.051718+00:00
Revenue-based Taxes and Benefits: Personal and stakeholder pensions by tax year,"Provides general information on all HMRC taxes, including tax receipts, the number of taxpayers, personal tax credits, child benefit and estimates of the cost of tax expenditures and structural relief.

Source agency: HM Revenue and Customs

Designation: National Statistics

Language: English

Alternative title: Revenue Based Taxes",https://data.gov.uk/dataset/d347b58d-bf8c-46d0-a84d-15a56cbfc658,data.gov.uk,ogl-3.0,explicit,,[],general,2026-10-07T21:30:32.051718+00:00
Revenue-based Taxes and Benefits: Venture Capital Trusts,"Provides general information on all HMRC taxes, including tax receipts, the number of taxpayers, personal tax credits, child benefit and estimates of the cost of tax expenditures and structural relief.

Source agency: HM Revenue and Customs

Designation: National Statistics

Language: English

Alternative title: Revenue Based Taxes",https://data.gov.uk/dataset/da260e46-2707-4624-a5d5-862e934f53ee,data.gov.uk,ogl-3.0,explicit,,[],general,2026-10-07T21:30:32.051718+00:00
Review of hedonic quality adjustment in UK consumer price statistics and internationally,"Hedonic quality adjustment was first introduced in the Consumer Prices Index (CPI) in 2003 for PCs. Since then the use of hedonics has expanded in UK consumer price statistics to include a further five technology products; digital cameras, laptops, mobile phones, pay as you go phones, smartphones and tablet PCs. This article reviews the use of hedonic quality adjustment in consumer price indices in the UK and internationally. It also details the reasons for changing the method of quality adjustment for pay-as-you-go phones and digital cameras, from hedonic adjustment to class mean imputation, from March 2014 onwards.

Source agency: Office for National Statistics

Designation: National Statistics

Language: English

Alternative title: Review of hedonic quality adjustment",https://data.gov.uk/dataset/9f837ab0-4508-4f91-bd14-92b7b9674f1a,data.gov.uk,ogl-3.0,explicit,,[],general,2026-10-07T21:30:32.051718+00:00
Scientific Procedures on Living Animals,"Annual Statistics collected relating to Scientifiic procedures performed on living animals under the provisions of the Animals (Scientific Procedures) Act 1986, from licenses in accordance with section 21(7) of the Act.

Source agency: Home Office

Designation: National Statistics

Language: English

Alternative title: Scientific Procedures on Living Animals",https://data.gov.uk/dataset/235eda48-e95e-4af3-9168-c6dca97fe6fa,data.gov.uk,ogl-3.0,explicit,,[],general,2026-10-07T21:30:32.051718+00:00
"Scientific Procedures on Living Animals, Great Britain","Annual statistics relating to scientific procedures performed on living animals in accordance with the Animals (Scientific Procedures) Act 1986.

Source agency: Home Office

Designation: National Statistics

Language: English

Alternative title: Scientific Procedures on Living Animals Great Britain",https://data.gov.uk/dataset/93e7c1f2-82ac-4b42-80c6-c375c381f144,data.gov.uk,ogl-3.0,explicit,,[],general,2026-10-07T21:30:32.051718+00:00
Scottish Forestry Strategy Indicators,"Annual indicators for the Scottish Forestry Strategy

Source agency: Forestry Commission

Designation: Official Statistics not designated as National Statistics

Language: English

Alternative title: SFS Indicators",https://data.gov.uk/dataset/a5f0951a-4011-4649-9a51-2357b48113af,data.gov.uk,ogl-3.0,explicit,,[],general,2026-10-07T21:30:32.051718+00:00
Scottish Insolvencies,"Quarterly figures for personal insolvency, corporate insolvency, and Debt Payment Programmes under the Debt Arrangement Scheme

Source agency: Scottish Government

Designation: Official Statistics not designated as National Statistics

Language: English

Alternative title: Scottish Insolvencies",https://data.gov.uk/dataset/e94c0a10-4b21-467e-8d13-c230768ef22f,data.gov.uk,ogl-3.0,explicit,,[],general,2026-10-07T21:30:32.051718+00:00
Scottish Manufactured Exports,"Time series of exports from Scotland's manufacturing sector.

Source agency: Scottish Government

Designation: National Statistics

Language: English

Alternative title: Scottish Manufactured Exports",https://data.gov.uk/dataset/37556305-b1b0-4401-a938-f0329fd2e2c7,data.gov.uk,ogl-3.0,explicit,,[],general,2026-10-07T21:30:32.051718+00:00
Senior Manager Salaries,"Harrogate Borough Council is committed to providing information on pay arrangements for its employees in an open manner.  In accordance with the Government's Code of Recommended Practice for Local Authorities on Data Transparency the Council publishes information on all employees earning £58,200 or above.",https://data.gov.uk/dataset/2297cc05-8a99-4aa9-a0e3-d7428d444cbd,data.gov.uk,ogl-3.0,explicit,,[],general,2026-10-07T21:30:32.051718+00:00
Senior_Officials_Travel_Report_Q2_July_to_September_2013,"This report shows international travel undertaken by DECC Senior Officials at SCS2 (or equivalent) and above. The report includes bookings made through departments’ central booking systems. This will include the majority of travel undertaken. However, individuals may have booked a small number of journeys through other systems. Work is ongoing to ensure that this data is incorporated into future reports. 

Some data may have been redacted if it was deemed that publishing it could impact on national or personal security.",https://data.gov.uk/dataset/803590a1-a9ea-4086-98da-46823bfa53b8,data.gov.uk,ogl-3.0,explicit,,[],general,2026-10-07T21:30:19.050446+00:00
Service Lives of R&D Assets,"This suite of three articles will present ONS research into the useful life of R&D, which is due to be capitalised in the UK National Accounts from 2014.  It compares estimates made using new questions implemented on ONS R&D surveys to those derived from patent administration data.

Source agency: Office for National Statistics

Designation: Supporting material

Language: English

Alternative title: Service Lives of R&D Assets",https://data.gov.uk/dataset/c08c0460-53b8-4a76-ae26-ffdd616c6bb4,data.gov.uk,ogl-3.0,explicit,,[],general,2026-10-07T21:30:32.051718+00:00
Share Ownership,"The latest Share Ownership report gives details of beneficial ownership of UK listed companies as at 31 December. This is provided in terms of National Accounts classifications.

Source agency: Office for National Statistics

Designation: National Statistics

Language: English

Alternative title: share register survey",https://data.gov.uk/dataset/88b3f330-ea09-408b-b693-30006b5c08ac,data.gov.uk,ogl-3.0,explicit,,[],general,2026-10-07T21:30:32.051718+00:00
Sixth annual survey of knowledge transfer activities in public sector research establishments (PSREs),Results of the sixth (2008/09) annual survey of knowledge transfer activities in Public Sector Research Establishments (PSREs). It is based on the results of a questionnaire circulated to all PSREs. URN 11/451,https://data.gov.uk/dataset/2933c91a-b381-4879-8ed4-679215d8d5ea,data.gov.uk,ogl-3.0,explicit,,[],general,2026-10-07T21:30:32.051718+00:00
Social Action Fund grant recipients 2011-2013,"The Social Action Fund has been created to support the Government’s vision for a Big Society by funding proposals that will embed long term increases in giving either:
 •time - volunteering, time-banking; or,
 •resources - money, property, fixed assets or equipment.
 
The funding is enabling established and proven models of social action to scale up and grow, creating new opportunities for people across the country to make a difference in their communities.
 
Over £20 million has been awarded in total, delivered through two rounds. The dataset provides details of all organisations awarded funding through both rounds. The fund is managed by The Social Investment Business on behalf of the Cabinet Office.
",https://data.gov.uk/dataset/8fe97019-c53c-40be-85a6-5a40538f17fa,data.gov.uk,ogl-3.0,explicit,,[],general,2026-10-07T21:30:32.051718+00:00
Spend in The Pensions Ombudsman,"A monthly-updated list of the outgoings made by The Pensions Ombudsman, as part of the Government's commitment to transparency in expenditure.
",https://data.gov.uk/dataset/269cd0a2-9306-4a76-9dcb-aac914b6081d,data.gov.uk,ogl-3.0,explicit,,[],general,2026-10-07T21:30:32.051718+00:00
"Spend over £25,000 Technical Notes - out of date","DfE and Executive Agencies spend over £25,000 May 2012",https://data.gov.uk/dataset/679ad310-7691-41dc-886e-c1b704d30c1f,data.gov.uk,ogl-3.0,explicit,,[],general,2026-10-07T21:30:32.051718+00:00
"Spend over £25,000 in County Durham Primary Care Trust","A monthly-updated list of all financial transactions over £25,000 made by County Durham Primary Care Trust, as part of the Government's commitment to transparency in expenditure.",https://data.gov.uk/dataset/9c8e3c27-c4e3-466f-ab0a-3533c7f2b989,data.gov.uk,ogl-3.0,explicit,,[],general,2026-10-07T21:30:32.051718+00:00
"Spend over £25,000 in Darlington Primary Care Trust","A monthly-updated list of all financial transactions over £25,000 made by Darlington Primary Care Trust, as part of the Government's commitment to transparency in expenditure.",https://data.gov.uk/dataset/d1f40784-8e15-4933-a06b-78e085c1792c,data.gov.uk,ogl-3.0,explicit,,[],general,2026-10-07T21:30:32.051718+00:00
St Edmundsbury Borough Council/Headcount & Turnover,"Headcount & Turnover
",https://data.gov.uk/dataset/cf6667a7-4d50-4cc3-a273-8894282ef7b2,data.gov.uk,ogl-3.0,explicit,,[],general,2026-10-07T21:30:32.051718+00:00
Strategic Export Controls: Reports and Statistics Website,"An online database of export control licensing statistics issued by the Export Control Organisation. The database provides both bespoke and published quarterly and annual export licensing information, providing individuals and companies with background on export licensing decisions. 
",https://data.gov.uk/dataset/09f04a7a-706b-49eb-9b1d-95305f41024e,data.gov.uk,ogl-3.0,explicit,,[],general,2026-10-07T21:30:32.051718+00:00
Sub-national electricity consumption,"Estimates of electricity consumption at region and local authority levels in Great Britain.

Accredited Official Statistics
",https://data.gov.uk/dataset/480984d5-13d7-48b1-93c8-2a0871ef5543,data.gov.uk,ogl-3.0,explicit,,[],general,2026-10-07T21:30:32.051718+00:00
Sub-national gas consumption,"Estimates of gas consumption at region and local authority levels in Great Britain.

Accredited Official Statistics",https://data.gov.uk/dataset/eb8e6778-85de-47f8-ae5d-204bc5b4f2cd,data.gov.uk,ogl-3.0,explicit,,[],general,2026-10-07T21:30:32.051718+00:00
Suffolk Costal District Council/Headcount & Turnover,"Headcount & Turnover
",https://data.gov.uk/dataset/82847eb8-c2e2-48bf-b331-caf538b3cfed,data.gov.uk,ogl-3.0,explicit,,[],general,2026-10-07T21:30:32.051718+00:00
Tax Credits: Net payments,"Provides monthly and annual historical records on all HMRC Tax & NIC receipts, and Tax Credit payments. Previously listed under 'Revenue-based Taxes and Benefits: Personal Tax Credits'.

Source agency: HM Revenue and Customs

Designation: National Statistics

Language: English

Alternative title: Tax Credits: Net payments",https://data.gov.uk/dataset/f3ecb942-7483-4b18-b86a-dd6fd63d2b94,data.gov.uk,ogl-3.0,explicit,,[],general,2026-10-07T21:30:32.051718+00:00
Tax arrangement for off-payroll engagements - Home Office,"The Home Office submission to the government's review of tax arrangements of public sector appointees, including anonymysed details of off-payroll engagements worth more than £58,200 per annum.",https://data.gov.uk/dataset/f32b6708-ea5a-4791-b260-1fdf27792c26,data.gov.uk,ogl-3.0,explicit,,[],general,2026-10-07T21:30:32.051718+00:00
Tender Register,Tender Register as required by the Local Government Transparency Code 2014,https://data.gov.uk/dataset/22d9adef-28de-451a-bd15-07ad8415b77f,data.gov.uk,ogl-3.0,explicit,,[],general,2026-10-07T21:30:32.051718+00:00
TfGM Senior Employees,"Data contains details of TfGM’s senior employees, as required for publication to satisfy TfGM’s voluntary compliance with the Local Government Transparency Code 2015. (TfGM is not captured by the Code, but is choosing to publish in the spirit of the Code).

By downloading this dataset you are indicating your acceptance with the terms of the licence.

Please acknowledge the source of this information using the following attribution statement:

“Contains Transport for Greater Manchester data.”",https://data.gov.uk/dataset/c590d580-be61-4fbc-a2c7-7691404b2322,data.gov.uk,ogl-3.0,explicit,,[],general,2026-10-07T21:30:32.051718+00:00
The International Investment Position,"The UK's international investment position can be viewed as the balance sheet recording the UK's stock (or level) of foreign financial assets and liabilities at a specific point in time. The net international investment position is the difference between the stock of foreign financial assets and foreign liabilities at a particular date.

Source agency: Office for National Statistics

Designation: National Statistics

Language: English

Alternative title: IIP",https://data.gov.uk/dataset/d29c0ddc-faf4-4614-857d-aee4344bcf2f,data.gov.uk,ogl-3.0,explicit,,[],general,2026-10-07T21:30:32.051718+00:00
The National Balance Sheet,"The national balance sheet shows the market value of the financial and non-financial assets for the UK. As such they are a measure of the wealth of the UK.
Source agency: Office for National Statistics
Designation: National Statistics
Language: English
Alternative title: NBS",https://data.gov.uk/dataset/307d91d1-d014-43bc-bede-89325f7b865e,data.gov.uk,ogl-3.0,explicit,,[],general,2026-10-07T21:30:32.051718+00:00
The Non-Financial Balance Sheet,"The non-financial balance sheets show the market value of the non-financial assets and financial assets and liabilities in the UK. As such they are a measure of the wealth of the UK and show the net worth.

Source agency: Office for National Statistics

Designation: National Statistics

Language: English

Alternative title: The National Balance Sheet",https://data.gov.uk/dataset/f2e650cc-a863-4fe9-8f8b-975e17264cd9,data.gov.uk,ogl-3.0,explicit,,[],general,2026-10-07T21:30:32.051718+00:00
The Non-financial Balance Sheets,"This release has now been replaced by The National Balance Sheet - 2012 which also comes out 16 August. 


The national balance sheet shows the market value of the financial and non-financial assets for the UK. As such they are a measure of the wealth of the UK.

Source agency: Office for National Statistics

Designation: National Statistics

Language: English

Alternative title: The National Balance Sheets",https://data.gov.uk/dataset/898c1c54-8976-4ddd-992a-47dee33bc508,data.gov.uk,ogl-3.0,explicit,,[],general,2026-10-07T21:30:32.051718+00:00
Tobacco Duties Factsheet,"The factsheet contains historic series of the amounts of goods cleared, the amount of duty collected and taxation on tobacco in the UK.  The factsheet also provides information on tobacco duty rates for European Union Member States.

Source agency: HM Revenue and Customs

Designation: Official Statistics not designated as National Statistics

Language: English

Alternative title: Tobacco Duties Factsheet",https://data.gov.uk/dataset/62a7e873-2d56-4533-a9d8-5fb18a9cd02a,data.gov.uk,ogl-3.0,explicit,,[],general,2026-10-07T21:30:32.051718+00:00
Tobacco Duties Statistical Bulletin,"Monthly statistics on clearances of cigarettes & tobacco products and duty receipts for the UK.
Source agency: HM Revenue and Customs
Designation: National Statistics
Language: English
Alternative title: Tobacco Duties Bulletin",https://data.gov.uk/dataset/c20be4da-a47f-4de1-a074-f59bb3880fcb,data.gov.uk,ogl-3.0,explicit,,[],general,2026-10-07T21:30:32.051718+00:00
Trading Standards national performance framework data: results 2007/08,Trading Standards national performance framework data: results 2007/08 ,https://data.gov.uk/dataset/20af6327-57d6-4f08-bbe9-3994e252c04f,data.gov.uk,ogl-3.0,explicit,,[],general,2026-10-07T21:30:32.051718+00:00
Transparency Data Contracts,"Transparency Data for Contracts over £5,000. This information is provided as a live dataset in realtime.",https://data.gov.uk/dataset/8b35a2eb-7b48-4dd5-80a8-7c37609a8fcd,data.gov.uk,ogl-3.0,explicit,,[],general,2026-10-07T21:30:32.051718+00:00
Transparency Data Tenders,"Transparency Data for Tenders over £5,000. This information is provided as a live dataset in realtime.",https://data.gov.uk/dataset/42351c8b-148c-4a14-970d-03b6fc96365e,data.gov.uk,ogl-3.0,explicit,,[],general,2026-10-07T21:30:32.051718+00:00
Turnover and Orders in Production and Services Industries,"Monthly Turnover, Exports, and Orders data for Production and Services industries.
Source agency: Office for National Statistics
Designation: National Statistics
Language: English
Alternative title: TOPSI",https://data.gov.uk/dataset/5b7c6099-4e8b-4f7e-9cbf-0bdb8c962e96,data.gov.uk,ogl-3.0,explicit,,[],general,2026-10-07T21:30:32.051718+00:00
UK Official Holdings of International Reserves,"Monthly breakdown for government's net reserves, detailing gross reserves and gross liabilities.

Source agency: HM Treasury

Designation: National Statistics

Language: English

Alternative title: UK Reserves",https://data.gov.uk/dataset/ed5445a5-bd20-4f04-87ed-27b1ac7b74c5,data.gov.uk,ogl-3.0,explicit,,[],general,2026-10-07T21:30:32.051718+00:00
UK Property Transaction Statistics,"Monthly estimates of the number of residential and non-residential property transactions in the UK and its constituent countries, with value £40,000 or above. Previously listed under 'Revenue-based Taxes and Benefits: Property Transactions'.

Source agency: HM Revenue and Customs

Designation: National Statistics

Language: English

Alternative title: UK Property Transaction Statistics",https://data.gov.uk/dataset/f4dee494-f9b5-41d8-bae1-174c9153edd1,data.gov.uk,ogl-3.0,explicit,,[],general,2026-10-07T21:30:32.051718+00:00
UK Strategic Export Control Lists: The Consolidated List of Strategic Military and Dual-Use Items,The listing of strategic controlled goods which might require an export licence. The list incorporates the UK Military List and the EU Dual-Use List. ,https://data.gov.uk/dataset/22bc16d1-d97e-4abe-a07d-3ec262fc481e,data.gov.uk,ogl-3.0,explicit,,[],general,2026-10-07T21:30:32.051718+00:00
UK companies by R&D investment by region 2010,"Scoreboard ranking top 1,000 UK companies by research and development (R&D) investment by region for the UK.",https://data.gov.uk/dataset/2f70baab-382d-47bd-a7af-8fea1fb99148,data.gov.uk,ogl-3.0,explicit,,[],general,2026-10-07T21:30:32.051718+00:00
UK innovation survey 2009: science and innovation analysis,Underlying data from figures and tables in chapter 2 of the UK innovation survey 2009: science and innovation analysis [URN 10/P107A],https://data.gov.uk/dataset/e6bdea90-f0b1-42ec-9e38-080fec993c9f,data.gov.uk,ogl-3.0,explicit,,[],general,2026-10-07T21:30:32.051718+00:00
UK manufacturers‘ sales by product – quality indicators,"Annual indicators on standard errors, response rates, revisions and any product code changes for the ProdCom survey, UK.",https://data.gov.uk/dataset/b6c821be-b49a-4d44-a453-5170dd875ef4,data.gov.uk,cc-by,explicit,,[],general,2026-10-07T21:30:32.051718+00:00
UKCeMGA Annual Report 2008-09,"Output, Input, quality and productivity data for public services.

Source agency: Office for National Statistics

Designation: Official Statistics not designated as National Statistics

Language: English

Alternative title: Public Service Productivity",https://data.gov.uk/dataset/70839e9c-1669-42b6-bc27-2f562c5d46d0,data.gov.uk,ogl-3.0,explicit,,[],general,2026-10-07T21:30:32.051718+00:00
VAT Bulletin,"Bulletins provide a full historic series of data detailing amounts of goods cleared and amount of duty collected.
Source agency: HM Revenue and Customs
Designation: National Statistics
Language: English
Alternative title: Indirect Tax",https://data.gov.uk/dataset/6c0e11d7-3f8b-428c-8a02-27431855d66d,data.gov.uk,ogl-3.0,explicit,,[],general,2026-10-07T21:30:32.051718+00:00
VAT Bulletins,"Bulletins provide a full historic series of data detailing amounts of goods cleared and amount of duty collected.

Source agency: HM Revenue and Customs

Designation: National Statistics

Language: English

Alternative title: Indirect Tax",https://data.gov.uk/dataset/2a30caca-481d-49bc-b02f-1cc91fe5323e,data.gov.uk,ogl-3.0,explicit,,[],general,2026-10-07T21:30:32.051718+00:00
Vacant Commercial Properties,"Details of all currently vacant commercial properties and premises in Mole Valley, Surrey.  Data refreshed every week.  Data made available as CSV and CSV feed.  To save as CSV use CSV feed link and 'save page as' ""filename.CSV"" for correct comma separated formatting. This will provide you with a neatly formatted CSV file which can be opened in a spread sheet package such as Excel or Libre Office Calc , or within a simple text editor.",https://data.gov.uk/dataset/bacc48d2-a17a-4de9-9d74-2a812ba036d9,data.gov.uk,ogl-3.0,explicit,,[],general,2026-10-07T21:30:32.051718+00:00
Waste Contracts,Details of their existing waste collection contracts.,https://data.gov.uk/dataset/8301285f-d1b7-40b5-85ff-7a1e5ce56757,data.gov.uk,ogl-3.0,explicit,,[],general,2026-10-07T21:30:32.051718+00:00
Waveney District Council/Headcount & Turnover,"Headcount & Turnover
",https://data.gov.uk/dataset/bd23b03a-384c-40ca-9d14-e56a1acda2f6,data.gov.uk,ogl-3.0,explicit,,[],general,2026-10-07T21:30:32.051718+00:00
Wealth in Great Britain Wave 2,"Main results from the Wealth and Assets Survey incorporating results from the second wave of the survey.

Source agency: Office for National Statistics

Designation: National Statistics

Language: English

Alternative title: Wealth and Assets Survey Wave 2",https://data.gov.uk/dataset/6cba2c67-611d-49c7-ae30-46c92c7b4a15,data.gov.uk,ogl-3.0,explicit,,[],general,2026-10-07T21:30:32.051718+00:00
Wider Measures of Public Sector Debt,"This article is intended to address a recommendation made in the conclusion of a series of articles published by ONS in July 2009 in response to the financial crisis.

Source agency: Office for National Statistics

Designation: Supporting material

Language: English

Alternative title: Wider Measures of Public Sector Debt",https://data.gov.uk/dataset/15670898-078f-45ee-ace8-64acde0a37c9,data.gov.uk,ogl-3.0,explicit,,[],general,2026-10-07T21:30:32.051718+00:00
Work Programme for Consumer Price Statistics,"This article provides an update on the work programme for consumer price statistics, including key priorities and other projects which form part of the ongoing development of the statistics.

Source agency: Office for National Statistics

Designation: National Statistics

Language: English

Alternative title: Work Programme",https://data.gov.uk/dataset/10a4d44b-69fa-44f5-b471-69cd12e5f103,data.gov.uk,ogl-3.0,explicit,,[],general,2026-10-07T21:30:32.051718+00:00
effects on prices in the uk,Effects on prices in the uk during 2014,https://data.gov.uk/dataset/4b14de53-5596-4c94-b7d6-861605cfcc80,data.gov.uk,ogl-3.0,explicit,,[],general,2026-10-07T21:30:32.051718+00:00
hospitality received by ministers in the scotland office,Hospitality received by David Mundell acting as the Parliamentary under Secretary of State for the Scotland Office,https://data.gov.uk/dataset/bb314f0b-606f-489f-b88c-701678409b91,data.gov.uk,ogl-3.0,explicit,,[],general,2026-10-07T21:30:32.051718+00:00
